impl,trial,bin,min_since_churn,min_since_start,phase,millicores,user_millicores,system_millicores,cycles_per_s,instructions_per_s,wakeups_per_s,vol_cs_per_s,nonvol_cs_per_s,pgfault_per_s,net_rx_pkts_per_min,net_tx_pkts_per_min,anon_mib,rss_mib,mem_mib,threads,load1
go,1,-66,-66.0,0.1152719497680664,warmup,0.06795524278971976,0.04221900190340036,0.0257362408863194,,,2.1687843443527584,0.14458562295685057,0.0,1.1566849836548045,164.82761017080963,34.700549509644134,3.467684659090909,22.825520833333332,4.011126893939394,6.0,0.17
go,1,-65,-65.0,1.1161600510279337,warmup,0.007526648906956486,0.000732682636960366,0.006777314391883385,,,0.04995563433820677,0.0,0.0,0.03330375622547118,8.992014180877218,4.995563433820676,3.481231960479574,22.848655361900533,3.969152420071048,6.0,0.25
go,1,-64,-64.0,2.11517071723938,warmup,0.025375104448218708,0.012078616450039673,0.013313171170071353,,,1.1845052043547193,0.0,0.0,0.0,5.004951567695998,4.003961254156798,3.48828125,22.85546875,4.005880152925532,6.0,0.43
go,1,-63,-63.0,3.1162305514017743,warmup,0.006043594791776008,0.003712731786683333,0.0023308630050926753,,,0.11654315025463377,0.0,0.0,0.03329804292989536,3.9957651515874435,3.9957651515874435,3.4892629977876104,22.856478152654866,3.9899059734513274,6.0,0.4
go,1,-62,-62.0,4.1156539678573605,warmup,0.004185746766039712,0.002584823700144046,0.001600923065895667,,,0.08338140968206599,0.0,0.0,0.0,4.002307664739168,3.0017307485543756,3.49609375,22.86328125,3.988530585106383,6.0,0.14
go,1,-61,-61.0,5.115639666716258,warmup,0.03550050769776982,0.011900170186012983,0.023583670606734407,,,0.5000071506728143,0.016666905022427146,0.0,0.10000143013456286,7.000100109419401,7.000100109419401,3.5008518949468086,22.867256759751772,4.047636857269503,6.0,0.17
go,1,-60,-60.0,6.115378101666768,idle_pre,0.01660434311582883,0.01638761976190737,0.00021672335392146063,,,0.18338129947200515,0.0,0.0,0.01667102722472774,3.000784900450993,3.000784900450993,3.520650300266904,22.88395935275801,4.0259883785587185,6.0,0.13
go,1,-59,-59.0,7.1154335021972654,idle_pre,0.015265820932088553,0.012499307531731894,0.0027665134003566592,,,0.983278859162909,0.0,0.0,0.08332871687821262,2.9998338076156545,2.9998338076156545,3.527870124113475,22.89131759751773,4.041084884751773,6.0,0.09
go,1,-58,-58.0,8.11611485083898,idle_pre,0.0050798721693306815,0.0050798721693306815,0.0,,,0.09993191152781669,0.0,0.0,0.0,3.997276461112668,2.9979573458345006,3.5390625,22.90234375,3.9901997451241136,6.0,0.1
go,1,-57,-57.0,9.116165153185527,idle_pre,0.004499773650826431,0.003916469659052634,0.0005833039917737966,,,0.09999497001836513,0.0,0.0,0.0,2.999849100550954,2.999849100550954,3.5390625,22.90234375,4.045639986678508,6.0,0.15
go,1,-56,-56.0,10.116254317760468,idle_pre,0.04239621975908607,0.0226313154217134,0.019781569518095586,,,0.4999554216873358,0.0,0.0,0.16665180722911194,5.9994650602480295,5.9994650602480295,3.5513768838652484,22.91470661569149,4.0518755540780145,6.0,0.15
go,1,-55,-55.0,11.115502083301545,idle_pre,0.016912722332532736,0.016545779638927487,0.00035026348025955366,,,0.15011292011123728,0.0,0.0,0.0,4.003011202966327,4.003011202966327,3.56640625,22.9296875,4.038860572638146,6.0,0.16
go,1,-54,-54.0,12.1163774172465,idle_pre,0.02016568162768144,0.009641560414886502,0.010540773303321512,,,0.9824733410678819,0.0,0.0,0.033304181053148536,2.9973762947833684,2.9973762947833684,3.5698553856382977,22.933247451241133,4.074163342198582,6.0,0.26
go,1,-53,-53.0,13.115767419338226,idle_pre,0.005386619159753454,0.0,0.0053699423202495725,,,0.10006103702328396,0.0,0.0,0.033353679007761323,3.001831110698519,3.001831110698519,3.577674011989343,22.941024644760212,4.088157748667851,6.0,0.12
go,1,-52,-52.0,14.115129017829895,idle_pre,0.004069264491255684,0.0009506068688589096,0.0031186576223967734,,,0.0667092539550112,0.0,0.0,0.0,3.0019164279755044,3.0019164279755044,3.58203125,22.9453125,4.060147924067495,6.0,0.12
go,1,-51,-51.0,15.11522315343221,idle_pre,0.030730440504807,0.028980605226604866,0.0017665003760897733,,,0.6832690133932142,0.0,0.0,0.08332548943819686,5.9994352395501735,5.9994352395501735,3.593791629662522,22.957350410746002,4.101833092806395,6.0,0.1
go,1,-50,-50.0,16.116655067602792,idle_pre,0.02316682709199952,0.02226811397205126,0.0008820702843936598,,,1.0651414754942308,0.0,0.0,0.0,3.9942805331033653,2.995710399827524,3.6015625,22.96484375,4.079741618561279,6.0,0.12
go,1,-49,-49.0,17.115427966912588,idle_pre,0.005506757345739754,0.0034542386986913002,0.0020692057905203924,,,0.08343571735969324,0.0,0.0,0.03337428694387729,3.0036858249489566,3.0036858249489566,3.606238898756661,22.969658914298403,4.108049789076377,6.0,0.09
go,1,-48,-48.0,18.116007236639657,idle_pre,0.006429608855566395,0.005796642180666076,0.0006329666749003187,,,0.09994210656320822,0.0,0.0,0.0,2.9982631968962465,2.9982631968962465,3.609375,22.97265625,4.115425857843137,6.0,0.16
go,1,-47,-47.0,19.115800066788992,idle_pre,0.01653675925127794,0.01652008913106496,0.0,,,0.18337132234279976,0.0,0.0,0.0,3.0006216383367232,3.0006216383367232,3.609375,22.97265625,4.102857657358156,6.0,0.15
go,1,-46,-46.0,20.115098985036216,idle_pre,0.028069679139851256,0.028069679139851256,0.0,,,0.3836022698850736,0.0,0.0,0.05003507868066178,4.002806294452943,4.002806294452943,3.6185335257548847,22.981835590586147,4.191024644760213,6.0,0.12
go,1,-45,-45.0,21.115812234083812,idle_pre,0.013273865761221209,0.013273865761221209,0.0,,,1.0659064099349527,0.0,0.0,0.0,2.9978617779420547,2.9978617779420547,3.62109375,22.984375,4.095225232712766,6.0,0.16
go,1,-44,-44.0,22.115170550346374,idle_pre,0.004219374170454008,0.004219374170454008,0.0,,,0.06670947305065626,0.0,0.0,0.0,4.0025683830393755,4.0025683830393755,3.62109375,22.984375,4.1353588476909415,6.0,0.2
go,1,-43,-43.0,23.116258335113525,idle_pre,0.004461813174261832,0.004461813174261832,0.0,,,0.06659422648151987,0.0,0.0,0.0,2.9967401916683944,2.9967401916683944,3.62109375,22.984375,4.140826210035524,6.0,0.28
go,1,-42,-42.0,24.115390968322753,idle_pre,0.0157803540216917,0.0157803540216917,0.0,,,0.21685475928328973,0.0,0.0,0.0,3.002604359307089,3.002604359307089,3.62109375,22.984375,4.099754820478723,6.0,0.23
go,1,-41,-41.0,25.115592336654665,idle_pre,0.028960834871657862,0.027811066398617364,0.0011664317842439876,,,0.41658278008713845,0.0,0.0,0.14996980083136985,5.9987920332547935,5.9987920332547935,3.6537522202486676,23.017782804174068,4.128809114120782,6.0,0.14
go,1,-40,-40.0,26.115664386749266,idle_pre,0.008699373209337268,0.005699589344048555,0.002999783865288713,,,1.116586216524132,0.0,0.0,0.0,0.0,0.0,3.65625,23.01953125,4.10546875,6.0,0.18
go,1,-39,-39.0,27.11639538606008,idle_pre,0.004063696107612655,0.0,0.004063696107612655,,,0.04996347673294248,0.0,0.0,0.01665449224431416,2.997808603976549,2.997808603976549,3.6599550399644762,23.02327098134991,4.1922596580817055,6.0,0.17
go,1,-38,-38.0,28.116710849603017,idle_pre,0.014528750042370503,0.0071310837363928615,0.0073810048953785925,,,0.08330705299524371,0.0,0.0,0.0,2.999053907828774,2.999053907828774,3.66015625,23.0234375,4.159565447064057,6.0,0.19
go,1,-37,-37.0,29.116697267691293,idle_pre,0.04238390898784367,0.03661716399775562,0.00576674499008805,,,0.48333989801316024,0.0,0.0,0.26667028855898495,9.000122238865742,9.000122238865742,3.672867173623446,23.0368144982238,4.254995559502665,6.0,0.11
go,1,-36,-36.0,30.115897353490194,idle_pre,0.0006505203604744486,0.0006672003697173832,0.0,,,0.03336001848586916,0.0,0.0,0.0,0.0,0.0,3.71484375,23.078125,4.223420818505338,6.0,0.15
go,1,-35,-35.0,31.116743302345277,idle_pre,0.024212850500174434,0.006710989512771869,0.017485208407966406,,,1.4321218315096296,0.0,0.0,0.0,2.9974642985085267,2.9974642985085267,3.71484375,23.078125,4.180936389875666,6.0,0.35
go,1,-34,-34.0,32.11535450220108,idle_pre,0.0032044503410957816,0.002086230690817566,0.0011182196502782153,,,0.08344922763270264,0.0,0.0,0.0,3.0041721947772952,3.0041721947772952,3.71484375,23.078125,4.192087411032029,6.0,0.29
go,1,-33,-33.0,33.11599864959717,idle_pre,0.004297231949229519,0.004080704757989272,0.00021652719124024708,,,0.1165915645139792,0.0,0.0,0.06662375115084526,3.9974250690507156,2.998068801788037,3.7161758992007106,23.07965142095915,4.179854018650089,6.0,0.21
go,1,-32,-32.0,34.11547545194626,idle_pre,0.02194481480889099,0.021961490200083155,0.0,,,0.4002093886119937,0.0,0.0,0.05002617357649921,6.003140829179905,6.003140829179905,3.7335909746891653,23.097059558170514,4.2261600799289525,6.0,0.21
go,1,-31,-31.0,35.116161449750265,idle_pre,0.003664153065710048,0.003664153065710048,0.0,,,0.08327620603886472,0.0,0.0,0.0,2.99794341739913,2.99794341739913,3.7421875,23.10546875,4.239807670959148,6.0,0.14
go,1,-30,-30.0,36.11592133442561,idle_pre,0.01870449123498542,0.01870449123498542,0.0,,,1.066922851193464,0.0,0.0,0.03334133909979575,3.000720518981618,3.000720518981618,3.744389960106383,23.107712765957448,4.24432070035461,6.0,0.17
go,1,-29,-29.0,37.115962433815,idle_pre,0.0037998438287388456,0.003783177847033851,0.0,,,0.09999589022996963,0.0,0.0,0.0,2.999876706899089,2.999876706899089,3.75,23.11328125,4.269822657637655,6.0,0.17
go,1,-28,-28.0,38.11519840161006,idle_pre,0.0034359585162946405,0.0034359585162946405,0.0,,,0.10007646163964973,0.0,0.0,0.0,3.002293849189492,3.002293849189492,3.75,23.11328125,4.231576906028369,6.0,0.13
go,1,-27,-27.0,39.115471585591635,idle_pre,0.023110353288339696,0.017828462882857585,0.005298552520325899,,,0.41655287109480343,0.0,0.0,0.11663480390654496,5.998361343765169,5.998361343765169,3.7622391207815276,23.125777087033747,4.245032193605684,6.0,0.06
go,1,-26,-26.0,40.11593679984411,idle_pre,0.0007996280016569536,0.0005330853344379691,0.00026654266721898453,,,0.033317833402373064,0.0,0.0,0.0,0.0,0.0,3.77734375,23.140625,4.2265625,6.0,0.09
go,1,-25,-25.0,41.11508780320485,idle_pre,0.025221412894784852,0.02225222539791203,0.0029525066682387032,,,1.2177004902905384,0.0,0.0,0.0,3.002549154141054,3.002549154141054,3.77734375,23.140625,4.274963920959148,6.0,0.05
go,1,-24,-24.0,42.11519485314687,idle_pre,0.0016831531518860187,0.0016831531518860187,0.0,,,0.06665953076776313,0.0,0.0,0.0,2.9996788845493407,2.9996788845493407,3.77734375,23.140625,4.254931294326241,6.0,0.15
go,1,-23,-23.0,43.11674365202586,idle_pre,0.024761649185499616,0.024778290078769437,0.0,,,0.28289518558702514,0.0,0.0,0.03328178653965002,2.9953607885685014,2.9953607885685014,3.7808420907079645,23.14423396017699,4.263177544247788,6.0,0.2
go,1,-22,-22.0,44.11658209959666,idle_pre,0.025954192962921067,0.025954192962921067,0.0,,,0.35005655248641127,0.0,0.0,0.11668551749547043,6.0009694711956225,6.0009694711956225,3.8014265097690942,23.165339142984013,4.318439165186501,6.0,0.21
go,1,-21,-21.0,45.115086102485655,idle_pre,0.010432273317410702,0.010432273317410702,0.0,,,1.0348815130871416,0.0,0.0,0.016691637307857124,3.0044947154142823,3.0044947154142823,3.8148548315602837,23.17824689716312,4.283812610815603,6.0,0.21
go,1,-20,-20.0,46.11537045240402,idle_pre,0.014912426319460097,0.014895764390611537,0.0,,,0.0499857865456763,0.0,0.0,0.0,2.999147192740578,2.999147192740578,3.81640625,23.1796875,4.276686946902655,6.0,0.16
go,1,-19,-19.0,47.11628166834513,idle_pre,0.0036966315703846507,0.002980617347292128,0.0007326657166528136,,,0.08325746780145608,0.0,0.0,0.0,2.9972688408524193,2.9972688408524193,3.81640625,23.1796875,4.299695796460177,6.0,0.35
go,1,-18,-18.0,48.116175750891365,idle_pre,0.0027169544395629027,0.0018501959680459032,0.0008667584715169997,,,0.05000529643367306,0.0,0.0,0.0,3.000317786020384,3.000317786020384,3.81640625,23.1796875,4.2918239342806395,6.0,0.25
go,1,-17,-17.0,49.11635229984919,idle_pre,0.029678093696820933,0.014697405188431255,0.014980688508389682,,,0.39992939288248314,0.0,0.0,0.08331862351718398,5.998940893237247,5.998940893237247,3.8316087655141846,23.194993905141843,4.3465273160460995,6.0,0.18
go,1,-16,-16.0,50.11597710053126,idle_pre,0.010470595226854127,0.010470595226854127,0.0,,,1.0170482624810535,0.0,0.0,0.03334584467150995,3.001126020435896,3.001126020435896,3.842098690053286,23.205407693161636,4.4522022091474245,6.0,0.22
go,1,-15,-15.0,51.11656363407771,idle_pre,0.006612788044642935,0.006612788044642935,0.0,,,0.09994138102734915,0.0,0.0,0.0,2.9982414308204746,2.9982414308204746,3.84375,23.20703125,4.320837942477876,6.0,0.25
go,1,-14,-14.0,52.1161351164182,idle_pre,0.014973082897105312,0.014973082897105312,0.0,,,0.08336905844713426,0.0,0.0,0.0,3.001286104096833,3.001286104096833,3.84375,23.20703125,4.352577290925267,6.0,0.22
go,1,-13,-13.0,53.116048367818195,idle_pre,0.0023168676516918505,0.0023168676516918505,0.0,,,0.08334056301049822,0.0,0.0,0.0,4.000347024503914,3.000260268377936,3.84375,23.20703125,4.366550310283688,6.0,0.24
go,1,-12,-12.0,54.11647768417994,idle_pre,0.029004214682743792,0.029004214682743792,0.0,,,0.44980689054226447,0.0,0.0,0.08329757232264157,5.997425207230193,5.997425207230193,3.862457058953901,23.22620927526596,4.380873226950355,6.0,0.11
go,1,-11,-11.0,55.11622556845347,idle_pre,0.024589532741243973,0.012153063978553801,0.012419797893035092,,,1.0669356579251623,0.0,0.0,0.0,3.0007565379145187,3.0007565379145187,3.86328125,23.2265625,4.31684258643617,6.0,0.04
go,1,-10,-10.0,56.11557135184606,idle_pre,0.00438620286008788,0.004402880437502662,0.0,,,0.06671030965913124,0.0,0.0,0.0,3.001963934660906,3.001963934660906,3.86328125,23.2265625,4.31481327570922,6.0,0.08
go,1,-9,-9.0,57.11558820009232,idle_pre,0.005633238423145158,0.005633238423145158,0.0,,,0.09999831520376021,0.0,0.0,0.0,2.999949456112806,2.999949456112806,3.86328125,23.2265625,4.3490046708185055,6.0,0.08
go,1,-8,-8.0,58.11653261979421,idle_pre,0.048554144509316784,0.04697230509629035,0.0015818394130264386,,,0.6493867064003274,0.0,0.0,0.09990564713851191,8.991508242466072,8.991508242466072,3.872181128102837,23.235649379432623,4.42534491356383,6.0,0.03
go,1,-7,-7.0,59.116752700010935,idle_pre,0.0073317197668580705,0.0073317197668580705,0.0,,,0.0833149973506599,0.0,0.0,0.03332599894026396,2.9993399046237563,2.9993399046237563,3.8837544326241136,23.247104942375888,4.398929244237588,6.0,0.21
go,1,-6,-6.0,60.11551300287247,idle_pre,0.01491849441483633,0.011964832768945916,0.00293697429195883,,,1.084678005552977,0.0,0.0,0.0,3.003723707685167,3.003723707685167,3.890625,23.25390625,4.372001052748227,6.0,0.14
go,1,-5,-5.0,61.11610954999924,idle_pre,0.006762632437716545,0.0047305113603731495,0.002032121077343395,,,0.09994038085295387,0.0,0.0,0.0,2.9982114255886163,2.9982114255886163,3.890625,23.25390625,4.359499667553192,6.0,0.1
go,1,-4,-4.0,62.11533918380737,idle_pre,0.01826407002207084,0.017797043574017887,0.000467026448052953,,,0.20015419202269413,0.0,0.0,0.0,3.002312880340412,3.002312880340412,3.890625,23.25390625,4.366875277531084,6.0,0.17
go,1,-3,-3.0,63.116767319043475,idle_pre,0.023766058853927376,0.02146933888064868,0.0022967199732786964,,,0.33285796714184,0.0,0.0,0.116500288499644,4.9928695071276,4.9928695071276,3.8977518284574466,23.26166334219858,4.398215868794326,6.0,0.35
go,1,-2,-2.0,64.11625396807989,idle_pre,0.004352234223632482,0.0030682417515263474,0.0013006676990166039,,,0.0833761345523464,0.0,0.0,0.01667522691046928,3.00154084388447,3.00154084388447,3.919018294039146,23.282313445284696,4.423424988879003,6.0,0.49
go,1,-1,-1.0,65.11508088509241,idle_pre,0.02439528435972349,0.02215932806409904,0.0022192700546123283,,,1.0679194247758572,0.0,0.0,0.0,3.003523382182099,3.003523382182099,3.921875,23.28515625,4.42755429964539,6.0,0.35
go,1,0,0.0,66.11539703607559,create,1.5015919368994888,0.9876044345536948,0.5140041637449428,,,20.710119142138215,0.033322798297889325,0.016661399148944663,7.547613814471932,200.93647373627263,200.93647373627263,4.880159851507092,24.2505194481383,5.49989611037234,6.0,0.27
go,1,1,1.0,67.11562730073929,delete,0.03917431287335402,0.017062737721103578,0.02211157515225044,,,0.6498503624248433,0.016662829805765212,0.0,0.09997697883459128,7.998158306767301,5.998618730075477,5.35954092920354,24.719206305309733,5.938163716814159,6.0,0.18
go,1,2,2.0,68.11620611747107,post_near,0.11788176806027599,0.09507830042222062,0.022786810612753644,,,1.3825331000428016,0.0,0.0,1.798958732585814,3.9976860724129204,3.9976860724129204,5.502945243362832,24.86180171460177,6.044462112831859,6.0,0.14
go,1,3,3.0,69.11558958292008,post_near,0.004486099168469838,0.0030852354876093687,0.0014175406294421424,,,0.10006169149003358,0.0,0.0,0.033353897163344526,3.001850744701007,3.001850744701007,5.650067995115453,25.009547069271758,6.137308503552398,6.0,0.18
go,1,4,4.0,70.11637603441874,post_near,0.06005277140792711,0.06005277140792711,0.0,,,1.6820105136441037,0.0,0.0,0.2498035416303124,2.997642499563749,2.997642499563749,5.6773811502659575,25.037795046542552,6.162608045212766,6.0,0.08
go,1,5,5.0,71.1160477201144,post_near,0.029442999891360695,0.01477151636678685,0.014671483524573845,,,0.400131368852014,0.0,0.0,0.0,3.000985266390105,3.000985266390105,5.326508381438721,24.68588338143872,5.8175510657193605,6.0,0.09
go,1,6,6.0,72.11543733676275,post_near,0.0768969366098991,0.07254427982065953,0.004352656789239571,,,0.750458067110271,0.0,0.0,0.2334758431009732,3.001832268441084,3.001832268441084,4.85546875,24.21503836743772,5.372233652135232,6.0,0.38
go,1,7,7.0,73.11579763491949,post_near,0.022375271564232222,0.020442634556450436,0.0019159763439215976,,,0.19992796632225365,0.0,0.0,0.0,4.998199158056342,4.998199158056342,4.85546875,24.21484375,5.374486567495559,6.0,0.35
go,1,8,8.0,74.11678621768951,post_near,0.056860455400162026,0.05394666925227671,0.0029304363544446605,,,0.8824609476452672,0.0,0.0,0.29970371806820395,2.9970371806820397,2.9970371806820397,4.861849421708185,24.22310108985765,5.386148798932385,6.0,0.13
go,1,9,9.0,75.11520975033442,post_near,0.00352221933045861,0.0024538684434948607,0.001068350886963749,,,0.06677193043523431,0.0,0.0,0.0,3.004736869585544,3.004736869585544,4.92578125,24.28515625,5.420337433510638,6.0,0.11
go,1,10,10.0,76.11578381856283,post_near,0.004997131305684245,0.0034979919139789713,0.0014991393917052735,,,0.0999426261136849,0.0,0.0,0.0,2.998278783410547,2.998278783410547,4.92578125,24.28515625,5.44657526642984,6.0,0.12
go,1,11,11.0,77.11600404977798,post_near,0.08306503981867683,0.07743294684802231,0.0056154299736999175,,,0.9331278294575531,0.016662996954599163,0.0,0.0,2.9993394518278493,2.9993394518278493,4.92578125,24.28515625,5.419488232682061,6.0,0.1
go,1,12,12.0,78.11580373446147,post_mid,0.030856180965656677,0.030856180965656677,0.0,,,0.43342015402867295,0.0,0.0,0.0,5.001001777253919,5.001001777253919,4.92578125,24.28515625,5.416334219858156,6.0,0.21
go,1,13,13.0,79.11533245245616,post_mid,0.058077370819783085,0.058094045344853365,0.0,,,0.5335848022489402,0.0,0.0,0.0,3.0014145126502885,3.0014145126502885,4.92578125,24.28515625,5.410642793594306,6.0,0.1
go,1,14,14.0,80.11522159973781,post_mid,0.003017001109440923,0.003017001109440923,0.0,,,0.06667405766720272,0.0,0.0,0.0,3.000332595024122,3.000332595024122,4.92578125,24.28515625,5.4172679840142095,6.0,0.1
go,1,15,15.0,81.11580440203349,post_mid,0.0031981361189279763,0.0031981361189279763,0.0,,,0.0666278358109995,0.0,0.0,0.0,2.9982526114949777,2.9982526114949777,4.92578125,24.28515625,5.414117907801418,6.0,0.07
go,1,16,16.0,82.1151730855306,post_mid,0.14540846543055275,0.10046342421764534,0.04492836401765215,,,2.1847125784381705,0.0,0.0,0.0,3.001895145945578,3.001895145945578,4.92578125,24.28515625,5.422264928698752,6.0,0.41
go,1,17,17.0,83.11525848309199,post_mid,0.020148279386074202,0.0,0.020148279386074202,,,0.33330486991024316,0.0,0.0,0.0,4.999573048653647,4.999573048653647,4.92578125,24.28515625,5.464649822695035,6.0,0.34
go,1,18,18.0,84.1159787495931,post_mid,0.04336876293286492,0.039621461988204945,0.003747300944659988,,,0.6328774928759091,0.0,0.0,0.0,0.0,0.0,4.92578125,24.28515625,5.390625,6.0,0.12
go,1,19,19.0,85.11510015328726,post_mid,0.004570682451383653,0.0032361766261621485,0.0013345058252215046,,,0.13345058252215045,0.0,0.0,0.0,3.0026381067483854,3.0026381067483854,4.92578125,24.28515625,5.414124944493783,6.0,0.12
go,1,20,20.0,86.11597148577373,post_mid,0.0045626910457327915,0.004429473788923075,0.00014986941391093112,,,0.08326078550607284,0.0,0.0,0.0,2.9973882782186223,2.9973882782186223,4.92578125,24.28515625,5.4552966807282415,6.0,0.05
go,1,21,21.0,87.11549240350723,post_mid,0.10316609171170879,0.10029805101760601,0.002868040694102782,,,1.2839484502669432,0.0,0.0,0.0,8.003834495170555,8.003834495170555,4.92578125,24.28515625,5.514742270907473,6.0,0.24
go,1,22,22.0,88.11625078519185,post_mid,0.0050128650016619284,0.0006161993523637585,0.004396665649298169,,,0.09992421930223112,0.0,0.0,0.0,3.996968772089245,3.996968772089245,4.92578125,24.28515625,5.414534302841918,6.0,0.17
go,1,23,23.0,89.11626655260721,post_mid,0.06058237810581397,0.043849308609737694,0.016733069496076267,,,0.716655366863824,0.0,0.0,0.0,2.9999526984997287,2.9999526984997287,4.92578125,24.28515625,5.435776245551601,6.0,0.12
go,1,24,24.0,90.11666746934254,post_mid,0.005081296156666951,0.005081296156666951,0.0,,,0.09995992439344822,0.0,0.0,0.0,0.9995992439344822,0.9995992439344822,4.92578125,24.28515625,5.410301695478723,6.0,0.07
go,1,25,25.0,91.11575378576914,post_mid,0.06078887512998536,0.060638737952112186,0.00015013717787318008,,,0.7673677980184761,0.0,0.0,0.0,3.002743557463602,3.002743557463602,4.92578125,24.28515625,5.411717362344582,6.0,0.09
go,1,26,26.0,92.1162161509196,post_mid,0.02069043346461822,0.014876454978988787,0.005813978485629436,,,0.31652031870188907,0.0,0.0,0.0,6.996764939725969,6.996764939725969,4.92578125,24.28515625,5.459174502212389,6.0,0.13
go,1,27,27.0,93.11638905207316,post_mid,0.004632532363143821,0.00044992220793123447,0.004165946369733653,,,0.09998271287360765,0.0,0.0,0.0,2.9994813862082292,2.9994813862082292,4.92578125,24.28515625,5.459119671403197,6.0,0.12
go,1,28,28.0,94.11519706646601,post_mid,0.0618570660657841,0.049342148464128294,0.012531604158458014,,,0.8009547265059717,0.0,0.0,0.0,3.003580224397394,3.003580224397394,4.92578125,24.28515625,5.444105239786857,6.0,0.13
go,1,29,29.0,95.11586883465449,post_mid,0.003997314731124302,0.002864742223972416,0.0011325725071518855,,,0.06662191218540503,0.0,0.0,0.0,2.9979860483432264,2.9979860483432264,4.92578125,24.28515625,5.432060390763765,6.0,0.06
go,1,30,30.0,96.11654403607051,post_mid,0.04327078350570484,0.03737476450608224,0.005879363578719711,,,0.5995951525039932,0.0,0.0,0.0,2.997975762519966,2.997975762519966,4.92578125,24.28515625,5.4168398160460995,6.0,0.14
go,1,31,31.0,97.11625320116678,post_mid,0.019872446267663546,0.009986237679807436,0.009886208587856108,,,0.3667733371548641,0.016671515325221094,0.016671515325221094,0.0,4.001163678053063,4.001163678053063,4.92578125,24.28515625,5.397647938829787,6.0,0.12
go,1,32,32.0,98.11606628497442,post_late,0.05657724186929182,0.05437683057679137,0.0022004112925004477,,,0.5501028231251119,0.0,0.0,0.0,0.0,0.0,4.92578125,24.28515625,5.390625,6.0,0.1
go,1,33,33.0,99.11556504964828,post_late,0.01377357046675156,0.012856444103953334,0.0009171263627982273,,,0.16675024778149589,0.0,0.0,0.0,3.0015044600669256,3.0015044600669256,4.92578125,24.28515625,5.413073752228164,6.0,0.16
go,1,34,34.0,100.1163611014684,post_late,0.018618512032941598,0.007793795734719738,0.01082471629822186,,,0.1998409162748651,0.0,0.0,0.0,2.997613744122977,2.997613744122977,4.92578125,24.28515625,5.415004432624113,6.0,0.15
go,1,35,35.0,101.11530239979426,post_late,0.08262080411697105,0.08227043317867211,0.00036705526869413636,,,0.9510068325257168,0.0,0.0,0.0,3.003179471133843,3.003179471133843,4.92578125,24.28515625,5.4313526865008885,6.0,0.13
go,1,36,36.0,102.11583096981049,post_late,0.0219717197410733,0.021955061879252922,0.0,,,0.3164993745871059,0.0,0.0,0.0,4.997358546112198,4.997358546112198,4.92578125,24.28515625,5.403821603019538,6.0,0.17
go,1,37,37.0,103.11536166667938,post_late,0.0944109740323906,0.0944276485244486,0.0,,,1.083841983769938,0.0,0.0,0.0,3.0014085704398283,3.0014085704398283,4.92578125,24.28515625,5.411513741134752,6.0,0.36
go,1,38,38.0,104.11526941855749,post_late,0.0042170556821332795,0.0042170556821332795,0.0,,,0.0833410213860332,0.0,0.0,0.0,3.0002767698971953,3.0002767698971953,4.92578125,24.28515625,5.432291666666667,6.0,0.26
go,1,39,39.0,105.11532731850942,post_late,0.005033041920448054,0.005016376218724716,0.0,,,0.09999421034002755,0.0,0.0,0.0,2.9998263102008265,2.9998263102008265,4.92578125,24.28515625,5.420376332149201,6.0,0.2
go,1,40,40.0,106.1156712849935,post_late,0.09511728284264635,0.09513394377850948,0.0,,,1.2495701897352383,0.0,0.0,0.0,2.998968455364572,2.998968455364572,4.92578125,24.28515625,5.413311832740214,6.0,0.13
go,1,41,41.0,107.1164767662684,post_late,0.0247300803833239,0.0247300803833239,0.0,,,0.3330650556676619,0.0,0.0,0.0,5.995171002017915,5.995171002017915,4.92578125,24.28515625,5.428745567375887,6.0,0.25
go,1,42,42.0,108.11548368533452,post_late,0.04696330502948385,0.04694662179501512,0.0,,,0.7006958476867927,0.0,0.0,0.0,3.002982204371969,3.002982204371969,4.92578125,24.28515625,5.454011524822695,6.0,0.12
go,1,43,43.0,109.11583801905314,post_late,0.022941870921564314,0.022941870921564314,0.0,,,0.06664305278595298,0.0,0.0,0.0,2.998937375367884,2.998937375367884,4.92578125,24.28515625,5.448454181494662,6.0,0.12
go,1,44,44.0,110.11602435111999,post_late,0.0031994038484682145,0.0031994038484682145,0.0,,,0.0999813702646317,0.0,0.0,0.0,2.999441107938951,2.999441107938951,4.92578125,24.28515625,5.451244469026548,6.0,0.05
go,1,45,45.0,111.11541003386179,post_late,0.0740788412439769,0.0740788412439769,0.0,,,0.8838763138070184,0.0,0.0,0.0,3.0018440846276095,3.0018440846276095,4.92578125,24.28515625,5.469968971631205,6.0,0.28
go,1,46,46.0,112.11611433426539,post_late,0.03812314985017421,0.01635514772951991,0.0217680021206543,,,0.5163030342312803,0.0,0.0,0.0,4.996480976431744,4.996480976431744,4.92578125,24.28515625,5.443022868561279,6.0,0.29
go,1,47,47.0,113.1167341351509,post_late,0.06271113158511168,0.05649831562727725,0.006229472300884932,,,0.916098867777196,0.0,0.0,0.0,2.998141749089005,2.998141749089005,4.92578125,24.28515625,5.498781028368795,6.0,0.19
go,1,48,48.0,114.11619704961777,post_late,0.016825703508606075,0.01670897414828869,0.00010005373741490233,,,0.20010747482980468,0.0,0.0,0.0,3.00161212244707,3.00161212244707,4.92578125,24.28515625,5.416777482269503,6.0,0.13
go,1,49,49.0,115.11556420326232,post_late,0.0027183869879646707,0.0020346209357772383,0.0006837660521874326,,,0.06670888314023732,0.0,0.0,0.0,3.0018997413106794,3.0018997413106794,4.92578125,24.28515625,5.456227836879433,6.0,0.11
go,1,50,50.0,116.11559781630834,post_late,0.150711600790695,0.1484950086304426,0.002216592160252398,,,1.416619049785367,0.0,0.0,0.0,6.99976471658652,6.99976471658652,4.92578125,24.28515625,5.508742229129663,6.0,0.07
go,1,51,51.0,117.11535070339839,post_late,0.08158682782510435,0.08127008288667423,0.00031674493843011496,,,0.08335393116581973,0.0,0.0,0.0,3.00074152196951,3.00074152196951,4.92578125,24.28515625,5.403922872340425,6.0,0.49
go,1,52,52.0,118.11650938590368,post_late,0.07945793348256727,0.0761950474648461,0.003279533395362613,,,1.19861119018329,0.0,0.0,0.0,2.9965279754582257,2.9965279754582257,4.92578125,24.28515625,5.391511524822695,6.0,0.35
go,1,53,53.0,119.1167618672053,post_late,0.01181368393237043,0.00898106578215467,0.0028326181502157585,,,0.08331229853575761,0.0,0.0,0.0,2.999242747287274,2.999242747287274,4.92578125,24.28515625,5.3995059946714035,6.0,0.13
go,1,54,54.0,120.11542035341263,post_late,0.08962022677031493,0.08778443069122095,0.0018191070238294835,,,0.9512761500759684,0.0,0.0,0.0,3.0040299476083216,3.0040299476083216,4.92578125,24.28515625,5.401765819964349,6.0,0.12
go,1,55,55.0,121.1160055200259,post_late,0.019771763557414248,0.019788420477007688,0.0,,,0.34979531146225706,0.0,0.0,0.0,4.997075878032244,4.997075878032244,4.92578125,24.28515625,5.432291666666667,6.0,0.17
go,1,56,56.0,122.11625105142593,post_late,0.0033325150962360845,0.0,0.0033325150962360845,,,0.09997545288708252,0.0,0.0,0.0,2.999263586612476,2.999263586612476,4.92578125,24.28515625,5.44603280141844,6.0,0.27
go,1,57,57.0,123.11588390270869,post_late,0.04641704195741295,0.0357631303874464,0.010637238781907133,,,0.5335292179012983,0.0,0.0,0.0,4.001469134259737,3.001101850694803,4.92578125,24.28515625,5.4401785714285715,6.0,0.27
go,1,58,58.0,124.11542145013809,post_late,0.044637309305099356,0.044637309305099356,0.0,,,0.08337188887766037,0.0,0.0,0.0,3.001387999595773,3.001387999595773,4.92578125,24.28515625,5.440447064056939,6.0,0.14
go,1,59,59.0,125.11674761772156,post_late,0.07751387028462624,0.07530013939610246,0.002230375481670585,,,0.9320972162205431,0.0,0.0,0.0,2.9960267664231743,2.9960267664231743,4.92578125,24.28515625,5.415935834813499,6.0,0.11
go,1,60,60.0,126.11626602013907,post_late,0.03876867089818127,0.03703450239348843,0.0017174938075323316,,,0.41686742901270185,0.0,0.0,0.0,5.002409148152422,5.002409148152422,4.92578125,24.28515625,5.429188829787234,6.0,0.13
go,1,61,61.0,126.99715651671092,post_late,0.08476271109433603,0.07197262343813712,0.012809007904211049,,,1.437938848921772,0.01892024801212858,0.01892024801212858,0.0,3.405644642183144,3.405644642183144,4.92578125,24.28515625,5.440926810865191,6.0,0.05
go,2,-66,-66.0,0.044247965017954506,startup,1.2109784780292339,0.8094534212394475,0.4019017219462496,,,19.20992297962393,0.37666515646321425,0.0,26.366560952425,429.3982783680643,180.79927510234285,3.450420673076923,22.778545673076923,4.1358173076923075,6.0,0.04
go,2,-65,-65.0,1.0445398330688476,warmup,0.005398424372400533,0.005398424372400533,0.0,,,0.08330901809260083,0.0,0.0,0.03332360723704033,8.997373954000889,4.99854108555605,3.4886407632743364,22.863654590707963,4.01336421460177,6.0,0.09
go,2,-64,-64.0,2.043000102043152,warmup,0.011701350265379473,0.011417580002167702,0.0002670778947875486,,,1.0516192107259725,0.0,0.0,0.0,5.007710527266536,4.0061684218132285,3.49609375,22.87109375,4.0159864323843415,6.0,0.12
go,2,-63,-63.0,3.044272518157959,warmup,0.021822233039020072,0.020141038884221425,0.0016978396414798226,,,0.249682300217621,0.0,0.0,0.0,3.9949168034819356,3.9949168034819356,3.49609375,22.87128802175844,3.9561015208703374,6.0,0.15
go,2,-62,-62.0,4.0444427847862245,warmup,0.005749021133555763,0.000333276587452508,0.00539908071673063,,,0.1166468056083778,0.0,0.0,0.0333276587452508,3.9993190494300963,2.999489287072572,3.503878546099291,22.87890625,4.087184175531915,6.0,0.08
go,2,-61,-61.0,5.043642818927765,warmup,0.033126500069065506,0.020483052409271122,0.012643447659794388,,,0.4837202930528196,0.016680010105269642,0.0,0.05004003031580893,8.006404850529428,8.006404850529428,3.506112622113677,22.881424844582593,4.041816996003552,6.0,0.03
go,2,-60,-60.0,6.0438491662343345,idle_pre,0.020962341144032205,0.013397235516535688,0.007581768855750917,,,0.21662196730716907,0.0,0.0,0.03332645650879524,2.9993810857915717,2.9993810857915717,3.5202238475177303,22.89533466312057,4.001426750886525,6.0,0.08
go,2,-59,-59.0,7.043361381689707,idle_pre,0.011955831870004346,0.010004880225945059,0.0019509516440592864,,,0.9337888210882055,0.0,0.0,0.0,3.001464067783518,3.001464067783518,3.5234375,22.8984375,4.018879051953819,6.0,0.13
go,2,-58,-58.0,8.043150250116984,idle_pre,0.008685167046311186,0.0,0.008668496860041876,,,0.11669130388517909,0.0,0.0,0.0833509313465565,4.000844704634712,3.0006335284760337,3.5267619680851063,22.901789671985817,4.009834884751773,6.0,0.12
go,2,-57,-57.0,9.04432140191396,idle_pre,0.016414109919005916,0.009688653116492337,0.00672545680251358,,,0.19976604363901723,0.0,0.0,0.0,2.9964906545852585,2.9964906545852585,3.5390625,22.9140625,3.988674635600707,6.0,0.17
go,2,-56,-56.0,10.043889800707499,idle_pre,0.08156853841292165,0.08156853841292165,0.0,,,0.9170624719359549,0.0,0.0,0.15006476813497444,7.003022512965473,7.003022512965473,3.549146719858156,22.92438912898936,4.0525820035460995,6.0,0.17
go,2,-55,-55.0,11.044547883669535,idle_pre,0.006595659508853832,0.006612315214684271,0.0,,,0.11658994081307278,0.0,0.0,0.0,2.9980270494790147,2.9980270494790147,3.56640625,22.94140625,4.040056439056939,6.0,0.06
go,2,-54,-54.0,12.043258317311604,idle_pre,0.028536800097368555,0.028536800097368555,0.0,,,1.1681731034010518,0.0,0.0,0.0,3.003873694459848,3.003873694459848,3.56640625,22.94140625,4.047173345914742,6.0,0.02
go,2,-53,-53.0,13.04440261522929,idle_pre,0.0066423991165225375,0.0066423991165225375,0.0,,,0.13318093466711856,0.0,0.0,0.03329523366677964,2.9965710300101676,2.9965710300101676,3.569245899822695,22.94434286347518,4.051307624113475,6.0,0.08
go,2,-52,-52.0,14.04454638560613,idle_pre,0.006049130314255158,0.006049130314255158,0.0,,,0.09998562502901087,0.0,0.0,0.033328541676336955,2.999568750870326,2.999568750870326,3.577151912811388,22.952207517793596,4.119293538701068,6.0,0.1
go,2,-51,-51.0,15.043524698416393,idle_pre,0.06519994728424525,0.056757988910184826,0.008425274661858712,,,0.8175018978833205,0.0,0.0,0.08341856100850209,6.0061363926121505,6.0061363926121505,3.592179159252669,22.967700455960856,4.152997108540926,6.0,0.11
go,2,-50,-50.0,16.043296150366466,idle_pre,0.011802697483493729,0.00865197739256108,0.0031507200909326478,,,1.0669105069824838,0.0,0.0,0.0,4.000914401184314,3.000685800888236,3.6015625,22.9765625,4.08149102393617,6.0,0.08
go,2,-49,-49.0,17.043259183565777,idle_pre,0.003950146024260774,0.002883439924882337,0.001066706099378437,,,0.06666913121115231,0.0,0.0,0.0,3.0001109045018537,3.0001109045018537,3.6015625,22.9765625,4.099487955150977,6.0,0.03
go,2,-48,-48.0,18.044136532147725,idle_pre,0.006644170746217573,0.0048790527033627795,0.001781770099862858,,,0.09991234204838456,0.0,0.0,0.033304114016128185,2.997370261451537,2.997370261451537,3.6055450710479575,22.98075321936057,4.120129329484902,6.0,0.08
go,2,-47,-47.0,19.043247898419697,idle_pre,0.014963296890299207,0.0,0.014963296890299207,,,0.16681490401671356,0.0,0.0,0.0,4.003557696401126,4.003557696401126,3.609375,22.984375,4.141110679396093,6.0,0.11
go,2,-46,-46.0,20.042958935101826,idle_pre,0.04076177865880358,0.026307601931939484,0.014454176726864089,,,0.5668304598770231,0.0,0.0,0.06668593645612036,5.001445234209028,5.001445234209028,3.617555228685613,22.992680117673178,4.1122058170515094,6.0,0.15
go,2,-45,-45.0,21.044285134474435,idle_pre,0.012766402538296563,0.012599956612112778,0.00016644592618378834,,,0.5659161490248803,0.0,0.0,0.016644592618378834,2.9960266713081896,2.9960266713081896,3.621862533244681,22.9969179410461,4.143713984929078,6.0,0.21
go,2,-44,-44.0,22.04350881576538,idle_pre,0.011909245369991458,0.011909245369991458,0.0,,,0.15011653827720325,0.0,0.0,0.0,3.002330765544065,3.002330765544065,3.625,23.0,4.112226631882771,6.0,0.21
go,2,-43,-43.0,23.043063966433206,idle_pre,0.004502002712900278,0.004502002712900278,0.0,,,0.10004450473111728,0.0,0.0,0.0,3.0013351419335184,3.0013351419335184,3.625,23.0,4.095744680851064,6.0,0.08
go,2,-42,-42.0,24.044681851069132,idle_pre,0.0037106632416189582,0.0035109862958816154,0.00019967694573734307,,,0.06655898191244769,0.0,0.0,0.0,2.9951541860601463,2.9951541860601463,3.625,23.0,4.124026888250883,6.0,0.53
go,2,-41,-41.0,25.044140799840292,idle_pre,0.02778169798850264,0.02022761084036837,0.007537411459065542,,,0.38354084858076876,0.0,0.0,0.15008120161856167,6.0032480647424675,6.0032480647424675,3.654848468028419,23.030847579928952,4.25643178285968,6.0,0.49
go,2,-40,-40.0,26.044605898857117,idle_pre,0.022006431497013573,0.004264683166718754,0.017741748330294817,,,1.0661707916796885,0.0,0.0,0.016658918619995133,2.998605351599124,2.998605351599124,3.6635163163716813,23.03861310840708,4.116765763274336,6.0,0.26
go,2,-39,-39.0,27.04368648529053,idle_pre,0.003920271017024426,0.0028359407357197975,0.0010843302813046286,,,0.06672801731105406,0.0,0.0,0.0,3.0027607789974327,3.0027607789974327,3.6640625,23.0390625,4.168489120781527,6.0,0.35
go,2,-38,-38.0,28.043179484208427,idle_pre,0.006219820122199104,0.0,0.006236495243170148,,,0.11672584679730222,0.0,0.0,0.0,3.0015217747877716,3.0015217747877716,3.6640625,23.0390625,4.15899961214539,6.0,0.19
go,2,-37,-37.0,29.04364380041758,idle_pre,0.03176858266545981,0.03176858266545981,0.0,,,0.4497911546761483,0.0,0.0,0.23322504316541023,6.996751294962307,6.996751294962307,3.6724004424778762,23.048174778761062,4.269303097345133,6.0,0.13
go,2,-36,-36.0,30.044457618395487,idle_pre,0.01317261322387575,0.01317261322387575,0.0,,,0.19983736875664856,0.0,0.0,0.04995934218916214,1.9983736875664855,1.9983736875664855,3.7114985039893615,23.086311502659573,4.218015846631205,6.0,0.1
go,2,-35,-35.0,31.043933216730753,idle_pre,0.011989620710393391,0.011989620710393391,0.0,,,0.9671738542459203,0.0,0.0,0.0,4.002098707224498,3.0015740304183733,3.72265625,23.09375,4.249025165929203,6.0,0.22
go,2,-34,-34.0,32.04448736508687,idle_pre,0.004597452329349352,0.004580794893373448,0.0,,,0.0999446158554207,0.0,0.0,0.0666297439036138,2.998338475662621,2.998338475662621,3.723044793516874,23.094332815275312,4.175628607904085,6.0,0.15
go,2,-33,-33.0,33.043841083844505,idle_pre,0.0038024574569293255,0.0,0.0038191349019158576,,,0.06670977994612852,0.0,0.0,0.0,3.0019400975757837,3.0019400975757837,3.73828125,23.109375,4.19288578539823,6.0,0.15
go,2,-32,-32.0,34.044465784231825,idle_pre,0.03669374407053363,0.034295242415446535,0.0023985016550870817,,,0.4330627988351676,0.0,0.0,0.049968784480980875,6.995629827337322,6.995629827337322,3.7406957704262878,23.11185196492007,4.25371891651865,6.0,0.15
go,2,-31,-31.0,35.04363534847895,idle_pre,0.003269381678101936,0.0023853141835131473,0.0008673869758229626,,,0.10008311259495724,0.0,0.0,0.0,3.002493377848717,3.002493377848717,3.75,23.12109375,4.215259308510638,6.0,0.2
go,2,-30,-30.0,36.04312243461609,idle_pre,0.009755003476515393,0.0071369939964933135,0.0026180094800220795,,,1.033863616314452,0.0,0.0,0.0,4.002052708314007,4.002052708314007,3.75,23.12109375,4.234859818262412,6.0,0.19
go,2,-29,-29.0,37.04367671807607,idle_pre,0.005180461888993201,0.003797894889679903,0.0013992244330399643,,,0.0832871686333312,0.0,0.0,0.03331486745333248,2.998338070799923,2.998338070799923,3.751603982300885,23.122725387168142,4.269247787610619,6.0,0.27
go,2,-28,-28.0,38.042956101894376,idle_pre,0.016411826627839136,0.014877387552878566,0.001517760389363172,,,0.23350159836356493,0.0,0.0,0.0,3.0021634075315493,3.0021634075315493,3.7578125,23.12890625,4.217334591474245,6.0,0.24
go,2,-27,-27.0,39.0438362677892,idle_pre,0.023246206148830367,0.02326285815896563,0.0,,,0.3663442229758367,0.0,0.0,0.11656407094685714,4.995603040579591,4.995603040579591,3.7677689276198936,23.139251221136767,4.225813166074601,6.0,0.21
go,2,-26,-26.0,40.043731248378755,idle_pre,0.0007167419384824918,0.0007167419384824918,0.0,,,0.03333683434802288,0.0,0.0,0.0,0.0,0.0,3.78515625,23.15625,4.23046875,6.0,0.14
go,2,-25,-25.0,41.04464563528697,idle_pre,0.008891869391039291,0.008875217950232103,0.0,,,1.0823436524673296,0.0,0.0,0.0,2.997259345294143,2.997259345294143,3.78515625,23.15625,4.247312721631205,6.0,0.15
go,2,-24,-24.0,42.043259632587436,idle_pre,0.015154337285720994,0.015154337285720994,0.0,,,0.18358778650102525,0.0,0.0,0.0,3.004163779107686,3.004163779107686,3.78515625,23.15625,4.240736607142857,6.0,0.06
go,2,-23,-23.0,43.0433744986852,idle_pre,0.0025163776201889247,0.002533042372640507,0.0,,,0.06665900980632912,0.0,0.0,0.0,2.9996554412848107,2.9996554412848107,3.78515625,23.15625,4.283404693060498,6.0,0.02
go,2,-22,-22.0,44.04431983232498,idle_pre,0.02637506676213829,0.015335502833288741,0.01103956392884955,,,0.4329240756411588,0.0,0.0,0.14985833387578573,5.994333355031429,5.994333355031429,3.8036919247787613,23.17558075221239,4.289055586283186,6.0,0.28
go,2,-21,-21.0,45.04364208380381,idle_pre,0.01127430781211353,0.008305629127858784,0.0029520007141184837,,,1.0840680588570704,0.0,0.0,0.01667797013626262,3.0020346245272713,3.0020346245272713,3.8223487367021276,23.193525598404257,4.3030875997340425,6.0,0.26
go,2,-20,-20.0,46.044445649782816,idle_pre,0.005795343059480745,0.004296547440649518,0.0015154489034849075,,,0.09991970792208181,0.0,0.0,0.0,2.9975912376624545,2.9975912376624545,3.82421875,23.1953125,4.283672427120141,6.0,0.16
go,2,-19,-19.0,47.04338624874751,idle_pre,0.004905196570324995,0.003620502230477973,0.0012846943398470228,,,0.10010605245561216,0.0,0.0,0.0,3.003181573668365,3.003181573668365,3.82421875,23.1953125,4.293155420353982,6.0,0.23
go,2,-18,-18.0,48.04381903409958,idle_pre,0.01684271072151056,0.016359586477273362,0.000483124244237197,,,0.21657293707184694,0.0,0.0,0.0,2.9987022056101886,2.9987022056101886,3.82421875,23.1953125,4.304044524336283,6.0,0.2
go,2,-17,-17.0,49.04324618180593,idle_pre,0.032568657029880675,0.032568657029880675,0.0,,,0.38355305257923994,0.0,0.0,0.0833810983867913,5.002865903207478,5.002865903207478,3.8377377112989324,23.20917899243772,4.3270129003558715,6.0,0.08
go,2,-16,-16.0,50.044289533297224,idle_pre,0.026738768732434363,0.026738768732434363,0.0,,,1.0322563271550003,0.0,0.0,0.0,2.9968732078693554,2.9968732078693554,3.84375,23.21484375,4.321535809608541,6.0,0.03
go,2,-15,-15.0,51.044159865379335,idle_pre,0.0028837072576492293,0.0028837072576492293,0.0,,,0.06667531231558912,0.0,0.0,0.0,3.00038905420151,3.00038905420151,3.84375,23.21484375,4.29083554964539,6.0,0.17
go,2,-14,-14.0,52.04393231868744,idle_pre,0.004834433392659017,0.0048177629326843305,0.0,,,0.1000227598481176,0.0,0.0,0.033340919949372536,3.0006827954435282,3.0006827954435282,3.8491245567375887,23.220384530141843,4.33840314716312,6.0,0.16
go,2,-13,-13.0,53.044513535499576,idle_pre,0.004330816190153355,0.004347473175500099,0.0,,,0.11659889742720571,0.0,0.0,0.0,2.998257362413861,2.998257362413861,3.8515625,23.22265625,4.349366103202847,6.0,0.38
go,2,-12,-12.0,54.04374203284581,idle_pre,0.02193358848839189,0.021916908953419727,0.0,,,0.3669497693875449,0.0,0.0,0.08339767486080567,5.00386049164834,5.00386049164834,3.8686957851423487,23.23978953514235,4.32686693727758,6.0,0.28
go,2,-11,-11.0,55.04457664887111,idle_pre,0.010224799551772058,0.003646956191918698,0.006577843359853359,,,1.099082687975498,0.0,0.0,0.0,2.9974982399331767,2.9974982399331767,3.87109375,23.2421875,4.343839878318584,6.0,0.21
go,2,-10,-10.0,56.04454913536708,idle_pre,0.0031834209203976506,0.0,0.0032000880456353347,,,0.06666850095073613,0.0,0.0,0.0,3.0000825427831264,3.0000825427831264,3.87109375,23.2421875,4.3551073176156585,6.0,0.14
go,2,-9,-9.0,57.04405738512675,idle_pre,0.015190803414563189,0.0026346289127343403,0.012556174501828849,,,0.18342353189922622,0.0,0.0,0.0,3.0014759765327925,3.0014759765327925,3.87109375,23.2421875,4.352438278469751,6.0,0.14
go,2,-8,-8.0,58.043303632736205,idle_pre,0.03140700643951694,0.029138629978670255,0.0022516972221639864,,,0.5670941152116706,0.0,0.0,0.10007543209617718,8.006034567694174,8.006034567694174,3.8716776023131674,23.243021574733095,4.386690947508897,6.0,0.16
go,2,-7,-7.0,59.04343266884486,idle_pre,0.015947942139605285,0.015947942139605285,0.0,,,0.16664516342325272,0.0,0.0,0.0,1.9997419610790328,1.9997419610790328,3.89453125,23.26171875,4.364347850177305,6.0,0.13
go,2,-6,-6.0,60.04385941823323,idle_pre,0.0136774964700802,0.007296886058337549,0.0063972699689534675,,,1.0662116614922446,0.0,0.0,0.0,2.998720297946938,2.998720297946938,3.89453125,23.26171875,4.3584607712765955,6.0,0.23
go,2,-5,-5.0,61.043565384546916,idle_pre,0.005701676484955075,0.005685004916285616,0.0,,,0.13337254935567427,0.0,0.0,0.0,5.001470600837786,3.000882360502671,3.89453125,23.26171875,4.3518261545293075,6.0,0.26
go,2,-4,-4.0,62.043818700313565,idle_pre,0.007464775721281942,0.007481438167088375,0.0,,,0.2332742412900607,0.0,0.0,0.03332489161286581,2.9992402451579228,2.9992402451579228,3.894726214349376,23.26199727049911,4.381733233065954,6.0,0.26
go,2,-3,-3.0,63.044029116630554,idle_pre,0.024611488008004476,0.024594824847538665,0.0,,,0.26661056745299366,0.0,0.0,0.13330528372649683,6.998527395641083,6.998527395641083,3.9088149889380532,23.27611310840708,4.470837942477876,6.0,0.13
go,2,-2,-2.0,64.04310486714046,idle_pre,0.016898952181270133,0.016915634266345424,0.0,,,0.08341042537645672,0.0,0.0,0.0,3.002775313552442,3.002775313552442,3.93359375,23.30078125,4.418426676287744,6.0,0.21
go,2,-1,-1.0,65.04295314947764,idle_pre,0.011451737430838134,0.011451737430838134,0.0,,,1.0668285233968569,0.0,0.0,0.0,4.000606962738213,3.0004552220536596,3.93359375,23.30078125,4.401148242882562,6.0,0.24
go,2,0,0.0,66.04356189966202,create,1.2892651595963849,0.8741345371060331,0.41513062249035176,,,18.821875513144384,0.033313054005565286,0.0,7.362184935229927,202.87649889389257,202.87649889389257,5.175691052397869,24.542351243339255,5.746433725577265,7.0,0.2
go,2,1,1.0,67.04320161739984,post_near,0.01220439702776954,0.008853189647193479,0.003334534707040858,,,0.3001081236336772,0.01667267353520429,0.0,0.01667267353520429,3.0010812363367725,3.0010812363367725,5.310870655080214,24.67419368315508,5.900616922905526,7.0,0.27
go,2,2,2.0,68.04389993349712,post_near,0.11808420656439064,0.10066303871300099,0.017421167851389648,,,1.265782750196571,0.0,0.0,1.7654338358004806,5.995813027246915,5.995813027246915,5.4449592752659575,24.80824052526596,5.958818151595745,7.0,0.2
go,2,3,3.0,69.0432914853096,post_near,0.0041692034109254055,0.0041692034109254055,0.0,,,0.10006088186220972,0.0,0.0,0.033353627287403244,3.0018264558662917,3.0018264558662917,5.64592137455516,25.009258229537366,6.200379504003559,7.0,0.12
go,2,4,4.0,70.04318058490753,post_near,0.13251469593305903,0.12113010004346415,0.011384595889594885,,,2.16690697752172,0.0,0.0,0.26669624338728865,3.000332738106997,3.000332738106997,5.671487145390071,25.035765735815602,6.195007757092198,7.0,0.08
go,2,5,5.0,71.0443238178889,post_near,0.01951102768298584,0.002863393141189048,0.01666428217633859,,,0.3828955944613262,0.0,0.0,0.0,2.9965742175234227,2.9965742175234227,5.399829621010638,24.76311087101064,5.919139239804965,7.0,0.19
go,2,6,6.0,72.0440344174703,post_near,0.08829221847165143,0.08829221847165143,0.0,,,0.7835600959530999,0.0,0.0,0.30008684525863405,3.0008684525863405,3.0008684525863405,4.927196658525755,24.292226354351687,5.516707371225578,7.0,0.22
go,2,7,7.0,73.0437358657519,post_near,0.025891063154729225,0.024123868889177842,0.0017505226215367472,,,0.31676123627807806,0.0,0.0,0.0,6.001791845268848,6.001791845268848,4.904043627886323,24.26581927175844,5.453319271758437,7.0,0.24
go,2,8,8.0,74.04372119903564,post_near,0.05105074874684661,0.024117020384161622,0.02693372836268499,,,0.9333470224692819,0.0,0.0,0.23333675561732048,3.0000440007941207,3.0000440007941207,4.8533078457446805,24.217267841312058,5.38638630319149,7.0,0.1
go,2,9,9.0,75.04347423315048,post_near,0.0031674489184925284,0.0023339097294155474,0.0008335391890769812,,,0.0666831351261585,0.0,0.0,0.0,3.000741080677132,3.000741080677132,4.90625,24.26953125,5.4683067375886525,7.0,0.11
go,2,10,10.0,76.04370108445485,post_near,0.001849580420269121,0.0013830195935345677,0.0004832237134036442,,,0.04998866000727353,0.0,0.0,0.0,2.999319600436412,2.999319600436412,4.90625,24.26953125,5.437160024422735,7.0,0.26
go,2,11,11.0,77.04468533198039,post_mid,0.04818590647412061,0.03205178644183904,0.01611746975361049,,,0.6660111468434087,0.016650278671085216,0.0,0.0,2.9970501607953386,2.9970501607953386,4.90625,24.26953125,5.428662455673759,7.0,0.3
go,2,12,12.0,78.04310816526413,post_mid,0.01514054583161827,0.003739230723574964,0.011401315108043306,,,0.20031593162008737,0.0,0.0,0.0,6.009477948602621,6.009477948602621,4.90625,24.26953125,5.419932319518717,7.0,0.17
go,2,13,13.0,79.0431045850118,post_mid,0.060883551311809746,0.05401686006065573,0.0068666912511540145,,,1.4166717387089593,0.0,0.0,0.0,3.0000107407954433,3.0000107407954433,4.90625,24.26953125,5.433301303475936,7.0,0.11
go,2,14,14.0,80.04355469942092,post_mid,0.01660919063063985,0.016375962276749218,0.00023322835389062976,,,0.1999100176205398,0.0,0.0,0.0,2.9986502643080972,2.9986502643080972,4.90625,24.26953125,5.435602678571429,7.0,0.08
go,2,15,15.0,81.0446905652682,post_mid,0.00386227963513651,0.0028634142122563777,0.001015513179928134,,,0.09988654228801319,0.0,0.0,0.0,2.9965962686403955,2.9965962686403955,4.90625,24.26953125,5.434868129432624,7.0,0.41
go,2,16,16.0,82.044493385156,post_mid,0.11010504385823541,0.1025702248084364,0.007534819049799002,,,1.13355684819985,0.0,0.0,0.0,3.0005916569996023,3.0005916569996023,4.90625,24.26953125,5.443908474199288,7.0,0.32
go,2,17,17.0,83.04337578217188,post_mid,0.04378226452281515,0.02467757973675442,0.01908799947183709,,,0.6006713120508176,0.0,0.0,0.0,7.007831973926205,7.007831973926205,4.90625,24.26953125,5.491951178825623,7.0,0.27
go,2,18,18.0,84.04458986520767,post_mid,0.05706405283483331,0.05038882378385077,0.006691875507468784,,,0.4328078686422597,0.0,0.0,0.0,0.0,0.0,4.90625,24.26953125,5.39453125,7.0,0.25
go,2,19,19.0,85.0441197514534,post_mid,0.003801787272487614,0.0028179914432035387,0.0009671213237029897,,,0.06669802232434412,0.0,0.0,0.0,3.001411004595485,3.001411004595485,4.90625,24.26953125,5.452701765097691,7.0,0.16
go,2,20,20.0,86.04448240200678,post_mid,0.0033821068104269237,0.0025324149516497163,0.0008663524834591134,,,0.08330312340953014,0.0,0.0,0.0,2.9989124427430847,2.9989124427430847,4.90625,24.26953125,5.447817218028419,7.0,0.09
go,2,21,21.0,87.04414666891098,post_mid,0.057152521326251246,0.05713584906215374,0.0,,,0.7835964125827913,0.0,0.0,0.0,8.002686766802976,8.002686766802976,4.90625,24.26953125,5.479050822953736,7.0,0.3
go,2,22,22.0,88.04413380225499,post_mid,0.0026667009781907694,0.0026667009781907694,0.0,,,0.06666752445476923,0.0,0.0,0.0,2.000025733643077,2.000025733643077,4.90625,24.26953125,5.500659136323268,7.0,0.25
go,2,23,23.0,89.04457983175914,post_mid,0.06818625358579063,0.06820291282194645,0.0,,,0.5997325016096903,0.0,0.0,0.0,2.9986625080484512,2.9986625080484512,4.90625,24.26953125,5.483911780973451,7.0,0.18
go,2,24,24.0,90.04412424961725,post_mid,0.0027679276850899985,0.0027512534219268055,0.0,,,0.050022789489578286,0.0,0.0,0.0,3.001367369374697,3.001367369374697,4.90625,24.26953125,5.432275477353463,7.0,0.18
go,2,25,25.0,91.04303008317947,post_mid,0.04608375663316839,0.04608375663316839,0.0,,,0.6340270644679213,0.0,0.0,0.0,3.0032860948480486,3.0032860948480486,4.90625,24.26953125,5.402998273172906,7.0,0.12
go,2,26,26.0,92.04418679873149,post_mid,0.01641434660334113,0.01641434660334113,0.0,,,0.14982669313394542,0.0,0.0,0.0,6.991912346250786,6.991912346250786,4.90625,24.26953125,5.45736310840708,7.0,0.24
go,2,27,27.0,93.0434536854426,post_mid,0.001284274852294124,0.001284274852294124,0.0,,,0.03335778837127594,0.0,0.0,0.0,0.0,0.0,4.90625,24.26953125,5.39453125,7.0,0.13
go,2,28,28.0,94.04461021820704,post_mid,0.09444077614808609,0.09444077614808609,0.0,,,1.0487870434213684,0.0,0.0,0.0,2.9965344097753386,2.9965344097753386,4.90625,24.26953125,5.5181967304270465,7.0,0.13
go,2,29,29.0,95.04411941766739,post_mid,0.00443551028417444,0.004452185134866825,0.0,,,0.10004910415431069,0.0,0.0,0.0,3.0014731246293205,3.0014731246293205,4.90625,24.26953125,5.426316447953736,7.0,0.04
go,2,30,30.0,96.04361721674601,post_mid,0.04275480483571511,0.04273812979482754,0.0,,,0.5669513901771893,0.0,0.0,0.0,3.0015073597615904,3.0015073597615904,4.90625,24.26953125,5.437680716192171,7.0,0.17
go,2,31,31.0,97.04433156649272,post_late,0.027830119561140756,0.027830119561140756,0.0,,,0.5329526187651132,0.01665476933640979,0.0,0.0,5.995716961107523,5.995716961107523,4.90625,24.26953125,5.423786569148936,7.0,0.12
go,2,32,32.0,98.0435142159462,post_late,0.008139986555793368,0.008139986555793368,0.0,,,0.15012270287323834,0.0,0.0,0.0,3.002454057464767,3.002454057464767,4.90625,24.26953125,5.434121997330961,7.0,0.09
go,2,33,33.0,99.04383753538131,post_late,0.09518589121808668,0.09518589121808668,0.0,,,0.8497252673065676,0.0,0.0,0.0,2.9990303551996504,2.9990303551996504,4.90625,24.26953125,5.439015235765124,7.0,0.1
go,2,34,34.0,100.04388509988785,post_late,0.018482454224518666,0.018482454224518666,0.0,,,0.23332223547634023,0.0,0.0,0.0,2.9998573132672317,2.9998573132672317,4.90625,24.26953125,5.438570395907473,7.0,0.18
go,2,35,35.0,101.04376209974289,post_late,0.0764760732347604,0.0764760732347604,0.0,,,0.9001107137482698,0.0,0.0,0.0,3.000369045827566,3.000369045827566,4.90625,24.26953125,5.451915591637011,7.0,0.23
go,2,36,36.0,102.04366131623586,post_late,0.02466915291041242,0.022535604550592964,0.002150216706380542,,,0.4000403174661473,0.0,0.0,0.0,6.00060476199221,6.00060476199221,4.90625,24.26953125,5.394788423042705,7.0,0.26
go,2,37,37.0,103.04313691854477,post_late,0.08322697736810164,0.08182624282614201,0.0014007345419596348,,,0.9004722055454796,0.0,0.0,0.0,0.0,0.0,4.90625,24.26953125,5.39453125,7.0,0.16
go,2,38,38.0,104.04440816640854,post_late,0.00985413961273469,0.00985413961273469,0.0,,,0.06658202441036953,0.0,0.0,0.0,2.996191098466629,2.996191098466629,4.90625,24.26953125,5.42929060828877,7.0,0.17
go,2,39,39.0,105.04297286669413,post_late,0.015889472822470826,0.015889472822470826,0.0,,,0.050071868138038315,0.0,0.0,0.0,3.004312088282299,3.004312088282299,4.90625,24.26953125,5.433163576820604,7.0,0.07
go,2,40,40.0,106.04460356632869,post_late,0.07852195427785479,0.07585962906394152,0.0026623252139132796,,,0.7820580315870259,0.0,0.0,0.0,2.9951158656524397,2.9951158656524397,4.90625,24.26953125,5.410045434397163,7.0,0.02
go,2,41,41.0,107.0439034819603,post_late,0.022715903048638166,0.021231530529307187,0.0014676941764171503,,,0.30021017244896253,0.0,0.0,0.0,5.003502874149375,5.003502874149375,4.90625,24.26953125,5.434051676287744,7.0,0.08
go,2,42,42.0,108.04331188201904,post_late,0.06340417657380297,0.05998548741082832,0.003418689162974647,,,0.7837970276088215,0.0,0.0,0.0,0.0,0.0,4.90625,24.26953125,5.39453125,7.0,0.12
go,2,43,43.0,109.0444429675738,post_late,0.02465544591461318,0.022807536058757634,0.0018645576923947847,,,0.24971754808858723,0.0,0.0,0.0,2.996610577063047,2.996610577063047,4.90625,24.26953125,5.422900044326241,7.0,0.11
go,2,44,44.0,110.04317040046057,post_late,0.0032541411129622,0.0025532491809395724,0.0007008919320226276,,,0.08343951571697948,0.0,0.0,0.0,3.0038225658112614,3.0038225658112614,4.90625,24.26953125,5.418997442170818,7.0,0.45
go,2,45,45.0,111.04311590194702,post_late,0.0779042456655872,0.0748874145861111,0.0030001635044513684,,,0.9667193514343299,0.0,0.0,0.0,3.0001635044513684,3.0001635044513684,4.90625,24.26953125,5.4384921736234455,7.0,0.41
go,2,46,46.0,112.04415363470713,post_late,0.020595294255114,0.005094713049365306,0.015517230594798906,,,0.21644205765277444,0.0,0.0,0.0,5.9937800580768315,5.9937800580768315,4.90625,24.26953125,5.4613454092920355,7.0,0.18
go,2,47,47.0,113.04392043352127,post_late,0.0937218560479716,0.0937218560479716,0.0,,,0.9502215928022734,0.0,0.0,0.0,3.000699766744021,3.000699766744021,4.90625,24.26953125,5.453928413120567,7.0,0.1
go,2,48,48.0,114.04425775210062,post_late,0.005514806419999649,0.005514806419999649,0.0,,,0.0833052329305083,0.0,0.0,0.0,2.998988385498299,2.998988385498299,4.90625,24.26953125,5.429611178952043,7.0,0.2
go,2,49,49.0,115.04320951700211,post_late,0.016667471428555007,0.016667471428555007,0.0,,,0.23357817817794804,0.0,0.0,0.0,3.003148005145046,3.003148005145046,4.90625,24.26953125,5.466467306838366,7.0,0.2
go,2,50,50.0,116.04354778528213,post_late,0.09869994627226883,0.0938515863186513,0.004831698922849082,,,1.3328824614756087,0.0,0.0,0.0,6.997632922746947,6.997632922746947,4.90625,24.26953125,5.46589649822695,7.0,0.14
go,2,51,51.0,117.04457534948985,post_late,0.003180065611732539,0.0025307328428447427,0.0006493327688877958,,,0.0998973490596609,0.0,0.0,0.0,1.9979469811932178,1.9979469811932178,4.90625,24.26953125,5.489113843250444,7.0,0.25
go,2,52,52.0,118.04371653397878,post_late,0.04315372775742514,0.041468947508681436,0.0017014612413055136,,,0.6171967247872941,0.0,0.0,0.0,4.003438214836502,3.002578661127377,4.90625,24.26953125,5.499513456405694,7.0,0.19
go,2,53,53.0,119.04447230100632,post_late,0.002681306889995167,0.0026646528099330854,0.0,,,0.06661632024832713,0.0,0.0,0.0,2.997734411174721,2.997734411174721,4.90625,24.26953125,5.492318860619469,7.0,0.07
go,2,54,54.0,120.04443896611532,post_late,0.04385146178369881,0.043384779560231096,0.00048334944573442246,,,0.2166738894671549,0.0,0.0,0.0,3.0001000080067604,3.0001000080067604,4.90625,24.26953125,5.494798629679145,7.0,0.02
go,2,55,55.0,121.04355001846949,post_late,0.03691614985784232,0.035564948710763586,0.001334519651435782,,,0.2001779477153673,0.0,0.0,0.0,7.006228170037855,7.006228170037855,4.90625,24.26953125,5.431008118327402,7.0,0.01
go,2,56,56.0,122.04447133541107,post_late,0.0025476528043101273,0.002031461713240755,0.0005161910910693722,,,0.09990795311020108,0.0,0.0,0.0,4.995397655510054,2.997238593306032,4.90625,24.26953125,5.409655805160142,7.0,0.08
go,2,57,57.0,123.04441004991531,post_late,0.07460457217819176,0.07252111115891696,0.0021001287074289905,,,0.9500582247893052,0.0,0.0,0.0,3.0001838677557005,3.0001838677557005,4.90625,24.26953125,5.430889957740214,7.0,0.03
go,2,58,58.0,124.04371723333995,post_late,0.022282104077705783,0.021097950343037287,0.0011841537346684958,,,0.2168168809956401,0.0,0.0,0.0,3.002079890708863,3.002079890708863,4.90625,24.26953125,5.42300100088968,7.0,0.13
go,2,59,59.0,125.04310990174612,post_late,0.07768051116198699,0.07766383436697583,0.0,,,0.8338397505580397,0.0,0.0,0.0,3.001823102008943,3.001823102008943,4.90625,24.26953125,5.428279029751332,7.0,0.12
go,2,60,60.0,126.04357169866562,post_late,0.03918190591654742,0.03918190591654742,0.0,,,0.5664051025351241,0.0,0.0,0.0,4.997692081192271,4.997692081192271,4.90625,24.26953125,5.416733736678508,7.0,0.11
go,2,61,61.0,126.50039505163828,post_late,0.01262340602585549,0.01262340602585549,0.0,,,0.29187065955735236,0.036483832444669045,0.0,0.0,0.0,0.0,4.90625,24.26953125,5.414880087209302,7.0,0.24
go,3,-66,-66.0,0.039024217923482256,startup,3.2689102678956,0.843066222736597,2.4262711303782214,,,16.65632354950724,0.4270852192181343,0.0,31.177221002923805,461.25203675558504,102.50045261235223,3.43359375,22.769021739130434,3.99609375,6.0,0.09
go,3,-65,-65.0,1.0385040521621705,warmup,0.005419485697570461,0.0035518475494846413,0.0018676381480858208,,,0.08337670303954557,0.0,0.0,0.016675340607909116,11.005724801220016,6.00312261884728,3.484548765569395,22.859375,3.9506922820284696,6.0,0.38
go,3,-64,-64.0,2.0393634676933288,warmup,0.01906694690303309,0.01906694690303309,0.0,,,1.165664876167962,0.0,0.0,0.0,3.9965652897187267,3.9965652897187267,3.48828125,22.859375,3.95555171460177,6.0,0.32
go,3,-63,-63.0,3.0389673670132953,warmup,0.0038848721338273847,0.0038848721338273847,0.0,,,0.08336635480316276,0.0,0.0,0.0,4.001585030551813,3.00118877291386,3.48828125,22.859375,3.9499944592198584,6.0,0.26
go,3,-62,-62.0,4.039447899659475,warmup,0.0015325968705036243,0.0015325968705036243,0.0,,,0.08329330817954479,0.0,0.0,0.0,2.9985590944636127,2.9985590944636127,3.48828125,22.859375,3.9646772313499112,6.0,0.14
go,3,-61,-61.0,5.037837266921997,warmup,0.04816090286014636,0.04816090286014636,0.0,,,0.7345163694441733,0.01669355385100394,0.0,0.21701620006305122,9.014519079542127,8.012905848481891,3.4920209813499112,22.8625874222913,4.055915575044405,6.0,0.13
go,3,-60,-60.0,6.038852183024089,idle_pre,0.002730562041949199,0.002730562041949199,0.0,,,0.0665990741938829,0.0,0.0,0.03329953709694145,2.9969583387247307,2.9969583387247307,3.512397495567376,22.879744292996453,4.05558787677305,6.0,0.19
go,3,-59,-59.0,7.037912118434906,idle_pre,0.009158609684650685,0.009158609684650685,0.0,,,1.0343056474468897,0.0,0.0,0.0,3.002822847426454,3.002822847426454,3.515625,22.8828125,3.9812444592198584,6.0,0.25
go,3,-58,-58.0,8.03890468676885,idle_pre,0.0030469756684372126,0.0030469756684372126,0.0,,,0.06660056105873688,0.0,0.0,0.0832507013234211,2.9970252476431596,2.9970252476431596,3.5189217641843973,22.886164671985817,4.0039339539007095,6.0,0.25
go,3,-57,-57.0,9.0392662525177,idle_pre,0.0035153956200168097,0.003498734977267915,0.0,,,0.06664257099557933,0.0,0.0,0.0,4.9981928246684495,3.9985542597347594,3.53125,22.8984375,4.021321325488454,6.0,0.34
go,3,-56,-56.0,10.038228952884674,idle_pre,0.022089580180081166,0.022106264153026845,0.0,,,0.36704740480497405,0.0,0.0,0.1668397294568064,7.007268637185868,7.007268637185868,3.5428158362989324,22.910114546263344,4.01188556494662,6.0,0.28
go,3,-55,-55.0,11.038731702168782,idle_pre,0.001899045256356877,0.001899045256356877,0.0,,,0.03331658344485749,0.0,0.0,0.0,0.0,0.0,3.5625,22.9296875,4.01171875,6.0,0.28
go,3,-54,-54.0,12.03858003616333,idle_pre,0.01915290484457059,0.018102745571108494,0.0010501592734620947,,,0.9668132993778016,0.0,0.0,0.0,3.0004550670345567,3.0004550670345567,3.5625,22.9296875,4.033477186944938,6.0,0.27
go,3,-53,-53.0,13.03843421936035,idle_pre,0.0028004083465921347,0.0028004083465921347,0.0,,,0.10001458380686194,0.0,0.0,0.0,3.000437514205858,3.000437514205858,3.5625,22.9296875,4.023223174778761,6.0,0.34
go,3,-52,-52.0,14.038503436247508,idle_pre,0.010415945707328017,0.00773279809312032,0.0026664821010759726,,,0.1166585919220738,0.0,0.0,0.03333102626344966,2.999792363710469,2.999792363710469,3.565381205673759,22.93263796542553,4.033992686170213,6.0,0.39
go,3,-51,-51.0,15.039391883214314,idle_pre,0.03615121489611249,0.03553509561874899,0.0006327711497246774,,,0.5162080431964474,0.0,0.0,0.11656310652823006,4.995561708352716,4.995561708352716,3.58470685840708,22.95250967920354,4.042650719026549,6.0,0.25
go,3,-50,-50.0,16.03842808405558,idle_pre,0.007690745667537729,0.007690745667537729,0.0,,,1.017647474446424,0.0,0.0,0.0,3.002894186891087,3.002894186891087,3.59765625,22.96484375,4.104942375886525,6.0,0.09
go,3,-49,-49.0,17.03891583283742,idle_pre,0.00339834246260359,0.00339834246260359,0.0,,,0.04997562445005279,0.0,0.0,0.0,2.9985374670031675,2.9985374670031675,3.59765625,22.96484375,4.0881942910777385,6.0,0.03
go,3,-48,-48.0,18.038622883955636,idle_pre,0.0039344859365888565,0.0039344859365888565,0.0,,,0.05001465173629902,0.0,0.0,0.0,5.001465173629902,4.001172138903922,3.59765625,22.96484375,4.062749777975133,6.0,0.08
go,3,-47,-47.0,19.03827061653137,idle_pre,0.014821887934952266,0.014805215395092925,0.0,,,0.06669015943735553,0.0,0.0,0.0,3.0010571746809984,3.0010571746809984,3.59765625,22.96484375,4.062430740248227,6.0,0.06
go,3,-46,-46.0,20.038188068072,idle_pre,0.03126924789490608,0.03128591593749398,0.0,,,0.4500371498733817,0.0,0.0,0.050004127763709084,6.00049533164509,6.00049533164509,3.606129059163701,22.973427769128115,4.225804882117438,6.0,0.02
go,3,-45,-45.0,21.039076232910155,idle_pre,0.0133381535210367,0.010956935102174967,0.002364566541806756,,,1.0490682544635608,0.0,0.0,0.049955631164931465,2.9973378698958877,2.9973378698958877,3.614915780141844,22.982172539893618,4.1846326462765955,6.0,0.16
go,3,-44,-44.0,22.039303386211394,idle_pre,0.003999091593142661,0.00286601564175224,0.001149738833028515,,,0.06665152655237767,0.0,0.0,0.0,2.9993186948569956,2.9993186948569956,3.6171875,22.984375,4.086243327402135,6.0,0.12
go,3,-43,-43.0,23.038285303115845,idle_pre,0.004337749522795224,0.0030697919699781582,0.0012512739008063145,,,0.06673460804300343,0.0,0.0,0.0,3.0030573619351544,3.0030573619351544,3.6171875,22.984375,4.125860346358793,6.0,0.14
go,3,-42,-42.0,24.039024849732716,idle_pre,0.0038138461496494223,0.0027313133997489314,0.0010991870998989601,,,0.06661739999387638,0.0,0.0,0.0,2.997782999724437,2.997782999724437,3.6171875,22.984375,4.080396719858156,6.0,0.18
go,3,-41,-41.0,25.03927975098292,idle_pre,0.02336071199197427,0.022144355376129674,0.001199694196449463,,,0.38323564608802296,0.0,0.0,0.13329935516105146,4.99872581853943,4.99872581853943,3.6438304840142095,23.01162855239787,4.260615563943162,6.0,0.17
go,3,-40,-40.0,26.038784817854562,idle_pre,0.012339440531237634,0.0012839688120341861,0.011072146638840255,,,1.0671948567556873,0.0,0.0,0.016674919636807613,3.0014855346253704,3.0014855346253704,3.65180352393617,23.019060283687942,4.187049811613475,6.0,0.06
go,3,-39,-39.0,27.038070416450502,idle_pre,0.015794617029916143,0.015794617029916143,0.0,,,0.15010723682074475,0.0,0.0,0.0,3.0021447364148948,3.0021447364148948,3.65234375,23.01953125,4.167006039450355,6.0,0.09
go,3,-38,-38.0,28.03832621971766,idle_pre,0.004815434862695988,0.0036823913655910493,0.001116381092735748,,,0.09997442621514162,0.0,0.0,0.0,2.9992327864542485,2.9992327864542485,3.65234375,23.01953125,4.177588929521277,6.0,0.13
go,3,-37,-37.0,29.03831801811854,idle_pre,0.029233573095380737,0.008433402500719871,0.020816837398021974,,,0.466670494110981,0.0,0.0,0.16666803361106464,7.000057411664715,7.000057411664715,3.653698838495575,23.020983130530972,4.125041482300885,6.0,0.06
go,3,-36,-36.0,30.037967618306478,idle_pre,0.014738497700157553,0.0,0.014738497700157553,,,0.18339759581644013,0.0,0.0,0.0,2.0007010452702563,2.0007010452702563,3.68359375,23.05078125,4.151692708333333,6.0,0.02
go,3,-35,-35.0,31.03832371632258,idle_pre,0.011795799539185746,0.006331078848715513,0.005448059956657823,,,0.8996796258700993,0.0,0.0,0.03332146762481849,2.998932086233664,2.998932086233664,3.683732269503546,23.0510859929078,4.169603280141844,6.0,0.08
go,3,-34,-34.0,32.03888339996338,idle_pre,0.0044308534571386,0.004447510800962429,0.0,,,0.08328671911914662,0.0,0.0,0.08328671911914662,2.998321888289278,2.998321888289278,3.6918210730088497,23.059368086283186,4.158821902654867,6.0,0.05
go,3,-33,-33.0,33.039079733689626,idle_pre,0.016080176252410986,0.016063512857330767,0.0,,,0.19996074096262367,0.0,0.0,0.0,2.999411114439355,2.999411114439355,3.70703125,23.07421875,4.1660190941385435,6.0,0.09
go,3,-32,-32.0,34.03946671883265,idle_pre,0.024357240776361113,0.02437390099577039,0.0,,,0.28322372995768735,0.0,0.0,0.1166215358649301,7.99690531645235,7.99690531645235,3.7126790075488456,23.080379940053287,4.252941829484902,6.0,0.12
go,3,-31,-31.0,35.03938925266266,idle_pre,0.0033835954475134582,0.0033835954475134582,0.0,,,0.10000774721714654,0.0,0.0,0.0,4.000309888685862,4.000309888685862,3.734375,23.1015625,4.234215419626998,6.0,0.06
go,3,-30,-30.0,36.03774903615316,idle_pre,0.01951534272065232,0.01951534272065232,0.0,,,1.0183369597603007,0.0,0.0,0.0,4.00657164495856,3.0049287337189203,3.734375,23.1015625,4.232439220692718,6.0,0.25
go,3,-29,-29.0,37.03865793546041,idle_pre,0.0037299431905513554,0.00371329165845068,0.0,,,0.04995459630202709,0.0,0.0,0.03330306420135139,2.997275778121625,2.997275778121625,3.7357024336283184,23.103069690265485,4.225020741150442,6.0,0.12
go,3,-28,-28.0,38.03859613339106,idle_pre,0.003516884017376591,0.003516884017376591,0.0,,,0.0500030902944539,0.0,0.0,0.0,3.000185417667234,3.000185417667234,3.7421875,23.109375,4.2396363384955755,6.0,0.6
go,3,-27,-27.0,39.03906041781108,idle_pre,0.03733266702434305,0.016808862573655572,0.02052380445068748,,,0.3998143724159898,0.0,0.0,0.11661252528799702,6.996751517279821,6.996751517279821,3.7519634955752212,23.119538163716815,4.227405973451328,6.0,0.24
go,3,-26,-26.0,40.03856290181478,idle_pre,0.0005836236954576416,0.0,0.0006002986581850028,,,0.03334992545472238,0.0,0.0,0.0,0.0,0.0,3.76953125,23.13671875,4.21875,6.0,0.23
go,3,-25,-25.0,41.038850486278534,idle_pre,0.023193329958641144,0.01921114184074227,0.003982188117898875,,,1.2663024977419015,0.0,0.0,0.0,2.999137494651872,2.999137494651872,3.76953125,23.13671875,4.232909292035398,6.0,0.08
go,3,-24,-24.0,42.039210669199626,idle_pre,0.0030822231691887986,0.0030322411718506016,3.332133155879782e-05,,,0.06664266311759565,0.0,0.0,0.0,2.9989198402918036,2.9989198402918036,3.76953125,23.13671875,4.277364564831261,6.0,0.1
go,3,-23,-23.0,43.03840910196304,idle_pre,0.005671212524818257,0.005671212524818257,0.0,,,0.10008022102620454,0.0,0.0,0.0,3.002406630786136,3.002406630786136,3.76953125,23.13671875,4.235653914590747,6.0,0.11
go,3,-22,-22.0,44.03893723487854,idle_pre,0.03173324063110733,0.03174989850020502,0.0,,,0.5330518111262124,0.0,0.0,0.14992082187924724,5.996832875169889,5.996832875169889,3.787591585257549,23.15590308614565,4.26595109902309,6.0,0.18
go,3,-21,-21.0,45.03946925004323,idle_pre,0.021438594342699978,0.021421936538237894,0.0,,,0.8995214409524466,0.0,0.0,0.016657804462082346,3.997873070899763,2.998404803174822,3.8067860704787235,23.17400127437943,4.281340037677305,6.0,0.16
go,3,-20,-20.0,46.03816418647766,idle_pre,0.003187493214593207,0.003187493214593207,0.0,,,0.06675378459881062,0.0,0.0,0.0,3.003920306946478,3.003920306946478,3.80859375,23.17578125,4.291943705673759,6.0,0.06
go,3,-19,-19.0,47.03793508609136,idle_pre,0.004317655843288282,0.004317655843288282,0.0,,,0.06668194352568775,0.0,0.0,0.0,3.0006874586559484,3.0006874586559484,3.80859375,23.17578125,4.276839048672566,6.0,0.17
go,3,-18,-18.0,48.038011968135834,idle_pre,0.02361485110863348,0.02361485110863348,0.0,,,0.299976937159776,0.0,0.0,0.0,2.9997693715977602,2.9997693715977602,3.80859375,23.17578125,4.296376329787234,6.0,0.13
go,3,-17,-17.0,49.039400684833524,idle_pre,0.026945913093885273,0.026945913093885273,0.0,,,0.4493759441228551,0.0,0.0,0.1165048744022217,6.990292464133302,5.991679254971401,3.827598625886525,23.19502853501773,4.291500443262412,6.0,0.22
go,3,-16,-16.0,50.03861746788025,idle_pre,0.011158739714121312,0.00296899203155993,0.008206427413075763,,,0.8006270646903183,0.0,0.0,0.03335946102876326,3.002351492588694,3.002351492588694,3.8413674645390072,23.208735039893618,4.302360372340425,6.0,0.17
go,3,-15,-15.0,51.0391348361969,idle_pre,0.012676774771709138,0.007312883212589109,0.005363891559120029,,,0.18323853152273392,0.0,0.0,0.0,2.998448697644737,2.998448697644737,3.84375,23.2109375,4.300048396017699,6.0,0.06
go,3,-14,-14.0,52.03864861726761,idle_pre,0.0030848332376471827,0.002217744976254461,0.0008504134871351693,,,0.06669909703020936,0.0,0.0,0.0,3.001459366359421,3.001459366359421,3.84375,23.2109375,4.308954540408526,6.0,0.09
go,3,-13,-13.0,53.03841811815898,idle_pre,0.003267419804019021,0.0023838828161975513,0.0009002074970256486,,,0.10002305522507207,0.0,0.0,0.0,3.000691656752162,3.000691656752162,3.84375,23.2109375,4.316059336145648,6.0,0.18
go,3,-12,-12.0,54.03797835111618,idle_pre,0.032814430705152234,0.032797756705810185,0.0,,,0.4835459809194181,0.0,0.0,0.08336999671024449,6.002639763137603,6.002639763137603,3.8610670120320854,23.22851910650624,4.351875835561497,6.0,0.47
go,3,-11,-11.0,55.03841135104497,idle_pre,0.023906315233872714,0.010028990781039285,0.013877324452833429,,,1.282777890598048,0.0,0.0,0.0,2.9987015624369953,2.9987015624369953,3.86328125,23.23046875,4.365154867256638,6.0,0.38
go,3,-10,-10.0,56.03891116778056,idle_pre,0.004214560158966083,0.0030484763205169694,0.0011660838384491138,,,0.04997502164781917,0.0,0.0,0.0,2.99850129886915,2.99850129886915,3.86328125,23.23046875,4.401166334219858,6.0,0.33
go,3,-9,-9.0,57.03863256772359,idle_pre,0.004184499135030727,0.0030341786556796514,0.0011669917906460196,,,0.06668524517977255,0.0,0.0,0.0,3.0008360330897648,3.0008360330897648,3.86328125,23.23046875,4.335611979166667,6.0,0.32
go,3,-8,-8.0,58.03920526901881,idle_pre,0.04893863944447067,0.03886107754389043,0.010077561900580243,,,0.6662850843358838,0.0,0.0,0.09994276265038257,7.995421012030605,7.995421012030605,3.870552564387211,23.238045348579043,4.419543738898756,6.0,0.16
go,3,-7,-7.0,59.03788788318634,idle_pre,0.005123416182559411,0.005123416182559411,0.0,,,0.06675460824181643,0.0,0.0,0.03337730412090822,2.002638247254493,2.002638247254493,3.8830213903743314,23.250403854723707,4.365335338680927,6.0,0.19
go,3,-6,-6.0,60.03879901965459,idle_pre,0.010656956724754165,0.010656956724754165,0.0,,,1.0656956724754165,0.0,0.0,0.0,2.997269078837109,2.997269078837109,3.890625,23.2578125,4.391040558510638,6.0,0.11
go,3,-5,-5.0,61.0393007516861,idle_pre,0.0024987462989432174,0.002482087990283596,0.0,,,0.04997492597886435,0.0,0.0,0.0,2.998495558731861,2.998495558731861,3.890625,23.2578125,4.43102421320922,6.0,0.59
go,3,-4,-4.0,62.039196999867755,idle_pre,0.0023335754460290905,0.0023335754460290905,0.0,,,0.06667358417225971,0.0,0.0,0.0,3.0003112877516873,3.0003112877516873,3.890625,23.2578125,4.369489767699115,6.0,0.42
go,3,-3,-3.0,63.039505966504414,idle_pre,0.015028689969540073,0.015028689969540073,0.0,,,0.3165688574515093,0.0,0.0,0.08330759406618665,7.9975290303539195,7.9975290303539195,3.894545126554174,23.26183670071048,4.388141096802842,6.0,0.15
go,3,-2,-2.0,64.03899056911469,idle_pre,0.0010005156631611772,0.0010171909242138633,0.0,,,0.03335052210537257,0.0,0.0,0.0,0.0,0.0,3.91015625,23.27734375,4.359375,6.0,0.3
go,3,-1,-1.0,65.03771520058314,idle_pre,0.021894590338195068,0.010429968720557865,0.011447933667684313,,,1.2349082965140512,0.0,0.0,0.016687949952892585,3.0038309915206653,3.0038309915206653,3.91087655141844,23.27814023714539,4.403368794326241,6.0,0.3
go,3,0,0.0,66.03795393308003,create,1.3189851153900325,0.937992737318415,0.38099237807161745,,,19.162092052585177,0.033325377482756824,0.033325377482756824,7.814801019706476,202.9515488699891,202.9515488699891,5.209008658969805,24.581635768206038,5.824496281083482,6.0,0.24
go,3,1,1.0,67.0382155696551,post_near,0.005931781362373659,0.0,0.005931781362373659,,,0.16662307197678816,0.01666230719767882,0.01666230719767882,0.0,2.999215295582187,2.999215295582187,5.390625,24.7578125,5.905474290780142,6.0,0.15
go,3,2,2.0,68.03782133658727,post_near,0.07116138750544067,0.05617214491701725,0.014989242588423421,,,1.0504141079762799,0.0,0.0,1.900749338242792,6.002366331293028,6.002366331293028,5.4924442162522205,24.858826876110125,5.978935390763765,6.0,0.15
go,3,3,3.0,69.03871576786041,post_near,0.0006327673664121902,0.0004662496384089823,0.00018316950080352875,,,0.03330354560064159,0.0,0.0,0.0,0.9991063680192477,0.0,5.6328125,25.0,6.1015625,6.0,0.4
go,3,4,4.0,70.03830366929373,post_near,0.070545738464374,0.06842819916279624,0.002117539301577759,,,1.8841097722699744,0.0,0.0,0.25010306711548336,3.0012368053858,3.0012368053858,5.652517515569395,25.02158168371886,6.140173209519573,6.0,0.2
go,3,5,5.0,71.0392050186793,post_near,0.014786672042239962,0.0,0.014786672042239962,,,0.41629144263062956,0.0,0.0,0.0,3.996397849254044,3.996397849254044,5.375437111456483,24.742624611456485,5.845519260657194,6.0,0.21
go,3,6,6.0,72.038077100118,post_near,0.0563969444938285,0.054111032838309425,0.0022692261689824487,,,0.6006775153188835,0.0,0.0,0.23359681151289916,3.0033875765944176,3.0033875765944176,4.83077318727758,24.198780860765126,5.329758396352313,6.0,0.11
go,3,7,7.0,73.03932761748632,post_near,0.049837677119165924,0.03347480584056201,0.01636287127860391,,,0.5826047759421534,0.0,0.0,0.016645850741204383,5.992506266833578,5.992506266833578,4.830216155035336,24.19741745803887,5.313480013250883,6.0,0.19
go,3,8,8.0,74.03810486793517,post_near,0.07045281281190878,0.06908447300836153,0.001385026874322224,,,0.7342311140985284,0.0,0.0,0.30036727394939794,3.0036727394939793,3.0036727394939793,4.834408362989324,24.20184608540925,5.321243883451957,6.0,0.21
go,3,9,9.0,75.03856090307235,post_near,0.0036816543695778665,0.0036816543695778665,0.0,,,0.08329534772800602,0.0,0.0,0.0,2.998632518208217,2.998632518208217,4.90234375,24.26953125,5.456284568584071,6.0,0.2
go,3,10,10.0,76.03806968530019,post_near,0.002801376085719826,0.002801376085719826,0.0,,,0.06669943061237682,0.0,0.0,0.0,3.0014743775569563,3.0014743775569563,4.90234375,24.26953125,5.385695519911504,6.0,0.14
go,3,11,11.0,77.03780683676402,post_mid,0.06126610370567609,0.04876281723512995,0.012486615421918746,,,1.0669471121532708,0.016671048627394856,0.016671048627394856,0.0,3.000788752931074,3.000788752931074,4.90234375,24.26953125,5.388473429144385,6.0,0.11
go,3,12,12.0,78.039419901371,post_mid,0.01262962759472755,0.009251743007468404,0.0033778845872591474,,,0.23295755774201016,0.0,0.0,0.0,4.991947665900217,4.991947665900217,4.90234375,24.26953125,5.442648520318021,6.0,0.1
go,3,13,13.0,79.03794353405634,post_mid,0.05788546020143525,0.043864760498665466,0.014037391011939748,,,0.7010349851384893,0.0,0.0,0.0,3.0044356505935252,3.0044356505935252,4.90234375,24.26953125,5.405346419039146,6.0,0.18
go,3,14,14.0,80.03894175291062,post_mid,0.003996011106371754,0.0029137580983960706,0.0010656029616991343,,,0.06660018510619589,0.0,0.0,0.0,2.9970083297788155,2.9970083297788155,4.90234375,24.26953125,5.438469636524823,6.0,0.3
go,3,15,15.0,81.03899103403091,post_mid,0.016965830571529276,0.01626586506661353,0.000716631350270883,,,0.18332429890650495,0.0,0.0,0.0,2.9998521639246265,2.9998521639246265,4.90234375,24.26953125,5.4341488121669625,6.0,0.29
go,3,16,16.0,82.0391180674235,post_mid,0.0786733391921495,0.07865667464243713,0.0,,,0.9332147838933218,0.0,0.0,0.0,2.9996189482285347,2.9996189482285347,4.90234375,24.26953125,5.389235342920354,6.0,0.21
go,3,17,17.0,83.03797778288524,post_mid,0.022041800591076282,0.021574601184149608,0.00048388510003119766,,,0.4004566345085774,0.0,0.0,0.0,6.006849517628661,6.006849517628661,4.90234375,24.26953125,5.408837977353463,6.0,0.17
go,3,18,18.0,84.03878635168076,post_mid,0.08331596664253742,0.07865307024839181,0.004662896394145608,,,0.8992728760137959,0.0,0.0,0.0,0.0,0.0,4.90234375,24.26953125,5.37109375,6.0,0.13
go,3,19,19.0,85.03849275112152,post_mid,0.010453069026912018,0.007768947634036684,0.002667449831428904,,,0.13337249157144523,0.0,0.0,0.0,3.000881060357518,3.000881060357518,4.90234375,24.26953125,5.44896985619469,6.0,0.13
go,3,20,20.0,86.03935148318608,post_mid,0.002847554713461947,0.002114850576664721,0.0007327041367972261,,,0.09991420047234902,0.0,0.0,0.0,2.9974260141704705,2.9974260141704705,4.90234375,24.26953125,5.443345523049645,6.0,0.12
go,3,21,21.0,87.03809851805369,post_mid,0.0863248286670465,0.08390513020257293,0.0024196984644735626,,,1.0012545370235433,0.0,0.0,0.0,7.008781759164802,7.008781759164802,4.90234375,24.26953125,5.4539838209219855,6.0,0.15
go,3,22,22.0,88.03790645202001,post_mid,0.0036173614389306335,0.0036340313073128026,0.0,,,0.06667947352867527,0.0,0.0,0.0,2.000384205860258,2.000384205860258,4.90234375,24.26953125,5.3914838209219855,6.0,0.17
go,3,23,23.0,89.03825315237046,post_mid,0.07409097929817927,0.07409097929817927,0.0,,,0.6830965035361706,0.0,0.0,0.0,2.9989602594270903,2.9989602594270903,4.90234375,24.26953125,5.450134602575488,6.0,0.25
go,3,24,24.0,90.03796273469925,post_mid,0.016771537417505963,0.016771537417505963,0.0,,,0.21672960877492795,0.0,0.0,0.0,3.0008715061143874,3.0008715061143874,4.90234375,24.26953125,5.411129337188612,6.0,0.23
go,3,25,25.0,91.03817485173543,post_mid,0.08728148610985266,0.0872648229777202,0.0,,,1.582997552584193,0.0,0.0,0.0,2.9993637838437346,2.9993637838437346,4.90234375,24.26953125,5.4154987233570155,6.0,0.15
go,3,26,26.0,92.03893374999365,post_mid,0.02594697555211437,0.025963629580068228,0.0,,,0.43300472680036817,0.0,0.0,0.0,7.9939334178529515,8.99317509508457,4.90234375,24.26953125,5.45457509991119,6.0,0.27
go,3,27,27.0,93.03826691706975,post_mid,0.004219480355089144,0.004202802567124364,0.0,,,0.0667111518591169,0.0,0.0,0.0,3.0020018336602603,3.0020018336602603,4.90234375,24.26953125,5.384834884751773,6.0,0.21
go,3,28,28.0,94.03796615203221,post_mid,0.05605019127121496,0.05263249668150672,0.0034343662706336348,,,0.3834486612843379,0.0,0.0,0.0,3.000902566573079,3.000902566573079,4.90234375,24.26953125,5.418079565602837,6.0,0.11
go,3,29,29.0,95.03848615090052,post_mid,0.004031237094606263,0.004014579090083097,0.0,,,0.08329002261583188,0.0,0.0,0.0,2.9984408141699475,2.9984408141699475,4.90234375,24.26953125,5.4206512721238935,6.0,0.2
go,3,30,30.0,96.03826924959819,post_mid,0.07579977440311826,0.07579977440311826,0.0,,,0.9168655359954926,0.0,0.0,0.0,3.0006508450761578,3.0006508450761578,4.90234375,24.26953125,5.406998005319149,6.0,0.23
go,3,31,31.0,97.03838681777319,post_late,0.025646984730811,0.024447125796036216,0.001216523642202211,,,0.4832765153953989,0.01666470742742755,0.01666470742742755,0.0,5.9992946738739175,5.9992946738739175,4.90234375,24.26953125,5.395473182624113,6.0,0.16
go,3,32,32.0,98.03832168579102,post_late,0.015484341859211185,0.015484341859211185,0.0,,,0.16667752270410316,0.0,0.0,0.0,3.0001954086738567,3.0001954086738567,4.90234375,24.26953125,5.408905137900356,6.0,0.06
go,3,33,33.0,99.03863305250803,post_late,0.08455700509625541,0.0843737288290517,0.00016661478836700575,,,0.9163813360185316,0.0,0.0,0.0,2.9990661906061034,2.9990661906061034,4.90234375,24.26953125,5.388350387168142,6.0,0.15
go,3,34,34.0,100.03854449987412,post_late,0.015234682404587214,0.014934655836444358,0.00031669471081745846,,,0.0833407133730154,0.0,0.0,0.0,3.000265681428554,3.000265681428554,4.90234375,24.26953125,5.409589325221239,6.0,0.15
go,3,35,35.0,101.038461069266,post_late,0.07995667083367039,0.07750646641162545,0.002450204422044934,,,0.833402864641134,0.0,0.0,0.0,3.000250312708082,3.000250312708082,4.90234375,24.26953125,5.394143395390071,6.0,0.05
go,3,36,36.0,102.03781551917395,post_late,0.019445886627235762,0.019445886627235762,0.0,,,0.30019379012885394,0.0,0.0,0.0,5.003229835480899,5.003229835480899,4.90234375,24.26953125,5.400401032415631,6.0,0.1
go,3,37,37.0,103.03796538511912,post_late,0.09166959518280697,0.09166959518280697,0.0,,,0.9831859872360682,0.0,0.0,0.016664169275187598,2.9995504695337676,2.9995504695337676,4.902468417553192,24.269676695478722,5.408771054964539,6.0,0.04
go,3,38,38.0,104.03944274981816,post_late,0.004693066629031998,0.004676424548787204,0.0,,,0.0832104012239716,0.0,0.0,0.0,2.9955744440629775,2.9955744440629775,4.90625,24.2734375,5.428861845026643,6.0,0.08
go,3,39,39.0,105.03799990018209,post_late,0.0038889444954833684,0.003905635244391023,0.0,,,0.06676299563061577,0.0,0.0,0.0,3.0043348033777098,3.0043348033777098,4.90625,24.2734375,5.410079928952043,6.0,0.23
go,3,40,40.0,106.03882236878077,post_late,0.08884359559909227,0.07948462639071553,0.009358969208376729,,,0.6994247451100047,0.0,0.0,0.0,3.9967128292000265,2.9975346219000203,4.90625,24.2734375,5.43183836589698,6.0,0.09
go,3,41,41.0,107.03903261820476,post_late,0.02929384098680634,0.028094093233080486,0.0011830845904796646,,,0.2666106119390793,0.0,0.0,0.0,4.998948973857738,4.998948973857738,4.90625,24.2734375,5.428191489361702,6.0,0.1
go,3,42,42.0,108.03788656791052,post_late,0.04413391301733282,0.04365002512413712,0.0004838878931957096,,,0.4505163143546262,0.0,0.0,0.0,3.003442095697508,3.003442095697508,4.90625,24.2734375,5.403863232682061,6.0,0.14
go,3,43,43.0,109.03930186827978,post_late,0.005325795732666273,0.005325795732666273,0.0,,,0.06657244665832841,0.0,0.0,0.0,2.995760099624779,2.995760099624779,4.90625,24.2734375,5.384900921403197,6.0,0.06
go,3,44,44.0,110.0383623679479,post_late,0.006856441629186127,0.005905548264554475,0.0009508933646316526,,,0.1167763781126591,0.0,0.0,0.0,4.0037615352911695,3.002821151468377,4.90625,24.2734375,5.410184003108348,6.0,0.02
go,3,45,45.0,111.03788403669994,post_late,0.09177723325184951,0.08997637184356468,0.0018175360509541418,,,0.933779989481027,0.0,0.0,0.0,3.0014356804747298,3.0014356804747298,4.90625,24.2734375,5.395580794039146,6.0,0.0
go,3,46,46.0,112.03883776664733,post_late,0.023610814991992756,0.021679323779671772,0.0019148404260078754,,,0.3663172988884631,0.0,0.0,0.0,4.995235893933588,4.995235893933588,4.90625,24.2734375,5.41934046345811,6.0,0.0
go,3,47,47.0,113.0381041844686,post_late,0.05555742260178471,0.05447329397100837,0.0010841286307763454,,,0.7171927865135822,0.0,0.0,0.0,3.002202362149879,3.002202362149879,4.90625,24.2734375,5.419563279857398,6.0,0.0
go,3,48,48.0,114.03806631962458,post_late,0.003533467127514911,0.002800106025577854,0.0007333611019370571,,,0.066669191085187,0.0,0.0,0.0,3.000113598833415,3.000113598833415,4.90625,24.2734375,5.4553730017761985,6.0,0.15
go,3,49,49.0,115.0382866859436,post_late,0.003099317014917945,0.0024661232161712677,0.0006331937987466769,,,0.06665197881543967,0.0,0.0,0.0,2.9993390466947853,2.9993390466947853,4.90625,24.2734375,5.37854609929078,6.0,0.18
go,3,50,50.0,116.03953753312429,post_late,0.08570945723372786,0.07200992658634817,0.013699530647379693,,,1.1985008585799974,0.0,0.0,0.0,7.990005723866648,7.990005723866648,4.90625,24.2734375,5.406802120141343,6.0,0.11
go,3,51,51.0,117.03808375199635,post_late,0.0006342554018668548,0.0006342554018668548,0.0,,,0.03338186325615025,0.0,0.0,0.0,0.0,0.0,4.90625,24.2734375,5.383849557522124,6.0,0.16
go,3,52,52.0,118.0394629518191,post_late,0.0757621754876634,0.0757621754876634,0.0,,,0.9819789880870257,0.0,0.0,0.0,0.9986226997495176,0.9986226997495176,4.90625,24.2734375,5.388345195729538,6.0,0.14
go,3,53,53.0,119.03822875022888,post_late,0.0041050664795770535,0.0041050664795770535,0.0,,,0.1168108347847129,0.0,0.0,0.0,3.0037071801783317,3.0037071801783317,4.90625,24.2734375,5.404751332149201,6.0,0.05
go,3,54,54.0,120.03892680009206,post_late,0.08544035836953015,0.08544035836953015,0.0,,,1.0159574776883702,0.0,0.0,0.0,2.9979073112115837,2.9979073112115837,4.90625,24.2734375,5.4130530973451325,6.0,0.02
go,3,55,55.0,121.0385805328687,post_late,0.018856529398076846,0.018856529398076846,0.0,,,0.3167763559358621,0.0,0.0,0.0,7.002424710161162,7.002424710161162,4.90625,24.2734375,5.474467140319716,6.0,0.0
go,3,56,56.0,122.03921951850255,post_late,0.0032312685991193854,0.0032312685991193854,0.0,,,0.09993614224080573,0.0,0.0,0.0,2.9980842672241717,2.9980842672241717,4.90625,24.2734375,5.425975177304965,6.0,0.08
go,3,57,57.0,123.03910620212555,post_late,0.04537180803557138,0.04380496381979485,0.0015835127712635125,,,0.633405108505405,0.0,0.0,0.0,3.0003399876571812,3.0003399876571812,4.90625,24.2734375,5.423845470692718,6.0,0.37
go,3,58,58.0,124.03932740290959,post_late,0.002549436062744042,0.002032883657874334,0.0004998894240674592,,,0.09997788481349185,0.0,0.0,0.0,2.9993365444047555,2.9993365444047555,4.90625,24.2734375,5.43572695035461,6.0,0.2
go,3,59,59.0,125.03886531988779,post_late,0.06918196781274097,0.0687484341508631,0.0004502080334885529,,,0.8337185805343572,0.0,0.0,0.0,3.001386889923686,3.001386889923686,4.90625,24.2734375,5.45218833259325,6.0,0.27
go,3,60,60.0,126.03826518456141,post_late,0.023163901475572405,0.021629647382157963,0.0015175774184860251,,,0.21679677406943215,0.0,0.0,0.0,6.003602974230429,6.003602974230429,4.90625,24.2734375,5.399372506648936,6.0,0.2
go,3,61,61.0,126.51144096851348,post_late,0.00852396396883621,0.007537720203846897,0.0009862437649893136,,,0.24656094124732839,0.0352229916067612,0.0352229916067612,0.0,0.0,0.0,4.90625,24.2734375,5.375,6.0,0.13
go,4,-66,-66.0,0.03555813630421956,startup,0.21701549824339236,0.16358187664566726,0.0529649056187977,,,8.905603599620852,0.4687159789274133,0.0,0.0,393.72142229902715,84.36887620693439,3.46875,22.805803571428573,4.113467261904762,6.0,0.27
go,4,-65,-65.0,1.0340046008427939,warmup,0.006226339505883933,0.006226339505883933,0.0,,,0.15023339290336568,0.0,0.0,0.16692599211485076,9.01400357420194,5.007779763445523,3.4922014012455516,22.867423821174377,3.9630435387010676,6.0,0.27
go,4,-64,-64.0,2.0350283861160277,warmup,0.021694456201896344,0.021694456201896344,0.0,,,1.1321742300298936,0.0,0.0,0.0,4.994886308955413,3.995909047164331,3.5,22.875,3.9650653812056738,6.0,0.1
go,4,-63,-63.0,3.03445885181427,warmup,0.0036187276561955896,0.0,0.0036187276561955896,,,0.10005698588559234,0.0,0.0,0.0,4.002279435423694,4.002279435423694,3.5,22.875125111209965,3.9722114101423487,6.0,0.03
go,4,-62,-62.0,4.03547930320104,warmup,0.005860686121386676,0.0,0.005860686121386676,,,0.11654773536848503,0.0,0.0,0.0332993529624243,3.9959223554909156,2.996941766618187,3.507728794642857,22.8828125,3.97451171875,6.0,0.01
go,4,-61,-61.0,5.034821518262228,warmup,0.033238530471399005,0.016777702786867736,0.016477505321496343,,,0.5170067459173955,0.016677636965077274,0.0,0.05003291089523182,9.005923961141727,9.005923961141727,3.510085353647687,22.885224366103202,3.99422403247331,6.0,0.0
go,4,-60,-60.0,6.034736967086792,idle_pre,0.0045837208923226475,0.004567052816350565,0.0,,,0.050004227916247056,0.0,0.0,0.033336151944164706,0.0,0.0,3.5271491325622777,22.90234375,3.9933691058718863,6.0,0.0
go,4,-59,-59.0,7.03485453526179,idle_pre,0.02441379638118136,0.024430461088608788,0.0,,,1.2665177644844938,0.0,0.0,0.01666470742742755,2.9996473369369587,2.9996473369369587,3.5279947916666665,22.90308482934397,4.020085328014185,6.0,0.32
go,4,-58,-58.0,8.034610601266225,idle_pre,0.01855452607968243,0.0021505245860548366,0.016404001493627588,,,0.23339026515323807,0.0,0.0,0.08335366612615645,4.00097597405551,3.0007319805416324,3.5340024466192173,22.90911365658363,4.011301712633452,6.0,0.23
go,4,-57,-57.0,9.035498535633087,idle_pre,0.006344366618843157,0.004629222887239889,0.001698491850713916,,,0.06660752355740847,0.0,0.0,0.0,2.9973385600833815,2.9973385600833815,3.546875,22.921875,4.01204484902309,6.0,0.13
go,4,-56,-56.0,10.034344216187796,idle_pre,0.0263470796129906,0.02636376554054791,0.0,,,0.4171481889327201,0.0,0.0,0.16685927557308805,7.008089574069698,7.008089574069698,3.5567694407308377,22.931964405080215,4.048100490196078,6.0,0.16
go,4,-55,-55.0,11.035487135251364,idle_pre,0.003046518076412963,0.0030298704366511432,0.0,,,0.06659055904727787,0.0,0.0,0.0,2.9965751571275048,2.9965751571275048,3.57421875,22.94921875,4.056831427619893,6.0,0.06
go,4,-54,-54.0,12.03536350329717,idle_pre,0.009251143736978724,0.008267688817191797,0.0010001236472409432,,,1.066798557057006,0.0,0.0,0.0,3.0003709417228297,3.0003709417228297,3.57421875,22.94921875,4.041289686944938,6.0,0.02
go,4,-53,-53.0,13.03455905119578,idle_pre,0.0032692966592342537,0.002435292409429597,0.0008173241648085634,,,0.06672033998437252,0.0,0.0,0.05004025498827939,3.0024152992967634,3.0024152992967634,3.5782848643238436,22.952124110320284,4.036608930160142,6.0,0.22
go,4,-52,-52.0,14.035039401054382,idle_pre,0.016891885984955606,0.01655871269136674,0.0003498319582683114,,,0.19990397615332078,0.0,0.0,0.0333173293588868,2.9985596422998118,2.9985596422998118,3.5887405639431615,22.959986956039078,4.072060945825933,6.0,0.39
go,4,-51,-51.0,15.035193586349488,idle_pre,0.02486283318339514,0.005499152111608845,0.01934701697447839,,,0.41660243269763975,0.0,0.0,0.08332048653952795,5.9990750308460115,5.9990750308460115,3.603724143683274,22.97533919039146,4.120822675711744,6.0,0.24
go,4,-50,-50.0,16.035096216201783,idle_pre,0.009867627479011796,0.007334047450616876,0.0025335800283949206,,,1.1001071175925314,0.0,0.0,0.0,4.000389518518296,3.000292138888722,3.61328125,22.984375,4.074107934397163,6.0,0.59
go,4,-49,-49.0,17.035199817021688,idle_pre,0.003582962135518403,0.0026663904264323,0.0009165717090861031,,,0.04999482049560562,0.0,0.0,0.0,2.999689229736337,2.999689229736337,3.61328125,22.984375,4.112767817495559,6.0,0.59
go,4,-48,-48.0,18.034724136193592,idle_pre,0.005836109458713504,0.00433539559790146,0.001500713860812044,,,0.05002379536040146,0.0,0.0,0.03334919690693431,3.0014277216240877,3.0014277216240877,3.6172224396243293,22.98849787567084,4.2154796511627906,6.0,0.39
go,4,-47,-47.0,19.035586484273274,idle_pre,0.015020380537021148,0.011173697716564514,0.0038633351270386993,,,0.0832615329103168,0.0,0.0,0.0,3.996553579695206,3.996553579695206,3.62109375,22.9921875,4.095657865418895,6.0,0.29
go,4,-46,-46.0,20.034580751260123,idle_pre,0.02509190242129458,0.023273406833581076,0.0018184955877135033,,,0.23356824062375273,0.0,0.0,0.05005033727651844,5.005033727651844,5.005033727651844,3.62912171930605,23.000423987989326,4.1348837855871885,6.0,0.3
go,4,-45,-45.0,21.035161916414896,idle_pre,0.008994772551617873,0.006712765441300005,0.0022820071103178676,,,1.0827041034354847,0.0,0.0,0.0,0.0,0.0,3.6328125,23.00390625,4.078125,6.0,0.16
go,4,-44,-44.0,22.03583048582077,idle_pre,0.004313782603594314,0.0032145175385857243,0.0010826095337205805,,,0.06662212515203574,0.0,0.0,0.0,2.997995631841608,2.997995631841608,3.6328125,23.00390625,4.115154584813499,6.0,0.16
go,4,-43,-43.0,23.03515293598175,idle_pre,0.0038192544018718303,0.0028519323262885723,0.0009673220755832584,,,0.06671186728160403,0.0,0.0,0.0,3.002034027672181,3.002034027672181,3.6328125,23.00390625,4.127057384341637,6.0,0.13
go,4,-42,-42.0,24.03564215103785,idle_pre,0.004014702613702273,0.004031361130771578,0.0,,,0.06663406827721616,0.0,0.0,0.0,2.9985330724747272,2.9985330724747272,3.6328125,23.00390625,4.130824745124113,6.0,0.15
go,4,-41,-41.0,25.035098866621652,idle_pre,0.040522014979251196,0.033935103079331765,0.006586911899919434,,,0.5502989688540286,0.0,0.0,0.15008153696018964,6.003261478407585,6.003261478407585,3.6622863010657194,23.034504051953817,4.146369893428064,6.0,0.2
go,4,-40,-40.0,26.03563081820806,idle_pre,0.01027786600620647,0.007712563956035001,0.0025653020501714687,,,1.032783942276825,0.0,0.0,0.016657805520593955,2.9984049937069117,2.9984049937069117,3.671286292109929,23.04245622783688,4.152454565602837,6.0,0.39
go,4,-39,-39.0,27.03515293598175,idle_pre,0.0038351660910431826,0.0028680372506931628,0.00096712884035002,,,0.06669854071379448,0.0,0.0,0.0,3.0014343321207515,3.0014343321207515,3.671875,23.04296875,4.163096363434164,6.0,0.26
go,4,-38,-38.0,28.03515255053838,idle_pre,0.0044833350614051064,0.0033666679643265113,0.0011166670970785952,,,0.10000003854435181,0.0,0.0,0.0,3.0000011563305544,3.0000011563305544,3.671875,23.04296875,4.1660433289007095,6.0,0.19
go,4,-37,-37.0,29.034615182876585,idle_pre,0.027131246120956243,0.020344265683814762,0.006786980437141482,,,0.4168906902421058,0.0,0.0,0.23345878653557922,8.004301252648432,8.004301252648432,3.673584853202847,23.04547097419929,4.205112878113879,6.0,0.14
go,4,-36,-36.0,30.034875202178956,idle_pre,0.005348609258352004,0.005148661248693984,0.00019994800965801883,,,0.08331167069084118,0.0,0.0,0.0,1.9994800965801882,1.9994800965801882,3.71875,23.090079651420957,4.19386240008881,6.0,0.14
go,4,-35,-35.0,31.034699801603953,idle_pre,0.010118441447114615,0.010118441447114615,0.0,,,1.0668537934354783,0.0,0.0,0.033339181044858696,4.000701725383044,3.000526294037283,3.7265207962633453,23.09765625,4.206572508896797,6.0,0.12
go,4,-34,-34.0,32.03522166808446,idle_pre,0.008862041864068937,0.008862041864068937,0.0,,,0.08328986714350506,0.0,0.0,0.03331594685740202,2.998435217166182,2.998435217166182,3.7266318827708704,23.097808892095916,4.192308226021314,6.0,0.12
go,4,-33,-33.0,33.03556034962336,idle_pre,0.017127532554250306,0.017110871530364846,0.0,,,0.19993228662548992,0.0,0.0,0.0,2.998984299382349,2.998984299382349,3.734375,23.10546875,4.213435279751332,6.0,0.04
go,4,-32,-32.0,34.03523940245311,idle_pre,0.04132993139119361,0.041346603408697113,0.0,,,0.48348850760170015,0.0,0.0,0.0166720175035069,8.002568401683313,8.002568401683313,3.7351520870337476,23.10625971358792,4.247689553730018,6.0,0.14
go,4,-31,-31.0,35.03555151621501,idle_pre,0.002599188757419029,0.0025825272910253174,0.0,,,0.049984399181135175,0.0,0.0,0.0,3.9987519344908136,2.9990639508681105,3.73828125,23.109375,4.238253447508897,6.0,0.14
go,4,-30,-30.0,36.035793769359586,idle_pre,0.02499394513819476,0.020495035013319705,0.0044989101248750565,,,1.03308306571205,0.0,0.0,0.03332526018425968,2.9992734165833714,2.9992734165833714,3.7397269795373664,23.111057050711743,4.243202290925267,6.0,0.2
go,4,-29,-29.0,37.03413353363673,idle_pre,0.003639375554638046,0.0027879620074520812,0.000868107930464121,,,0.08347191639078086,0.0,0.0,0.0,3.0049889900681115,3.0049889900681115,3.74609375,23.1171875,4.257491629464286,6.0,0.41
go,4,-28,-28.0,38.034339551130934,idle_pre,0.017713017475191675,0.017213120462721544,0.0004832337787211276,,,0.2166220387370572,0.0,0.0,0.0,3.9991760997610557,3.9991760997610557,3.74609375,23.1171875,4.243452513345196,6.0,0.29
go,4,-27,-27.0,39.034949668248494,idle_pre,0.028515935273099872,0.027283353958725227,0.00124923781862295,,,0.483038623200874,0.0,0.0,0.033313008496612,5.996341529390159,5.996341529390159,3.748943505338078,23.120162366548044,4.208942671263345,6.0,0.11
go,4,-26,-26.0,40.034109286467235,idle_pre,0.002869077787368189,0.002869077787368189,0.0,,,0.06672273924112068,0.0,0.0,0.0,3.0025232658504306,3.0025232658504306,3.75390625,23.125,4.2742993772241995,6.0,0.04
go,4,-25,-25.0,41.035447069009145,idle_pre,0.02157114250215155,0.02157114250215155,0.0,,,1.165108005517445,0.0,0.0,0.0,2.995992014187715,2.995992014187715,3.75390625,23.125,4.232380319148936,6.0,0.09
go,4,-24,-24.0,42.035513552029926,idle_pre,0.008549431607960728,0.008549431607960728,0.0,,,0.13332446951985544,0.0,0.0,0.03333111737996386,2.9998005641967476,2.9998005641967476,3.756844641265597,23.127952317290553,4.270401626559715,6.0,0.04
go,4,-23,-23.0,43.03579813639323,idle_pre,0.0027158937657685406,0.0024659648916180617,0.0002332669492071139,,,0.04998577483009584,0.0,0.0,0.0,2.9991464898057507,2.9991464898057507,3.76171875,23.1328125,4.305411653297683,6.0,0.47
go,4,-22,-22.0,44.03579845031103,idle_pre,0.04748331842747467,0.027366658075785685,0.020133327013123693,,,0.5833331502146766,0.0,0.0,0.11666663004293532,5.999998116493816,5.999998116493816,3.7762435940285206,23.147608901515152,4.245118928253119,6.0,0.36
go,4,-21,-21.0,45.03529788653056,idle_pre,0.010138408253296517,0.007787231339291898,0.0023345019004301195,,,1.0672008687680545,0.0,0.0,0.016675013574500852,3.0015024434101534,3.0015024434101534,3.7910364768683276,23.162255338078293,4.296430160142349,6.0,0.21
go,4,-20,-20.0,46.034774919350944,idle_pre,0.0026513865881660856,0.002051072643675651,0.000616989331837391,,,0.06670154938782606,0.0,0.0,0.0,3.0015697224521727,3.0015697224521727,3.79296875,23.1640625,4.343430839253997,6.0,0.13
go,4,-19,-19.0,47.034717082977295,idle_pre,0.0037502168989458247,0.0028835001045227895,0.0008667167944230351,,,0.08333815330990722,0.0,0.0,0.0,3.00017351915666,3.00017351915666,3.79296875,23.1640625,4.3216724023090585,6.0,0.1
go,4,-18,-18.0,48.03561344941457,idle_pre,0.005461770918527208,0.004196238632527001,0.0012655322860002068,,,0.11656218423686114,0.0,0.0,0.0,3.9964177452638108,2.997313308947858,3.79296875,23.1640625,4.254643016014235,6.0,0.29
go,4,-17,-17.0,49.03517838319143,idle_pre,0.01835798694004254,0.004768741384970179,0.013589245555072361,,,0.3501523394558523,0.0,0.0,0.1167174464852841,6.002611533528896,6.002611533528896,3.811554715302491,23.18323231761566,4.271936165480427,6.0,0.16
go,4,-16,-16.0,50.03472760121028,idle_pre,0.02487788116722605,0.020675987029061864,0.004201894138164185,,,1.0671477176289994,0.0,0.0,0.0,3.0013529558315613,3.0013529558315613,3.8203125,23.19140625,4.287105893493761,6.0,0.06
go,4,-15,-15.0,51.035785984992984,idle_pre,0.003546246709992674,0.002713794430651671,0.0008324522793410033,,,0.0499471367604602,0.0,0.0,0.0,2.9968282056276117,2.9968282056276117,3.8203125,23.19140625,4.27480921345811,6.0,0.02
go,4,-14,-14.0,52.03454391956329,idle_pre,0.008443821111630554,0.006458021284982262,0.0019857998266482927,,,0.13349914800996926,0.0,0.0,0.05006218050373847,3.0037308302243084,3.0037308302243084,3.8286263368983957,23.19974097593583,4.374129623440285,6.0,0.08
go,4,-13,-13.0,53.03434268633524,idle_pre,0.01728681201431763,0.017270141993088777,0.0,,,0.21671027597505224,0.0,0.0,0.01667002122885017,3.0006038211930313,3.0006038211930313,3.834702845982143,23.205915178571427,4.3024972098214285,6.0,0.11
go,4,-12,-12.0,54.03534716765086,idle_pre,0.021911323817957854,0.021395175612519638,0.0005327981475491271,,,0.33299884221820447,0.0,0.0,0.016649942110910223,4.994982633273067,4.994982633273067,3.8393155026690393,23.210430104537366,4.33989240435943,6.0,0.12
go,4,-11,-11.0,55.03563711643219,idle_pre,0.01089684047438409,0.008464212478573575,0.0024326279958105154,,,1.099681148791055,0.0,0.0,0.0,0.0,0.0,3.83984375,23.2109375,4.2890625,6.0,0.63
go,4,-10,-10.0,56.035380466779074,idle_pre,0.01066940496575009,0.010652734020491104,0.0,,,0.16670945258984515,0.0,0.0,0.0,3.0007701466172128,3.0007701466172128,3.83984375,23.2109375,4.326806727353463,6.0,0.32
go,4,-9,-9.0,57.03485625187556,idle_pre,0.0033350816328296972,0.0033350816328296972,0.0,,,0.06670163265659394,0.0,0.0,0.0,3.0015734695467273,3.0015734695467273,3.83984375,23.2109375,4.354453959074733,6.0,0.21
go,4,-8,-8.0,58.03512581984202,idle_pre,0.031908065274396935,0.03172478134853878,0.00018328392585815472,,,0.516527427418436,0.0,0.0,0.13329740062411252,7.997844037446751,7.997844037446751,3.846986607142857,23.218736049107143,4.3479073660714285,6.0,0.33
go,4,-7,-7.0,59.0342282017072,idle_pre,0.00457076947223501,0.0,0.004587451112644627,,,0.08340820204808413,0.0,0.0,0.033363280819233655,2.0017968491540192,2.0017968491540192,3.8672991071428573,23.23861607142857,4.339055524553571,6.0,0.42
go,4,-6,-6.0,60.0353963692983,idle_pre,0.020392844406740468,0.01170299560648045,0.00867320158033615,,,1.1320109548231445,0.0,0.0,0.0,2.996499586296559,2.996499586296559,3.875,23.24609375,4.359430604982206,6.0,0.33
go,4,-5,-5.0,61.035749502976735,idle_pre,0.0108794914185092,0.010896152201692216,0.0,,,0.14994704864714056,0.0,0.0,0.0,2.9989409729428114,2.9989409729428114,3.875,23.24609375,4.397931005772646,6.0,0.26
go,4,-4,-4.0,62.0341636856397,idle_pre,0.003655797426940334,0.003655797426940334,0.0,,,0.10015883361480367,0.0,0.0,0.0,3.00476500844411,3.00476500844411,3.875,23.24609375,4.341213383273703,6.0,0.11
go,4,-3,-3.0,63.03416261672974,idle_pre,0.025350027096896526,0.02063335538853248,0.004700005023882196,,,0.21666689826407287,0.0,0.0,0.0833334224092588,9.00000962019995,8.000008551288843,3.878538521314387,23.250013876554174,4.406707926287744,6.0,0.11
go,4,-2,-2.0,64.03537916739782,idle_pre,0.005293560115904471,0.004095018202869497,0.0012151883284937937,,,0.049939246376457275,0.0,0.0,0.01664641545881909,2.9963547825874364,2.9963547825874364,3.895277622767857,23.26644810267857,4.3893973214285715,6.0,0.04
go,4,-1,-1.0,65.03407049973806,idle_pre,0.021912008870702784,0.016938833970878392,0.004973174899824395,,,1.0680644080159774,0.0,0.0,0.0,3.0039311475449364,3.0039311475449364,3.8984375,23.26953125,4.382916945187166,6.0,0.01
go,4,0,0.0,66.03532486756643,create,1.2774642566012944,0.8891679896131469,0.38827962120142023,,,18.39359433368642,0.03329157345463605,0.0,6.858064131655026,202.74568233873356,202.74568233873356,5.04341279973357,24.41342417850799,5.6708828263765545,7.0,0.15
go,4,1,1.0,67.03447891871134,post_near,0.007506349988178345,0.006388737878827348,0.0011342928871025055,,,0.21685011076959665,0.016680777751507433,0.0,0.03336155550301487,3.0025399952713383,3.0025399952713383,5.156752232142857,24.5240234375,5.752497209821429,7.0,0.12
go,4,2,2.0,68.03525911966959,post_near,0.06733080177726684,0.06208489463904298,0.005245907138223857,,,0.932605713462019,0.0,0.0,1.8319040800146802,5.995322443684408,5.995322443684408,5.298737766903915,24.666057328736656,5.799530137900356,7.0,0.04
go,4,3,3.0,69.03578755060832,post_near,0.0028318369031003245,0.002115548745257301,0.0007162881578430231,,,0.09994718481530555,0.0,0.0,0.0,2.9984155444591667,2.9984155444591667,5.50390625,24.87109375,6.060264872994653,7.0,0.01
go,4,4,4.0,70.03530026674271,post_near,0.04750648247575569,0.04750648247575569,0.0,,,1.534080866187969,0.0,0.0,0.25012188035673405,3.001462564280809,3.001462564280809,5.524795287433155,24.89334057486631,6.088284035204991,7.0,0.0
go,4,5,5.0,71.03513981898625,post_near,0.010635039701593204,0.00885142019051096,0.0017669501698571782,,,0.1833627534757449,0.0,0.0,0.0,3.0004814205121892,3.0004814205121892,5.305648395721925,24.672835895721924,5.88473429144385,7.0,0.0
go,4,6,6.0,72.03573145071665,post_near,0.09717584102235644,0.0811686447209364,0.016023853113388224,,,1.0826927779316367,0.0,0.0,0.23319536755450637,2.9982261542722246,2.9982261542722246,4.901462588809947,24.27039853463588,5.424886212255773,7.0,0.15
go,4,7,7.0,73.03570525248846,post_near,0.027584055986726762,0.025117324696070836,0.0024500641873406856,,,0.48334599614203994,0.0,0.0,0.0,6.000157193487393,6.000157193487393,4.913153585701599,24.279806838365896,5.427973745559503,7.0,0.08
go,4,8,8.0,74.03580865065257,post_near,0.04849498570750914,0.04849498570750914,0.0,,,0.26663909667358976,0.0,0.0,0.2999689837577885,2.999689837577885,2.999689837577885,4.895909926470588,24.26422543449198,5.432618928253119,7.0,0.26
go,4,9,9.0,75.03446901639303,post_near,0.0035046950095039765,0.003521384033358758,0.0,,,0.06675609541912336,0.0,0.0,0.0,4.005365725147402,4.005365725147402,4.96484375,24.33203125,5.549430425579323,7.0,0.15
go,4,10,10.0,76.03563558657964,post_near,0.015315466766409548,0.015298819519924319,0.0,,,0.16647246485227768,0.0,0.0,0.0,2.9965043673409983,2.9965043673409983,4.96484375,24.33203125,5.592910468472469,7.0,0.06
go,4,11,11.0,77.03486018578211,post_mid,0.09600777784083982,0.08935261742414505,0.006655160416694769,,,0.667184001673661,0.016679600041841526,0.0,0.0,3.002328007531475,3.002328007531475,4.96484375,24.33203125,5.603828403024911,7.0,0.02
go,4,12,12.0,78.03554986715316,post_mid,0.017771076952615563,0.017071559396842507,0.0007161727356724172,,,0.1665517989935854,0.0,0.0,0.0,4.996553969807563,4.996553969807563,4.96484375,24.33203125,5.472155805160142,7.0,0.0
go,4,13,13.0,79.03486589988073,post_mid,0.0649777760055571,0.06456082415747216,0.00040027377416154274,,,0.6671229569359046,0.0,0.0,0.0,3.002053306211571,3.002053306211571,4.96484375,24.33203125,5.476193460338681,7.0,0.08
go,4,14,14.0,80.03423588275909,post_mid,0.002885151027879394,0.002885151027879394,0.0,,,0.06670869428622876,0.0,0.0,0.0,3.0018912428802946,3.0018912428802946,4.96484375,24.33203125,5.480204155525847,7.0,0.18
go,4,15,15.0,81.03531363407771,post_mid,0.0029135266095214386,0.0029301753330044185,0.0,,,0.0665948939319186,0.0,0.0,0.0,2.996770226936337,2.996770226936337,4.96484375,24.33203125,5.4788672571301245,7.0,0.17
go,4,16,16.0,82.03562871615092,post_mid,0.08597291147681184,0.08597291147681184,0.0,,,0.8830550985021371,0.0,0.0,0.0,2.999055051516692,2.999055051516692,4.96484375,24.33203125,5.496995726021314,7.0,0.12
go,4,17,17.0,83.03453721602757,post_mid,0.020005168977740014,0.005088887855054798,0.01489959624447192,,,0.20021853855953306,0.0,0.0,0.0,6.006556156785992,6.006556156785992,4.96484375,24.33203125,5.474473110465116,7.0,0.09
go,4,18,18.0,84.03417176802954,post_mid,0.046550345063745266,0.045816743637239254,0.0007502741861993329,,,0.6835831474260587,0.0,0.0,0.0,3.0010967447973314,3.0010967447973314,4.96484375,24.33203125,5.512191392348755,7.0,0.03
go,4,19,19.0,85.03535301685334,post_mid,0.00384545755778289,0.0,0.00384545755778289,,,0.06658800965857818,0.0,0.0,0.0,2.9964604346360177,2.9964604346360177,4.96484375,24.33203125,5.492555228685613,7.0,0.01
go,4,20,20.0,86.03438005050023,post_mid,0.0025358005819777654,0.0,0.002519117683412122,,,0.05004869569692958,0.0,0.0,0.0,3.0029217418157748,3.0029217418157748,4.96484375,24.33203125,5.496177157473309,7.0,0.08
go,4,21,21.0,87.03519528309504,post_mid,0.09773698828809585,0.0935404094759302,0.004196578812165642,,,1.2822879703839463,0.0,0.0,0.0,7.99348345174408,7.99348345174408,4.96484375,24.33203125,5.51164936722913,7.0,0.27
go,4,22,22.0,88.03451383511225,post_mid,0.004169507969461674,0.004169507969461674,0.0,,,0.0667121275113868,0.0,0.0,0.0,2.001363825341604,2.001363825341604,4.96484375,24.33203125,5.479677786412078,7.0,0.14
go,4,23,23.0,89.03575486739477,post_mid,0.08010059257876147,0.08010059257876147,0.0,,,2.9463434926103034,0.0,0.0,0.0,2.996281517908783,2.996281517908783,4.96484375,24.33203125,5.494331427619893,7.0,0.14
go,4,24,24.0,90.03581515153249,post_mid,0.007882858122028632,0.007882858122028632,0.0,,,0.08332830995801936,0.0,0.0,0.0,2.9998191584886973,2.9998191584886973,4.96484375,24.33203125,5.469063335561497,7.0,0.2
go,4,25,25.0,91.03557415008545,post_mid,0.11922873429749467,0.11922873429749467,0.0,,,1.166947902799864,0.0,0.0,0.0,3.0007231786282214,3.0007231786282214,4.96484375,24.33203125,5.493191964285714,7.0,0.08
go,4,26,26.0,92.03530325094859,post_mid,0.017471399653752624,0.017471399653752624,0.0,,,0.16671182875718155,0.0,0.0,0.0,7.001896807801624,7.001896807801624,4.96484375,24.33203125,5.523194660301954,7.0,0.23
go,4,27,27.0,93.03560858567556,post_mid,0.0026825142685715474,0.0026825142685715474,0.0,,,0.04998473792369343,0.0,0.0,0.0,2.999084275421606,2.999084275421606,4.96484375,24.33203125,5.495940015652952,7.0,0.21
go,4,28,28.0,94.0340715010961,post_mid,0.04428473605155732,0.04428473605155732,0.0,,,0.4340004286997702,0.0,0.0,0.0,3.00461835253687,3.00461835253687,4.96484375,24.33203125,5.508724654634581,7.0,0.22
go,4,29,29.0,95.03429358402887,post_mid,0.003015996865237549,0.003015996865237549,0.0,,,0.0666518644251392,0.0,0.0,0.0,2.999333899131264,2.999333899131264,4.96484375,24.33203125,5.494910037878788,7.0,0.31
go,4,30,30.0,96.03426080147425,post_mid,0.04555149329431724,0.04555149329431724,0.0,,,0.6166868832381038,0.0,0.0,0.0,4.000131134517431,3.0000983508880728,4.96484375,24.33203125,5.475269684163701,7.0,0.24
go,4,31,31.0,97.03500906626384,post_late,0.052677250135178544,0.04509958690043108,0.007594317439659,,,0.7161308111959145,0.016654204911532893,0.0,0.0,5.995513768151842,5.995513768151842,4.96484375,24.33203125,5.5178660634991115,7.0,0.17
go,4,32,32.0,98.03413019975027,post_late,0.0006005277837596148,0.00048375849247302307,0.00011676929128659178,,,0.03336265465331194,0.0,0.0,0.0,0.0,0.0,4.96484375,24.33203125,5.45703125,7.0,0.19
go,4,33,33.0,99.03551241954167,post_late,0.07436387944073748,0.07281601892417781,0.0015478605165596656,,,0.8488267348875584,0.0,0.0,0.0,2.99585906430903,2.99585906430903,4.96484375,24.33203125,5.492935505319149,7.0,0.13
go,4,34,34.0,100.0354597846667,post_late,0.0026834745776822405,0.0026834745776822405,0.0,,,0.06667017584303704,0.0,0.0,0.0,3.0001579129366664,3.0001579129366664,4.96484375,24.33203125,5.551782139679715,7.0,0.54
go,4,35,35.0,101.03555668592453,post_late,0.047295417014601555,0.04727875196279937,0.0,,,0.4999515540655556,0.0,0.0,0.0,2.9997093243933337,2.9997093243933337,4.96484375,24.33203125,5.552501942717584,7.0,0.3
go,4,36,36.0,102.03411088387172,post_late,0.015505751580799304,0.003955719186920813,0.011566723192135541,,,0.2336711755986978,0.0,0.0,0.0,6.008687372537943,6.008687372537943,4.96484375,24.33203125,5.519419841800357,7.0,0.18
go,4,37,37.0,103.03583774964015,post_late,0.044123804113104056,0.04018061347403706,0.003926552703881055,,,1.1979313333874404,0.0,0.0,0.0,0.0,0.0,4.96484375,24.33203125,5.45703125,7.0,0.16
go,4,38,38.0,104.03439023494721,post_late,0.02518645776768189,0.023517375079300056,0.001669082688381835,,,0.2670532301410936,0.0,0.0,0.0,3.004348839087303,3.004348839087303,4.96484375,24.33203125,5.53574323568873,7.0,0.06
go,4,39,39.0,105.03524866898854,post_late,0.007976486046181008,0.007826614700845665,0.00014987134533534256,,,0.14987134533534255,0.0,0.0,0.0,2.9974269067068513,2.9974269067068513,4.96484375,24.33203125,5.537102424377224,7.0,0.02
go,4,40,40.0,106.03541581630707,post_late,0.095517367861423,0.09503411530245907,0.00048325255896393356,,,1.0331606433022027,0.0,0.0,0.0,2.999498641845105,2.999498641845105,4.96484375,24.33203125,5.476193460338681,7.0,0.28
go,4,41,41.0,107.03480465014776,post_late,0.02449830586884084,0.006754127894404725,0.017744177974436115,,,0.4169214749632546,0.0,0.0,0.0,6.003669239470867,6.003669239470867,4.96484375,24.33203125,5.488225545900178,7.0,0.21
go,4,42,42.0,108.0354618827502,post_late,0.04606972147706007,0.04606972147706007,0.0,,,0.582950199456653,0.0,0.0,0.0,2.9980295972056443,2.9980295972056443,4.96484375,24.33203125,5.49179060828877,7.0,0.17
go,4,43,43.0,109.03478198448816,post_late,0.01624437785760638,0.01624437785760638,0.0,,,0.1334240481117567,0.0,0.0,0.0,3.002041082514526,3.002041082514526,4.96484375,24.33203125,5.5176373106060606,7.0,0.06
go,4,44,44.0,110.03428145249684,post_late,0.015057536778868343,0.015057536778868343,0.0,,,0.21677516957396287,0.0,0.0,0.0,4.002003130596238,3.0015023479471785,4.96484375,24.33203125,5.466372887010676,7.0,0.02
go,4,45,45.0,111.03540466626485,post_late,0.07226882665889912,0.05630342588352842,0.015965400775370713,,,0.7491585348192723,0.0,0.0,0.0,2.9966341392770888,2.9966341392770888,4.96484375,24.33203125,5.496995726021314,7.0,0.01
go,4,46,46.0,112.03508841991425,post_late,0.020606516735716375,0.020606516735716375,0.0,,,0.38345459945103294,0.0,0.0,0.0,7.002214424757993,7.002214424757993,4.96484375,24.33203125,5.51752947064057,7.0,0.0
go,4,47,47.0,113.03494249979654,post_late,0.046406771681585676,0.046406771681585676,0.0,,,0.7167712580129971,0.0,0.0,0.0,3.000437824240453,3.000437824240453,4.96484375,24.33203125,5.47890625,7.0,0.0
go,4,48,48.0,114.03449513514836,post_late,0.004085160889897615,0.004101835015978829,0.0,,,0.066696504324859,0.0,0.0,0.0,3.001342694618655,3.001342694618655,4.96484375,24.33203125,5.502089389534884,7.0,0.08
go,4,49,49.0,115.03465715249379,post_late,0.0045659269073097235,0.004549262940494726,0.0,,,0.09998380088999395,0.0,0.0,0.0,2.9995140266998184,2.9995140266998184,4.96484375,24.33203125,5.479440057829182,7.0,0.16
go,4,50,50.0,116.03467943271,post_late,0.09526454415202514,0.09526454415202514,0.0,,,1.0333103109561859,0.0,0.0,0.0,7.999821762241439,7.999821762241439,4.96484375,24.33203125,5.494701628989362,7.0,0.14
go,4,51,51.0,117.0347937186559,post_late,0.01154868014816546,0.01154868014816546,0.0,,,0.09998857271138925,0.0,0.0,0.0,2.9996571813416777,2.9996571813416777,4.96484375,24.33203125,5.475681338809947,7.0,0.51
go,4,52,52.0,118.03434800306955,post_late,0.0661461490362688,0.0661461490362688,0.0,,,0.5502452528855231,0.0,0.0,0.0,3.001337743011944,3.001337743011944,4.96484375,24.33203125,5.47578125,7.0,0.28
go,4,53,53.0,119.03568634986877,post_late,0.012216982773542303,0.012233627164241952,0.0,,,0.08322195349824456,0.0,0.0,0.0,2.995990325936804,2.995990325936804,4.96484375,24.33203125,5.4712914995543676,7.0,0.15
go,4,54,54.0,120.03539473613104,post_late,0.05996748734312713,0.05996748734312713,0.0,,,0.8669194722943038,0.0,0.0,0.0,3.0008750964033597,3.0008750964033597,4.96484375,24.33203125,5.467280804367201,7.0,0.08
go,4,55,55.0,121.0348711848259,post_late,0.018709795537872664,0.018709795537872664,0.0,,,0.3001571476664064,0.0,0.0,0.0,7.003666778882815,7.003666778882815,4.96484375,24.33203125,5.516089864564831,7.0,0.03
go,4,56,56.0,122.03546931743622,post_late,0.0031314603048071023,0.0031148036010581284,0.0,,,0.06662681499589579,0.0,0.0,0.0,2.998206674815311,2.998206674815311,4.96484375,24.33203125,5.497583834670232,7.0,0.22
go,4,57,57.0,123.03439791997273,post_late,0.08712668063797034,0.07302824227353431,0.014098438364436028,,,0.8675962070422171,0.0,0.0,0.0,4.004290186348694,3.003217639761521,4.96484375,24.33203125,5.507924107142857,7.0,0.2
go,4,58,58.0,124.03556808630626,post_late,0.003512556391432834,0.0,0.003529203578122089,,,0.08323593344627568,0.0,0.0,0.0,2.996493604065925,2.996493604065925,4.96484375,24.33203125,5.478828403024911,7.0,0.34
go,4,59,59.0,125.03418908516566,post_late,0.04529579628807873,0.029190253392722805,0.016088853213599076,,,0.584138861489593,0.0,0.0,0.0,3.0041427162321925,3.0041427162321925,4.96484375,24.33203125,5.510507185828877,7.0,0.15
go,4,60,60.0,126.03548413515091,post_late,0.026682111997917327,0.024834504741667283,0.001864252366666713,,,0.3828375395833428,0.0,0.0,0.0,5.992239750000149,5.992239750000149,4.96484375,24.33203125,5.528079207371226,7.0,0.22
go,4,61,61.0,126.5086052497228,post_late,0.010391983184085086,0.008454494793831936,0.0019022613286121853,,,0.24658943148676477,0.035227061640966395,0.0,0.0,0.0,0.0,4.96484375,24.33203125,5.475970643939394,7.0,0.16
rs,1,-66,-66.0,0.03705623149871826,startup,0.3008940615125871,0.2032946424569348,0.09759941905565232,,,2.698601448543382,1.349300724271691,1.349300724271691,5.846969805177328,404.7902172815073,80.95804345630145,0.5465198863636364,6.1574928977272725,0.9348366477272727,2.0,0.16
rs,1,-65,-65.0,1.0359718839327494,warmup,0.0,0.0,0.0,,,0.0,0.0,0.0,0.0,10.010855246519831,4.004342098607932,0.55078125,6.171875,0.8544437056737588,2.0,0.25
rs,1,-64,-64.0,2.0367876648902894,warmup,0.0007160825001989768,0.0004829393605993099,0.00023314313959966687,,,0.049959244199928615,0.016653081399976205,0.0,0.016653081399976205,2.997554651995717,1.9983697679971446,0.5508574357269503,6.17205507535461,0.8318373226950354,2.0,0.25
rs,1,-63,-63.0,3.0359730680783588,warmup,0.009791309302675917,0.006605380722077791,0.003185928580598126,,,0.13344203478945033,0.01668025434868129,0.03336050869736258,0.01668025434868129,4.003261043683509,4.003261043683509,0.5547985124333925,6.175954706927175,0.866354906749556,2.0,0.09
rs,1,-62,-62.0,4.036499150594076,warmup,0.0035981070987656637,0.002432053872313828,0.0011660532264518356,,,0.04997370970507866,0.016657903235026222,0.0,0.0,2.9984225823047197,2.9984225823047197,0.55859375,6.1796875,0.8736494348404256,2.0,0.1
rs,1,-61,-61.0,5.037519900004069,warmup,0.03020250414504695,0.004811755070517404,0.02539074907452955,,,0.31634375896135175,0.1165477006699717,0.01664967152428167,0.03329934304856334,8.990822623112104,8.990822623112104,0.5601687388987566,6.18144288410302,0.9352866896092362,2.0,0.11
rs,1,-60,-60.0,6.03586984872818,idle_pre,0.008564131255705359,0.0,0.008564131255705359,,,0.05008263892225356,0.016694212974084518,0.0,0.0,4.006611113780284,3.0049583353352136,0.56640625,6.1875,0.9695964698046181,2.0,0.36
rs,1,-59,-59.0,7.036711267630259,idle_pre,0.0024645929116049116,0.0,0.0024645929116049116,,,0.09991592884884777,0.016652654808141296,0.03330530961628259,0.016652654808141296,2.997477865465433,2.997477865465433,0.5671916335978836,6.188319830246914,0.8754478064373897,2.0,0.24
rs,1,-58,-58.0,8.037564698855082,idle_pre,0.0010157997514406198,0.0,0.0010157997514406198,,,0.049957364824948516,0.016652454941649505,0.0,0.0,2.997441889496911,2.997441889496911,0.5703125,6.19140625,0.8636615044247787,2.0,0.09
rs,1,-57,-57.0,9.036814284324645,idle_pre,0.008489704130672094,0.0,0.008489704130672094,,,0.11675428077545119,0.016679182967921598,0.033358365935843196,0.0,4.003003912301184,3.002252934225888,0.5703125,6.19140625,0.8832003546099291,2.0,0.48
rs,1,-56,-56.0,10.03674453496933,idle_pre,0.011134109930322992,0.010100704517628343,0.0010167375834576387,,,0.3000209262661884,0.08333914618505234,0.05000348771103141,0.0,6.000418525323769,7.000488279544396,0.5703125,6.19140625,0.8643854902826855,2.0,0.45
rs,1,-55,-55.0,11.037188847859701,idle_pre,0.0005997335306615395,0.0005997335306615395,0.0,,,0.04997779422179496,0.016659264740598322,0.0,0.0,2.998667653307698,2.998667653307698,0.5703125,6.19140625,0.8650204284452296,2.0,0.22
rs,1,-54,-54.0,12.036865266164144,idle_pre,0.0007502427648259215,0.0007502427648259215,0.0,,,0.0500161843217281,0.016672061440576032,0.0,0.0,3.0009710593036862,3.0009710593036862,0.5703125,6.19140625,0.8707624779151943,2.0,0.12
rs,1,-53,-53.0,13.03721231619517,idle_pre,0.007447415374263297,0.007447415374263297,0.0,,,0.09996530703709124,0.01666088450618187,0.03332176901236374,0.0,2.998959211112737,2.998959211112737,0.5703125,6.19140625,0.8857801457597173,2.0,0.09
rs,1,-52,-52.0,14.035891548792522,idle_pre,0.0023197304910822186,0.0023197304910822186,0.0,,,0.11682095998255779,0.016688708568936825,0.03337741713787365,0.0,3.003967542408629,3.003967542408629,0.5703125,6.19140625,0.8818791482300885,2.0,0.16
rs,1,-51,-51.0,15.036778783798217,idle_pre,0.015186525982533375,0.003946498528355712,0.011240027454177662,,,0.26643028039532235,0.08325946262353824,0.0,0.0,5.994681308894753,5.994681308894753,0.5703125,6.19140625,0.890549217372134,2.0,0.37
rs,1,-50,-50.0,16.036309882005057,idle_pre,0.007620239810778266,0.007636914296141019,0.0,,,0.05002345608825995,0.016674485362753316,0.0,0.0,3.001407365295597,3.001407365295597,0.5703125,6.19140625,0.8739716762367491,2.0,0.2
rs,1,-49,-49.0,17.03673058350881,idle_pre,0.0030820367158523503,0.0030653770579288243,0.0,,,0.06663863169410487,0.01665965792352622,0.0,0.0,3.9983179016462924,2.998738426234719,0.5703125,6.19140625,0.8957390128091873,2.0,0.14
rs,1,-48,-48.0,18.037495064735413,idle_pre,0.00343071061947084,0.0,0.0034473645545168145,,,0.0666157401838998,0.01665393504597495,0.0,0.0,2.997708308275491,2.997708308275491,0.5703125,6.19140625,0.892588458994709,2.0,0.05
rs,1,-47,-47.0,19.037348783016206,idle_pre,0.008767949257357958,0.008767949257357958,0.0,,,0.05000731515603399,0.01666910505201133,0.0,0.0,3.0004389093620394,3.0004389093620394,0.5703125,6.19140625,0.8815611172566372,2.0,0.09
rs,1,-46,-46.0,20.036561981836954,idle_pre,0.014061063261155388,0.011058700998986976,0.00300236226216841,,,0.20015748414456067,0.06671916138152022,0.0,0.0,5.003937103614017,6.00472452433682,0.5703125,6.19140625,0.8687016039823009,2.0,0.35
rs,1,-45,-45.0,21.036665534973146,idle_pre,0.008299140597963401,0.00539944087096414,0.002883034786039495,,,0.049994822879297594,0.016664940959765867,0.0,0.0,2.9996893727578557,2.9996893727578557,0.5703125,6.19140625,0.9255116150442478,2.0,0.15
rs,1,-44,-44.0,22.03673283259074,idle_pre,0.0020665275942828784,0.0013499091543299447,0.0007166184399529336,,,0.04999663534555351,0.0166655451151845,0.0,0.0,2.9997981207332103,2.9997981207332103,0.5703125,6.19140625,0.8703207818021201,2.0,0.05
rs,1,-43,-43.0,23.036163866519928,idle_pre,0.002451394760444857,0.0016009108639639881,0.0008504838964808688,,,0.05002846449887463,0.01667615483295821,0.0,0.0,3.0017078699324777,3.0017078699324777,0.5703125,6.19140625,0.9227684507978723,2.0,0.13
rs,1,-42,-42.0,24.03700584967931,idle_pre,0.0029974761755395436,0.0019650121595203673,0.001032464016019176,,,0.11656851793764891,0.01665264541966413,0.01665264541966413,0.0,2.9974761755395436,2.9974761755395436,0.5703125,6.19140625,0.857518496024735,2.0,0.19
rs,1,-41,-41.0,25.0361794312795,idle_pre,0.016763853957362105,0.010959056766156121,0.00582147764290485,,,0.26688722718188423,0.08340225849433883,0.0,0.0,5.00413550966033,6.004962611592395,0.5703125,6.19140625,0.8651410398230088,2.0,0.15
rs,1,-40,-40.0,26.036138200759886,idle_pre,0.002233425418623859,0.0014500597867184756,0.0007833656319053834,,,0.08333676935163654,0.01666735387032731,0.01666735387032731,0.0,3.0001236966589153,3.0001236966589153,0.5703125,6.19140625,0.851811835106383,2.0,0.05
rs,1,-39,-39.0,27.037331167856852,idle_pre,0.0007324595332103554,0.00048275741961591607,0.00024970211359443933,,,0.049940422718887864,0.01664680757296262,0.0,0.0,2.996425363133272,2.996425363133272,0.5703125,6.19140625,0.8522331305309735,2.0,0.09
rs,1,-38,-38.0,28.036700717608134,idle_pre,0.0015009462719504638,0.0009672764863680768,0.0005169926047829377,,,0.1000630847966976,0.0166771807994496,0.0333543615988992,0.0166771807994496,3.0018925439009276,3.0018925439009276,0.5736933075221239,6.194821626106195,0.8528415376106194,2.0,0.05
rs,1,-37,-37.0,29.03615884780884,idle_pre,0.008604662606799757,0.001851003002625529,0.0067703353069005845,,,0.4669196763379713,0.08337851363178059,0.13340562181084895,0.0,7.00379514506957,8.004337308650937,0.57421875,6.1953125,0.8861528268551236,2.0,0.02
rs,1,-36,-36.0,30.03702263434728,idle_pre,0.001115702937488364,0.0,0.001099050654839284,,,0.09991369589448036,0.01665228264908006,0.03330456529816012,0.0,1.9982739178896074,1.9982739178896074,0.57421875,6.1953125,0.8769358407079646,2.0,0.12
rs,1,-35,-35.0,31.03597116470337,idle_pre,0.00153494728380726,0.0,0.0015516314934138607,,,0.0667368384264026,0.01668420960660065,0.0,0.0,3.003157729188117,3.003157729188117,0.57421875,6.1953125,0.8627765486725664,2.0,0.11
rs,1,-34,-34.0,32.03596673409144,idle_pre,0.008133369369136677,0.0,0.008116702628626153,,,0.10000044306315588,0.01666674051052598,0.03333348102105196,0.0,3.0000132918946765,3.0000132918946765,0.57421875,6.1953125,0.9029372791519434,2.0,0.04
rs,1,-33,-33.0,33.036480184396105,idle_pre,0.004614297454232965,0.0022655034432335136,0.0023654521245526396,,,0.09994868131912561,0.016658113553187602,0.033316227106375204,0.0,2.998460439573768,2.998460439573768,0.57421875,6.1953125,0.8826192579505301,2.0,0.36
rs,1,-32,-32.0,34.035923115412395,idle_pre,0.013991127356430792,0.013607580360962485,0.0003668710391435964,,,0.3168431701694696,0.08337978162354463,0.05002786897412678,0.01667595632470893,7.003901656377749,8.004459035860286,0.575,6.1961075774336285,0.9115389933628318,2.0,0.33
rs,1,-31,-31.0,35.03730566501618,idle_pre,0.004876591204096312,0.004893234860082989,0.0,,,0.11650559190673784,0.016643655986676834,0.03328731197335367,0.0,3.9944774368024403,2.99585807760183,0.578125,6.19921875,0.8984513030035336,2.0,0.12
rs,1,-30,-30.0,36.03706005016963,idle_pre,0.004684483912130565,0.004667813150877431,0.0,,,0.10002456751880211,0.016670761253133683,0.03334152250626737,0.0,3.0007370255640633,3.0007370255640633,0.578125,6.19921875,0.9042934181415929,2.0,0.04
rs,1,-29,-29.0,37.03720351457596,idle_pre,0.00236632718294218,0.002382991458878393,0.0,,,0.09998565561727521,0.016664275936212537,0.033328551872425075,0.0,2.9995696685182565,2.9995696685182565,0.578125,6.19921875,0.9012910017730497,2.0,0.09
rs,1,-28,-28.0,38.03607878287633,idle_pre,0.0011179240312624008,0.0011179240312624008,0.0,,,0.10011259981454336,0.01668543330242389,0.03337086660484778,0.0,3.003377994436301,3.003377994436301,0.578125,6.19921875,0.9003111172566372,2.0,0.07
rs,1,-27,-27.0,39.03705453475316,idle_pre,0.012204757851287005,0.012204757851287005,0.0,,,0.34965881975037805,0.0832520999405662,0.06660167995245296,0.0,3.996100797147178,4.9951259964339725,0.578125,6.19921875,0.8963288163716814,2.0,0.02
rs,1,-26,-26.0,40.036054849624634,idle_pre,0.009175839617073632,0.009175839617073632,0.0,,,0.06673337903326276,0.01668334475831569,0.0,0.0,4.004002741995766,4.004002741995766,0.578125,6.19921875,0.8693761081560284,2.0,0.08
rs,1,-25,-25.0,41.03733700116475,idle_pre,0.0019308576811836505,0.0019308576811836505,0.0,,,0.049935974513370264,0.01664532483779009,0.0,0.0,2.9961584708022158,2.9961584708022158,0.578125,6.19921875,0.8653867464539007,2.0,0.18
rs,1,-24,-24.0,42.03616571823756,idle_pre,0.00337061461001353,0.00337061461001353,0.0,,,0.050058632821983126,0.016686210940661042,0.0,0.0,3.0035179693189877,3.0035179693189877,0.578125,6.19921875,0.8653553650442478,2.0,0.25
rs,1,-23,-23.0,43.0365731994311,idle_pre,0.0055477394005276105,0.005531079522447948,0.0,,,0.04997963423898748,0.016659878079662495,0.0,0.0,2.998778054339249,2.998778054339249,0.578125,6.19921875,0.8930707120811288,2.0,0.17
rs,1,-22,-22.0,44.03641338348389,idle_pre,0.011985248767217672,0.0058509350727307405,0.0061343136944869295,,,0.3667252752138926,0.08334665345770285,0.08334665345770285,0.0,4.000639365969737,5.000799207462172,0.578125,6.19921875,0.8807834584805654,2.0,0.31
rs,1,-21,-21.0,45.03725968201955,idle_pre,0.0014154687575298897,0.0009325441226079274,0.00048292463492196236,,,0.09991544170799221,0.0166525736179987,0.0333051472359974,0.0,2.9974632512397665,2.9974632512397665,0.578125,6.19921875,0.9127004977876106,2.0,0.14
rs,1,-20,-20.0,46.03660803238551,idle_pre,0.0024682751172435367,0.0016343983884450446,0.000850554263374462,,,0.10006520745581905,0.016677534575969842,0.033355069151939684,0.0,3.0019562236745716,3.0019562236745716,0.578125,6.19921875,0.9026207890070922,2.0,0.05
rs,1,-19,-19.0,47.03721251487732,idle_pre,0.007495469120148959,0.004930353021253538,0.002548459500850646,,,0.09993958826865279,0.016656598044775466,0.03331319608955093,0.0,2.9981876480595835,2.9981876480595835,0.578125,6.19921875,0.888733988515901,2.0,0.21
rs,1,-18,-18.0,48.036694916089374,idle_pre,0.0009338166757128437,0.0006169860178817004,0.0003168306578311434,,,0.050025893341759484,0.016675297780586497,0.0,0.0,3.001553600505569,3.001553600505569,0.578125,6.19921875,0.8838753312720848,2.0,0.64
rs,1,-17,-17.0,49.03682940006256,idle_pre,0.01391479534970198,0.013931459775270485,0.0,,,0.2832952346645912,0.08332212784252682,0.03332885113701073,0.0,4.999327670551609,5.999193204661931,0.578125,6.19921875,0.877302267699115,2.0,0.71
rs,1,-16,-16.0,50.03615941603979,idle_pre,0.0007505028249017325,0.0007338249843483607,0.0,,,0.05003352166011551,0.016677840553371837,0.0,0.0,3.0020112996069304,3.0020112996069304,0.578125,6.19921875,0.8706650995575221,2.0,0.33
rs,1,-15,-15.0,51.03747976620992,idle_pre,0.0074901104314175435,0.0003495384867994854,0.007157216634465654,,,0.09986813908556726,0.016644689847594544,0.03328937969518909,0.0,2.9960441725670175,2.9960441725670175,0.578125,6.19921875,0.8683793540564374,2.0,0.17
rs,1,-14,-14.0,52.03636801640193,idle_pre,0.0014682990478511924,0.0009677425542655586,0.0005005564935856338,,,0.0834260822642723,0.016685216452854458,0.016685216452854458,0.0,3.0033389615138026,3.0033389615138026,0.578125,6.19921875,0.8658300088652482,2.0,0.14
rs,1,-13,-13.0,53.037297348181404,idle_pre,0.0015818632575373122,0.001049025107630007,0.0005328381499073052,,,0.116558345292223,0.016651192184603286,0.03330238436920657,0.0,2.9972145932285916,2.9972145932285916,0.578125,6.19921875,0.9267198542402827,2.0,0.07
rs,1,-12,-12.0,54.03673076629639,idle_pre,0.011239701544621547,0.002034486036266808,0.00920521550835474,,,0.3668745311300802,0.0833805752568364,0.0833805752568364,0.0,5.002834515410184,6.003401418492221,0.578125,6.19921875,0.8657657906360424,2.0,0.32
rs,1,-11,-11.0,55.035782432556154,idle_pre,0.007590531690641887,0.007590531690641887,0.0,,,0.10009492339307983,0.016682487232179972,0.033364974464359945,0.0,3.002847701792395,3.002847701792395,0.578125,6.19921875,0.8715500553097345,2.0,0.21
rs,1,-10,-10.0,56.036983434359236,idle_pre,0.0010487404608155973,0.0010487404608155973,0.0,,,0.04994002194359987,0.016646673981199955,0.0,0.0,2.996401316615992,2.996401316615992,0.578125,6.19921875,0.8697410556537103,2.0,0.11
rs,1,-9,-9.0,57.035878948370616,idle_pre,0.001134586468190324,0.0011179013730698779,0.0,,,0.06674038048178375,0.01668509512044594,0.0,0.0,3.003317121680269,3.003317121680269,0.578125,6.19921875,0.870222621681416,2.0,0.09
rs,1,-8,-8.0,58.037527982393904,idle_pre,0.01670578492560533,0.00575717289268869,0.010948612032916642,,,0.34942378828457366,0.09983536808130675,0.03327845602710225,0.0,6.988475765691472,7.98682944650454,0.578125,6.19921875,0.9006597835689046,2.0,0.13
rs,1,-7,-7.0,59.037088231245676,idle_pre,0.0,0.0,0.0,,,0.0,0.0,0.0,0.0,1.0004399446143732,1.0004399446143732,0.578125,6.19921875,0.8566420053003534,2.0,0.12
rs,1,-6,-6.0,60.03643089930217,idle_pre,0.00847223573785012,0.0031020390693703194,0.005386874297885017,,,0.05003288821565031,0.01667762940521677,0.0,0.0,1.0006577643130061,1.0006577643130061,0.578125,6.19921875,0.8573907632743363,2.0,0.04
rs,1,-5,-5.0,61.03673088153203,idle_pre,0.003132393670895112,0.0020327235523893814,0.001083008450043523,,,0.04998500538662413,0.016661668462208044,0.0,0.0,2.999100323197448,2.999100323197448,0.578125,6.19921875,0.8786789021164021,2.0,0.08
rs,1,-4,-4.0,62.0360662817955,idle_pre,0.0025016626043077137,0.0016344195681477062,0.0008839207868553922,,,0.08338875347692379,0.01667775069538476,0.01667775069538476,0.0,3.0019951251692567,3.0019951251692567,0.578125,6.19921875,0.8911081051236749,2.0,0.08
rs,1,-3,-3.0,63.036873364448546,idle_pre,0.019450968127705852,0.012656451863918191,0.006777863037650926,,,0.3497177488714237,0.08326613068367231,0.08326613068367231,0.01665322613673446,7.9935485456325415,7.9935485456325415,0.5788346009700176,6.20001102292769,0.9153094686948854,2.0,0.1
rs,1,-2,-2.0,64.03742794990539,idle_pre,0.0,0.0,0.0,,,0.0,0.0,0.0,0.0,0.0,0.0,0.58203125,6.203125,0.8533047566371681,2.0,0.05
rs,1,-1,-1.0,65.03579578399658,idle_pre,0.000951553092518034,0.000634368728345356,0.00033387827807650314,,,0.050081741711475475,0.01669391390382516,0.0,0.0,3.0049045026885284,3.0049045026885284,0.58203125,6.203125,0.8621819690265486,2.0,0.31
rs,1,0,0.0,66.03624689976374,create,0.5798550848952019,0.2762253903711133,0.30362969452408856,,,16.775765521000615,3.398466897998138,4.164787865193797,2.5321910220378285,202.90846479224177,202.90846479224177,1.1557884149029982,6.78204227292769,1.5284736000881833,2.0,0.54
rs,1,1,1.0,67.03656848271687,post_near,0.002632486770463598,0.0018494052627940469,0.0007664201989957312,,,0.1166291607167417,0.04998392602146073,0.0,0.0,2.9990355612876436,2.9990355612876436,1.17578125,6.796875,1.466364767699115,2.0,0.34
rs,1,2,2.0,68.03642386595408,post_near,0.009484704980663722,0.009501374057958385,0.0,,,0.2500361594199575,0.08334538647331917,0.0,0.016669077294663836,6.000867826078981,6.000867826078981,1.1772142305996474,6.7983217592592595,1.501942791005291,2.0,0.34
rs,1,3,3.0,69.03606603145599,post_near,0.0,0.0,0.0,,,0.0,0.0,0.0,0.0,0.0,0.0,1.1796875,6.80078125,1.44921875,2.0,0.2
rs,1,4,4.0,70.03639194965362,post_near,0.0021159770312464124,0.0021159770312464124,0.0,,,0.049983709399521556,0.016661236466507186,0.0,0.0,2.9990225639712933,2.9990225639712933,1.1796875,6.80078125,1.4704953457446808,2.0,0.13
rs,1,5,5.0,71.03635816574096,post_near,0.008666959470468432,0.008650292240717533,0.0,,,0.100003378505405,0.016667229750900833,0.033334459501801667,0.0,3.00010135516215,3.00010135516215,1.1796875,6.80078125,1.4674456161660778,2.0,0.11
rs,1,6,6.0,72.03667894999187,post_near,0.002315923754799853,0.002315923754799853,0.0,,,0.09996793186186415,0.01666132197697736,0.03332264395395472,0.0,3.9987172744745663,2.9990379558559246,1.1796875,6.80078125,1.4958526234567902,2.0,0.08
rs,1,7,7.0,73.03604656457901,post_near,0.01797803571420406,0.010389903756910138,0.007588131957293922,,,0.25015819639430514,0.0667088523718147,0.03335442618590735,0.0,5.003163927886102,6.0037967134633226,1.1796875,6.80078125,1.5668919293960923,2.0,0.19
rs,1,8,8.0,74.03718990087509,post_near,0.0012652200946099675,0.0012818677274337826,0.0,,,0.04994289847144608,0.01664763282381536,0.0,0.0,2.996573908286765,2.996573908286765,1.1796875,6.80078125,1.5035473719081272,2.0,0.11
rs,1,9,9.0,75.03639021714528,post_near,0.0019182006204933818,0.0012843604154607862,0.0006338402050325957,,,0.0667200215823785,0.016680005395594624,0.0,0.0,3.0024009712070328,3.0024009712070328,1.1796875,6.80078125,1.4922152039007093,2.0,0.13
rs,1,10,10.0,76.03600728114446,post_near,0.003784782662870241,0.002284208038824771,0.0015005746240454698,,,0.050019154134848996,0.016673051378283,0.0,0.0,3.0011492480909396,3.0011492480909396,1.1796875,6.80078125,1.4757205167844523,2.0,0.09
rs,1,11,11.0,77.037562417984,post_mid,0.009967831990594327,0.009185714956273905,0.0007654762463561587,,,0.13312630371411455,0.06656315185705727,0.0,0.0,2.995341833567578,2.995341833567578,1.1796875,6.80078125,1.5225732853982301,2.0,0.1
rs,1,12,12.0,78.03587883313497,post_mid,0.015442665704675845,0.012504385527353737,0.0029382801773221064,,,0.4006745696348327,0.08347386867392348,0.10016864240870818,0.0,5.008432120435408,6.0101185445224905,1.1796875,6.80078125,1.477487301236749,2.0,0.1
rs,1,13,13.0,79.0374656478564,post_mid,0.00347781468579153,0.002113313230122126,0.001364501455669404,,,0.049920784963514785,0.01664026165450493,0.0,0.0,2.995247097810887,2.995247097810887,1.1796875,6.80078125,1.4705784574468086,2.0,0.08
rs,1,14,14.0,80.03665526707967,post_mid,0.002468667227131661,0.0015012165570395235,0.0009841308540592432,,,0.1000811038026349,0.016680183967105817,0.033360367934211634,0.0,3.002433114079047,3.002433114079047,1.1796875,6.80078125,1.4574737278761063,2.0,0.1
rs,1,15,15.0,81.03732229868571,post_mid,0.008427711783207352,0.008427711783207352,0.0,,,0.09993334130285397,0.016655556883808997,0.03331111376761799,0.0,3.9973336521141594,3.9973336521141594,1.1796875,6.80078125,1.5334791850706713,2.0,0.17
rs,1,16,16.0,82.03747161626816,post_mid,0.0027329252595405668,0.0027329252595405668,0.0,,,0.09998507047099635,0.016664178411832726,0.03332835682366545,0.0,2.9995521141298904,2.9995521141298904,1.1796875,6.80078125,1.4848174778761063,2.0,0.17
rs,1,17,17.0,83.03730760018031,post_mid,0.016235996297928466,0.01181860510804033,0.004400721789171576,,,0.43340441863053397,0.083347003582795,0.116685805015913,0.0,5.0008202149677,6.00098425796124,1.1796875,6.80078125,1.5215533900176679,2.0,0.13
rs,1,18,18.0,84.03661979834239,post_mid,0.0034356964116397984,0.0021014453779932747,0.0013509291715671052,,,0.10006882752348926,0.016678137920581544,0.03335627584116309,0.0,3.002064825704678,3.002064825704678,1.1796875,6.80078125,1.4529172207446808,2.0,0.05
rs,1,19,19.0,85.0369737346967,post_mid,0.009863175730206708,0.006014537903048347,0.0038486378271583607,,,0.09996461888723014,0.016660769814538356,0.03332153962907671,0.0,2.9989385666169044,2.9989385666169044,1.1796875,6.80078125,1.486307347074468,2.0,0.02
rs,1,20,20.0,86.03616840044657,post_mid,0.010708624021696462,0.010691943921974194,0.0,,,0.10008059833361178,0.01668009972226863,0.03336019944453726,0.0,3.0024179500083537,3.0024179500083537,1.1796875,6.80078125,1.455600110619469,2.0,0.13
rs,1,21,21.0,87.03621888160706,post_mid,0.020332306934883988,0.02034897276024045,0.0,,,0.5166405860503309,0.09999495213877371,0.14999242820816058,0.0,6.99964664971416,7.9995961711018975,1.1796875,6.80078125,1.484804410460993,2.0,0.23
rs,1,22,22.0,88.0369619011879,post_mid,0.0,0.0,0.0,,,0.0,0.0,0.0,0.0,0.9992575320873562,0.9992575320873562,1.1796875,6.80078125,1.4785259955752212,2.0,0.16
rs,1,23,23.0,89.03679021596909,post_mid,0.008901528260827213,0.008901528260827213,0.0,,,0.10001717146996868,0.016669528578328114,0.03333905715665623,0.0,1.000171714699687,1.000171714699687,1.1796875,6.80078125,1.4616300975177305,2.0,0.16
rs,1,24,24.0,90.03675340016683,post_mid,0.002550093883752159,0.0025334266034661972,0.0,,,0.10000368171577094,0.016667280285961823,0.033334560571923647,0.0,3.000110451473128,3.000110451473128,1.1796875,6.80078125,1.476985734902309,2.0,0.1
rs,1,25,25.0,91.03611471652985,post_mid,0.003068626548231034,0.003068626548231034,0.0,,,0.10006390918144677,0.016677318196907796,0.03335463639381559,0.0,3.001917275443403,3.001917275443403,1.1796875,6.80078125,1.4651686946902656,2.0,0.18
rs,1,26,26.0,92.03583918412527,post_mid,0.01883852395713801,0.01883852395713801,0.0,,,0.36676772305932415,0.08335630069530095,0.06668504055624076,0.0,7.00192925840528,8.002204866748892,1.1796875,6.80078125,1.5022193030973452,2.0,0.16
rs,1,27,27.0,93.03718526760737,post_mid,0.008971257272105624,0.008971257272105624,0.0,,,0.09986557260228895,0.01664426210038149,0.03328852420076298,0.0,2.9959671780686685,2.9959671780686685,1.1796875,6.80078125,1.4994833002645502,2.0,0.12
rs,1,28,28.0,94.03627861738205,post_mid,0.0028525862980098397,0.0028692680892262712,0.0,,,0.10009074729859085,0.01668179121643181,0.03336358243286362,0.0,3.0027224189577257,3.0027224189577257,1.1796875,6.80078125,1.474699412677305,2.0,0.17
rs,1,29,29.0,95.03678358395895,post_mid,0.0026819790235665013,0.0,0.0026819790235665013,,,0.09994952882856525,0.016658254804760877,0.033316509609521754,0.0,2.9984858648569577,2.9984858648569577,1.1796875,6.80078125,1.4986014660493827,2.0,0.16
rs,1,30,30.0,96.03708091576894,post_mid,0.002299316340110838,0.0005664982287229601,0.0017328181113878778,,,0.09997027565699296,0.016661712609498825,0.03332342521899765,0.0,2.999108269709789,2.999108269709789,1.1796875,6.80078125,1.5306081603356891,2.0,0.12
rs,1,31,31.0,97.03595328330994,post_late,0.014332828829684377,0.0050056445272471635,0.009310498820679724,,,0.4171370439372636,0.11679837230243381,0.08342740878745272,0.0,4.004515621797731,5.0056445272471635,1.1796875,6.80078125,1.5563645649293287,2.0,0.12
rs,1,32,32.0,98.03697206576665,post_late,0.0013486260434462667,0.0008491349162439458,0.0005161408314423984,,,0.0499491127202321,0.01664970424007737,0.0,0.0,2.996946763213926,2.996946763213926,1.1796875,6.80078125,1.4598007605820107,2.0,0.12
rs,1,33,33.0,99.03610484997431,post_late,0.006672453123388905,0.004136920936501121,0.0025188510540793112,,,0.10008679685083358,0.016681132808472263,0.033362265616944525,0.0,3.002603905525007,3.002603905525007,1.1796875,6.80078125,1.5086159131205674,2.0,0.08
rs,1,34,34.0,100.03719408114752,post_late,0.00089902075856442,0.0005660501072442644,0.00034961918388616336,,,0.049945597698023335,0.01664853256600778,0.0,0.0,2.9967358618814,2.9967358618814,1.1796875,6.80078125,1.4642629977876107,2.0,0.09
rs,1,35,35.0,101.03759566545486,post_late,0.0011495383634325456,0.00026655962050609755,0.000866318766644817,,,0.06663990512652439,0.016659976281631097,0.0,0.0,2.998795730693597,2.998795730693597,1.1796875,6.80078125,1.461186835106383,2.0,0.08
rs,1,36,36.0,102.03755136728287,post_late,0.016600735382231238,0.006916973075929683,0.009700429711303795,,,0.3500155050470442,0.08333702501120101,0.08333702501120101,0.0,5.00022150067206,6.0002658008064715,1.1796875,6.80078125,1.4998404196269983,2.0,0.18
rs,1,37,37.0,103.03609884977341,post_late,0.00045065458367350437,0.0002670545681028174,0.00016690910506426086,,,0.05007273151927826,0.01669091050642609,0.0,0.0,3.0043638911566957,3.0043638911566957,1.1796875,6.80078125,1.4894842367256638,2.0,0.07
rs,1,38,38.0,104.03757201830545,post_late,0.001747425747376864,0.0010983818983511717,0.0006656859990007101,,,0.09985289985010652,0.016642149975017752,0.033284299950035505,0.0,2.9955869955031957,2.9955869955031957,1.1796875,6.80078125,1.4783706934628975,2.0,0.02
rs,1,39,39.0,105.03682651519776,post_late,0.006304700173572557,0.00628802107258427,0.0,,,0.11675370691801032,0.01667910098828719,0.03335820197657438,0.0,3.002238177891694,3.002238177891694,1.1796875,6.80078125,1.507389265097691,2.0,0.08
rs,1,40,40.0,106.03667458295823,post_late,0.001383543538201583,0.0014002127374570237,0.0,,,0.10001519553264455,0.016669199255440758,0.033338398510881516,0.0,3.000455865979337,3.000455865979337,1.1796875,6.80078125,1.4891123670212767,2.0,0.21
rs,1,41,41.0,107.0365398645401,post_late,0.022503031572816426,0.022419687011435624,6.667564910464126e-05,,,0.3000404209708857,0.08334456138080157,0.05000673682848094,0.0,5.000673682848094,6.000808419417713,1.1796875,6.80078125,1.5405308067375887,2.0,0.12
rs,1,42,42.0,108.03603493372599,post_late,0.0005336027658122848,0.0005336027658122848,0.0,,,0.0500252592949017,0.0166750864316339,0.0,0.0,3.001515557694102,3.001515557694102,1.1796875,6.80078125,1.4815769060283688,2.0,0.11
rs,1,43,43.0,109.03672589858373,post_late,0.0,0.0,0.0,,,0.06662063414966908,0.01665515853741727,0.01665515853741727,0.0,2.9979285367351083,2.9979285367351083,1.1796875,6.80078125,1.4554244237588652,2.0,0.17
rs,1,44,44.0,110.03669288158417,post_late,0.0073502426829594476,0.005066833958321253,0.0022834087246381956,,,0.06666886787264806,0.016667216968162014,0.0,0.0,3.0000990542691626,3.0000990542691626,1.1796875,6.80078125,1.4721869478798586,2.0,0.19
rs,1,45,45.0,111.0364441315333,post_late,0.000500124405971423,0.0005167952195038038,0.0,,,0.050012440597142306,0.016670813532380768,0.0,0.0,3.0007464358285385,3.0007464358285385,1.1796875,6.80078125,1.4796957818021201,2.0,0.11
rs,1,46,46.0,112.03751683235168,post_late,0.0113711355069691,0.0,0.0113711355069691,,,0.33297614954521526,0.06659522990904305,0.09989284486356458,0.0,3.995713794542583,4.9946422431782285,1.1796875,6.80078125,1.4792011133156966,2.0,0.04
rs,1,47,47.0,113.03741505146027,post_late,0.0007334079802513366,0.0,0.0007334079802513366,,,0.05000508956259114,0.01666836318753038,0.0,0.0,3.0003053737554684,3.0003053737554684,1.1796875,6.80078125,1.4748824668141594,2.0,0.33
rs,1,48,48.0,114.03739638328553,post_late,0.0009166837794796466,0.0,0.0009166837794796466,,,0.05000093342616255,0.016666977808720847,0.0,0.0,3.000056005569753,3.000056005569753,1.1796875,6.80078125,1.4753249446902654,2.0,0.13
rs,1,49,49.0,115.03631980021795,post_late,0.00023358480678115694,0.0,0.00023358480678115694,,,0.05005388716739078,0.016684629055796926,0.0,0.0,3.0032332300434468,3.0032332300434468,1.1796875,6.80078125,1.4594318938721136,2.0,0.05
rs,1,50,50.0,116.03715598185858,post_late,0.02003324856534758,0.0,0.02003324856534758,,,0.34970758094122956,0.09991645169749416,0.04995822584874708,0.0,6.994151618824591,7.993316135799533,1.1796875,6.80078125,1.4847427286856127,2.0,0.3
rs,1,51,51.0,117.03660836617152,post_late,0.001300712290454595,0.0,0.001300712290454595,,,0.10005479157343036,0.01667579859557173,0.03335159719114346,0.0,2.0010958314686076,2.0010958314686076,1.1796875,6.80078125,1.5113857126998225,2.0,0.3
rs,1,52,52.0,118.0362647652626,post_late,0.00840288723969307,0.0,0.00840288723969307,,,0.1167067672179593,0.01667239531685133,0.03334479063370266,0.0,3.001031157033239,3.001031157033239,1.1796875,6.80078125,1.5045284845132743,2.0,0.26
rs,1,53,53.0,119.03690563440323,post_late,0.0016489432431608163,0.0,0.0016489432431608163,,,0.09993595413095856,0.016655992355159757,0.033311984710319514,0.0,2.9980786239287567,2.9980786239287567,1.1796875,6.80078125,1.512605274822695,2.0,0.2
rs,1,54,54.0,120.03706345160802,post_late,0.0013664510171866474,0.0013664510171866474,0.0,,,0.04999211038487734,0.016664036794959113,0.0,0.0,2.99952662309264,2.99952662309264,1.1796875,6.80078125,1.4922152039007093,2.0,0.35
rs,1,55,55.0,121.03751131693522,post_late,0.012244516105787884,0.01097841648124383,0.0012660996245440533,,,0.38316172848043717,0.08329602793052983,0.08329602793052983,0.0,6.996866346164506,7.996418681330864,1.1796875,6.80078125,1.5076258296460177,2.0,0.35
rs,1,56,56.0,122.03636108239492,post_late,0.00740852153736486,0.0,0.00740852153736486,,,0.10011515591033594,0.016685859318389323,0.033371718636778645,0.0,3.0034546773100783,3.0034546773100783,1.1796875,6.80078125,1.5023160951327434,2.0,0.26
rs,1,57,57.0,123.03605168263117,post_late,0.0020506344658192477,0.0,0.0020506344658192477,,,0.11670277447751817,0.01667182492535974,0.03334364985071948,0.0,3.000928486564753,3.000928486564753,1.1796875,6.80078125,1.5116081305309734,2.0,0.21
rs,1,58,58.0,124.0367051323255,post_late,0.00744513497882395,0.0018654476904435846,0.005563031505429976,,,0.09993469770233489,0.016655782950389147,0.033311565900778294,0.0,3.9973879080933954,2.9980409310700464,1.1796875,6.80078125,1.501338891342756,2.0,0.12
rs,1,59,59.0,125.03673725128174,post_late,0.0025999164933959004,0.0015832824799526315,0.0010166340134432688,,,0.09999678820753463,0.016666131367922436,0.03333226273584487,0.0,2.999903646226039,2.999903646226039,1.1796875,6.80078125,1.5017805874558303,2.0,0.09
rs,1,60,60.0,126.03649711608887,post_late,0.014853566864143746,0.00906884441536947,0.005801393118655469,,,0.41676674702984695,0.08335334940596939,0.11669468916835714,0.0,5.001200964358164,6.001441157229796,1.1796875,6.80078125,1.5048294201940036,2.0,0.1
rs,1,61,61.0,126.49587999979654,post_late,0.00718355018664535,0.004389947336283269,0.0027936028503620803,,,0.10884166949462651,0.036280556498208834,0.036280556498208834,0.0,0.0,0.0,1.1796875,6.80078125,1.4723847731660231,2.0,0.06
rs,2,-66,-66.0,0.03700161774953206,startup,0.05855599831696729,0.03738575277160219,0.02162067630164946,,,1.3512922688530913,0.9008615125687276,0.0,0.0,324.31014452474193,81.07753613118548,0.55078125,6.140625,0.9657315340909091,2.0,0.08
rs,2,-65,-65.0,1.0371718486150105,warmup,0.0035827234432208237,0.002249617045743308,0.0013164425675090468,,,0.04999148990540684,0.01666382996846895,0.0,0.01666382996846895,10.998127779189506,4.999148990540684,0.550863921957672,6.14076278659612,0.8569086199294532,2.0,0.19
rs,2,-64,-64.0,2.0381989002227785,warmup,0.003912648175067834,0.0024807854386600307,0.0014485123031102193,,,0.049948700107248944,0.016649566702416314,0.0,0.016649566702416314,4.994870010724894,3.995896008579915,0.5548117270318021,6.144703787544169,0.8513485534452296,2.0,0.24
rs,2,-63,-63.0,3.037282900015513,warmup,0.009208434928302913,0.005821999619524849,0.003386435308778064,,,0.08340973666941046,0.01668194733388209,0.0,0.0,5.0045842001646275,4.003667360131702,0.55859375,6.1484375,0.8417865044247788,2.0,0.16
rs,2,-62,-62.0,4.037634217739106,warmup,0.0033488234989516364,0.0021159233053077505,0.0012329001936438862,,,0.049982440282860245,0.01666081342762008,0.0,0.0,2.9989464169716147,2.9989464169716147,0.55859375,6.1484375,0.8433497128975265,2.0,0.13
rs,2,-61,-61.0,5.037997698783874,warmup,0.01894311453693693,0.01196231859060749,0.006964135335479012,,,0.2832303844572804,0.09996366510256956,0.03332122170085652,0.01666061085042826,7.997093208205564,7.997093208205564,0.5593667181978799,6.149244975706714,0.850409949204947,2.0,0.05
rs,2,-60,-60.0,6.0377373973528545,idle_pre,0.007018493590591902,0.007018493590591902,0.0,,,0.10002603692054969,0.01667100615342495,0.0333420123068499,0.0,3.0007811076164908,3.0007811076164908,0.5625,6.15234375,0.9082723847517731,2.0,0.5
rs,2,-59,-59.0,7.037332864602407,idle_pre,0.0007503035223475658,0.0007503035223475658,0.0,,,0.05002023482317105,0.016673411607723683,0.0,0.0,3.001214089390263,3.001214089390263,0.5625,6.15234375,0.8665445243362832,2.0,0.5
rs,2,-58,-58.0,8.037720882892609,idle_pre,0.007397129778351003,0.007397129778351003,0.0,,,0.09996121322095951,0.01666020220349325,0.0333204044069865,0.01666020220349325,2.998836396628785,2.998836396628785,0.563107332155477,6.153040801678445,0.8483809076855123,2.0,0.3
rs,2,-57,-57.0,9.038622899850209,idle_pre,0.005162010445709324,0.005162010445709324,0.0,,,0.11656152619343635,0.016651646599062334,0.03330329319812467,0.0,2.9972963878312204,2.9972963878312204,0.56640625,6.15625,0.8562914823008849,2.0,0.56
rs,2,-56,-56.0,10.037324631214142,idle_pre,0.015203071003589204,0.01481923935366324,0.0003838316499259623,,,0.3504549847150091,0.08344166302738311,0.08344166302738311,0.0,6.007799737971585,7.009099694300182,0.56640625,6.15625,0.8790869661921709,2.0,0.75
rs,2,-55,-55.0,11.037784465154012,idle_pre,0.0,0.0,0.0,,,0.0,0.0,0.0,0.0,0.9995403774101961,0.0,0.56640625,6.15625,0.8359375,2.0,0.3
rs,2,-54,-54.0,12.038123381137847,idle_pre,0.00031655937963307585,0.00019993223976825844,0.00011662713986481742,,,0.04998305994206461,0.016661019980688203,0.0,0.0,2.9989835965238765,2.9989835965238765,0.56640625,6.15625,0.8598313053097345,2.0,0.13
rs,2,-53,-53.0,13.0372039159139,idle_pre,0.006422571998267377,0.004137137287195608,0.0022854347110717677,,,0.05004601557091463,0.016682005190304876,0.0,0.0,3.002760934254878,3.002760934254878,0.56640625,6.15625,0.9173534292035398,2.0,0.16
rs,2,-52,-52.0,14.038065501054128,idle_pre,0.0023979339757192715,0.001565318011927858,0.0008492682830672421,,,0.09991391565496965,0.016652319275828276,0.03330463855165655,0.0,2.99741746964909,2.99741746964909,0.56640625,6.15625,0.8566606040564374,2.0,0.37
rs,2,-51,-51.0,15.038179898262024,idle_pre,0.0090323000634252,0.005816001332353126,0.003199633970807451,,,0.19997712317546568,0.06665904105848855,0.016664760264622137,0.0,3.999542463509313,4.999428079386641,0.56640625,6.15625,0.8784153761061947,2.0,0.22
rs,2,-50,-50.0,16.037434299786884,idle_pre,0.000867313334166088,0.0005670894877239806,0.0003169029490222245,,,0.050037307740351235,0.016679102580117077,0.0,0.0,3.0022384644210742,3.0022384644210742,0.56640625,6.15625,0.9033978174603174,2.0,0.28
rs,2,-49,-49.0,17.038607331116996,idle_pre,0.007241505487186377,0.007241505487186377,0.0,,,0.09988283430601899,0.016647139051003165,0.03329427810200633,0.016647139051003165,2.99648502918057,2.99648502918057,0.568390376984127,6.158344356261023,0.9018339395943563,2.0,0.3
rs,2,-48,-48.0,18.038104263941445,idle_pre,0.0026680088543453574,0.0026680088543453574,0.0,,,0.11672538737760939,0.016675055339658483,0.033350110679316966,0.0,3.001509961138527,3.001509961138527,0.5703125,6.16015625,0.8917054521276596,2.0,0.16
rs,2,-47,-47.0,19.038370366891225,idle_pre,0.0013329786237895516,0.0013329786237895516,0.0,,,0.09997339678421636,0.016662232797369395,0.03332446559473879,0.0,2.9992019035264907,2.9992019035264907,0.5703125,6.16015625,0.9482508296460177,2.0,0.23
rs,2,-46,-46.0,20.037770764033,idle_pre,0.016710019375378478,0.016710019375378478,0.0,,,0.36688665295242173,0.08338333021645948,0.08338333021645948,0.016676666043291898,5.002999812987569,6.003599775585083,0.5730641592920354,6.162914823008849,0.8828263274336283,2.0,0.19
rs,2,-45,-45.0,21.037141184012096,idle_pre,0.001367527634743536,0.001367527634743536,0.0,,,0.10006299766416117,0.016677166277360194,0.03335433255472039,0.0,5.003149883208058,4.002519906566446,0.57421875,6.1640625,0.8823823268206039,2.0,0.17
rs,2,-44,-44.0,22.038095966974893,idle_pre,0.001332061503704196,0.001332061503704196,0.0,,,0.04995230638890735,0.01665076879630245,0.0,0.0,2.997138383334441,2.997138383334441,0.57421875,6.1640625,0.8949867491166078,2.0,0.35
rs,2,-43,-43.0,23.037327965100605,idle_pre,0.008940199423246895,0.00838977669756192,0.0005337432491490684,,,0.10007685921545031,0.016679476535908386,0.03335895307181677,0.0,3.0023057764635093,3.0023057764635093,0.57421875,6.1640625,0.8867464539007093,2.0,0.27
rs,2,-42,-42.0,24.037988297144572,idle_pre,0.001882090528647623,0.001882090528647623,0.0,,,0.09993401037067025,0.01665566839511171,0.03331133679022342,0.0,2.9980203111201074,2.9980203111201074,0.57421875,6.1640625,0.9472898230088496,2.0,0.47
rs,2,-41,-41.0,25.037438531716663,idle_pre,0.009872094002650374,0.009888769837114312,0.0,,,0.28348918588691957,0.05002750339180933,0.08337917231968223,0.0,4.002200271344747,5.002750339180934,0.57421875,6.1640625,0.8949867491166078,2.0,0.52
rs,2,-40,-40.0,26.03724983135859,idle_pre,0.0012002264831671423,0.001183556670900932,0.0,,,0.10001887359726186,0.01666981226621031,0.03333962453242062,0.0,3.000566207917856,3.000566207917856,0.57421875,6.1640625,0.8773189045936396,2.0,0.2
rs,2,-39,-39.0,27.03711663087209,idle_pre,0.0017335642449341393,0.0017335642449341393,0.0,,,0.116682208793644,0.01666888697052057,0.03333777394104114,0.01666888697052057,3.000399654693703,3.000399654693703,0.5774900618374559,6.16738902385159,0.8670770759717314,2.0,0.2
rs,2,-38,-38.0,28.037277567386628,idle_pre,0.0007165513473903312,0.0007165513473903312,0.0,,,0.049991954469092874,0.01666398482303096,0.0,0.0,2.9995172681455724,2.9995172681455724,0.578125,6.16796875,0.8697410556537103,2.0,0.19
rs,2,-37,-37.0,29.037153947353364,idle_pre,0.01656871489175273,0.01656871489175273,0.0,,,0.30003709059511985,0.08334363627642218,0.05000618176585331,0.0,6.000741811902397,7.000865447219463,0.578125,6.16796875,0.8972137721238939,2.0,0.19
rs,2,-36,-36.0,30.038248066107432,idle_pre,0.0008157741129106472,0.0007491803077750841,6.659380513556303e-05,,,0.04994535385167227,0.016648451283890756,0.0,0.0,1.9978141540668908,1.9978141540668908,0.578125,6.16796875,0.8736703593474426,2.0,0.21
rs,2,-35,-35.0,31.037417431672413,idle_pre,0.0024186757019918825,0.0016346911641048584,0.0008006650599697264,,,0.11676365457891845,0.016680522082702636,0.03336104416540527,0.0,3.002493974886474,3.002493974886474,0.578125,6.16796875,0.8556067800353356,2.0,0.16
rs,2,-34,-34.0,32.0377787510554,idle_pre,0.0069641503841468486,0.0069641503841468486,0.0,,,0.09996388111215573,0.016660646852025954,0.03332129370405191,0.0,2.998916433364672,2.998916433364672,0.578125,6.16796875,0.8538290895061729,2.0,0.1
rs,2,-33,-33.0,33.038049733638765,idle_pre,0.00021660796967946572,0.00021660796967946572,0.0,,,0.04998645454141517,0.016662151513805058,0.0,0.0,2.9991872724849102,2.9991872724849102,0.578125,6.16796875,0.849864730565371,2.0,0.04
rs,2,-32,-32.0,34.0379513502121,idle_pre,0.013001279110389926,0.012984610803838142,0.0,,,0.3333661310356391,0.06667322620712782,0.10000983931069173,0.0,6.000590358641504,7.000688751748421,0.578125,6.16796875,0.9000541185612788,2.0,0.23
rs,2,-31,-31.0,35.038568115234376,idle_pre,0.0004330662332283485,0.0004330662332283485,0.0,,,0.01665639358570571,0.0,0.0,0.0,0.0,0.0,0.578125,6.16796875,0.84765625,2.0,0.21
rs,2,-30,-30.0,36.03817921479543,idle_pre,0.0013171789181260945,0.0013338520689884499,0.0,,,0.10003890517413375,0.016673150862355626,0.03334630172471125,0.0,3.0011671552240125,3.0011671552240125,0.578125,6.16796875,0.8742049225663717,2.0,0.45
rs,2,-29,-29.0,37.03769534826279,idle_pre,0.001000484100772806,0.000983809365759926,0.0,,,0.0500242050386403,0.0166747350128801,0.0,0.0,3.001452302318418,3.001452302318418,0.578125,6.16796875,0.8923465154867256,2.0,0.55
rs,2,-28,-28.0,38.03692513306935,idle_pre,0.0014844766998418453,0.0014844766998418453,0.0,,,0.10007708088821428,0.01667951348136905,0.0333590269627381,0.0,3.0023124266464283,3.0023124266464283,0.578125,6.16796875,0.8728774889380531,2.0,0.51
rs,2,-27,-27.0,39.03747136592865,idle_pre,0.021255056456404037,0.021255056456404037,0.0,,,0.21654838082543298,0.06663027102321015,0.0,0.0,3.9978162613926087,4.997270326740761,0.578125,6.16796875,0.8707348719081273,2.0,0.39
rs,2,-26,-26.0,40.0376392642657,idle_pre,0.002849521570067008,0.0028661854388978094,0.0,,,0.06665547532320487,0.016663868830801218,0.0,0.0,2.9994963895442193,2.9994963895442193,0.578125,6.16796875,0.8758956128747796,2.0,0.36
rs,2,-25,-25.0,41.037911315759025,idle_pre,0.0034823859450366455,0.0034657238113283365,0.0,,,0.04998640112492793,0.01666213370830931,0.0,0.0,2.999184067495676,2.999184067495676,0.578125,6.16796875,0.8924607994699647,2.0,0.28
rs,2,-24,-24.0,42.037561333179475,idle_pre,0.010186898570372598,0.010186898570372598,0.0,,,0.050017505255511935,0.016672501751837314,0.0,0.0,4.001400420440955,4.001400420440955,0.578125,6.16796875,0.8789131637168142,2.0,0.11
rs,2,-23,-23.0,43.036889930566154,idle_pre,0.00855574434911491,0.008572422213343204,0.0,,,0.10006718536976503,0.016677864228294172,0.033355728456588345,0.0,4.002687414790602,3.002015561092951,0.578125,6.16796875,0.9293907354240283,2.0,0.04
rs,2,-22,-22.0,44.03784138361613,idle_pre,0.015451964847584286,0.015435314023395078,0.0,,,0.3663181321625585,0.08325412094603603,0.08325412094603603,0.0,4.995247256762162,5.994296708114594,0.578125,6.16796875,0.9292879188712522,2.0,0.16
rs,2,-21,-21.0,45.03841883341472,idle_pre,0.0,0.0,0.0,,,0.0,0.0,0.0,0.0,0.0,0.0,0.578125,6.16796875,0.84765625,2.0,0.13
rs,2,-20,-20.0,46.03734743197759,idle_pre,0.0023024668663094933,0.0023191514088189823,0.0,,,0.1001072550569345,0.016684542509489083,0.033369085018978166,0.0,3.0032176517080353,3.0032176517080353,0.578125,6.16796875,0.8813010711130742,2.0,0.05
rs,2,-19,-19.0,47.03734194835027,idle_pre,0.0026166810155701698,0.0026000142575092135,0.0,,,0.10000054836573896,0.016666758060956494,0.03333351612191299,0.0,3.000016450972169,3.000016450972169,0.578125,6.16796875,0.8698743386243386,2.0,0.15
rs,2,-18,-18.0,48.038148148854575,idle_pre,0.00251463936314396,0.0,0.00251463936314396,,,0.09991944489313748,0.016653240815522913,0.033306481631045826,0.0,2.997583346794124,2.997583346794124,0.578125,6.16796875,0.8886235644876325,2.0,0.08
rs,2,-17,-17.0,49.03736528158188,idle_pre,0.024452476376825096,0.015662261471922758,0.008790214904902336,,,0.3335944935446807,0.06671889870893614,0.08339862338617017,0.0,4.003133922536168,5.0039174031702105,0.578125,6.16796875,0.8745445008833922,2.0,0.09
rs,2,-16,-16.0,50.03857381741206,idle_pre,0.0,0.0,0.0,,,0.0,0.0,0.0,0.0,0.0,0.0,0.578125,6.16796875,0.84765625,2.0,0.12
rs,2,-15,-15.0,51.037132481733956,idle_pre,0.0007677732856960328,0.0005507938788688932,0.0002336701304292274,,,0.050072170806263014,0.016690723602087672,0.0,0.0,4.005773664501041,3.0043302483757808,0.578125,6.16796875,0.8768597898230088,2.0,0.26
rs,2,-14,-14.0,52.0379379828771,idle_pre,0.0,0.0,0.0,,,0.04995975735833698,0.016653252452778995,0.0,0.0,2.9975854415002186,2.9975854415002186,0.578125,6.16796875,0.9215500553097346,2.0,0.69
rs,2,-13,-13.0,53.03771209716797,idle_pre,0.007151615447726811,0.007134945015447728,0.0,,,0.08335216139541739,0.016670432279083477,0.0,0.0,3.0006778102350258,3.0006778102350258,0.578125,6.16796875,0.913585453539823,2.0,0.54
rs,2,-12,-12.0,54.03822849988937,idle_pre,0.023088077254073986,0.023104735318470866,0.0,,,0.3498193523344543,0.08329032198439389,0.04997419319063633,0.0,4.997419319063633,5.99690318287636,0.578125,6.16796875,0.8834060291519434,2.0,0.19
rs,2,-11,-11.0,55.03714544773102,idle_pre,0.0009009758037889198,0.0008842910666817176,0.0,,,0.05005421132160666,0.01668473710720222,0.0,0.0,3.0032526792963994,3.0032526792963994,0.578125,6.16796875,0.8684527101769911,2.0,0.13
rs,2,-10,-10.0,56.03728798230489,idle_pre,0.007332288228755135,0.006199116411583886,0.001133171817171248,,,0.09998574857393365,0.016664291428988943,0.033328582857977886,0.0,3.999429942957346,2.9995724572180094,0.578125,6.16796875,0.8596031526548673,2.0,0.22
rs,2,-9,-9.0,57.0380490342776,idle_pre,0.0023482128879492897,0.0,0.0023648668800624055,,,0.11657794479180872,0.01665399211311553,0.03330798422623106,0.0,2.9977185803607957,2.9977185803607957,0.578125,6.16796875,0.8543051861702128,2.0,0.09
rs,2,-8,-8.0,58.03760723272959,idle_pre,0.012222066394519573,0.0,0.012222066394519573,,,0.4668729318506795,0.10004419968228848,0.11671823296266988,0.0,7.003093977760193,8.003535974583077,0.578125,6.16796875,0.8888066924778761,2.0,0.03
rs,2,-7,-7.0,59.03742648363114,idle_pre,0.0,0.0,0.0,,,0.0,0.0,0.0,0.0,1.0001807817746027,1.0001807817746027,0.578125,6.16796875,0.8489860372340425,2.0,0.01
rs,2,-6,-6.0,60.03724748293559,idle_pre,0.004350778792430014,0.0,0.004334109141884305,,,0.1000179032742532,0.016669650545708865,0.03333930109141773,0.0,1.000179032742532,1.000179032742532,0.578125,6.16796875,0.8587378102836879,2.0,0.08
rs,2,-5,-5.0,61.03762129942576,idle_pre,0.010945908239000338,0.0035153525699072622,0.007447216107813014,,,0.09996263231963778,0.016660438719939632,0.033320877439879264,0.0,2.9988789695891334,2.9988789695891334,0.578125,6.16796875,0.8707468361456483,2.0,0.04
rs,2,-4,-4.0,62.03714159727097,idle_pre,0.00206765852691741,0.0014173465708708052,0.0006336372905069482,,,0.11672265877759572,0.016674665539656533,0.033349331079313066,0.0,3.0014397971381754,3.0014397971381754,0.578125,6.16796875,0.8605566058718861,2.0,0.09
rs,2,-3,-3.0,63.03772463401159,idle_pre,0.018206051869525085,0.015940705982740624,0.0022820028418343427,,,0.38310996614737136,0.08328477524942857,0.09994173029931427,0.01665695504988571,6.995921120951999,7.9953384239451415,0.5788094579646018,6.168770741150443,0.9243708517699115,2.0,0.1
rs,2,-2,-2.0,64.03768118222554,idle_pre,0.0026667825431311494,0.00265011515223658,0.0,,,0.08333695447284842,0.016667390894569683,0.016667390894569683,0.0,3.000130361022543,3.000130361022543,0.58203125,6.171875,0.8953678097345132,2.0,0.19
rs,2,-1,-1.0,65.0367672642072,idle_pre,0.0032362910380255806,0.0032362910380255806,0.0,,,0.10009147540285301,0.016681912567142167,0.03336382513428433,0.0,3.0027442620855904,3.0027442620855904,0.58203125,6.171875,0.864417109929078,2.0,0.16
rs,2,0,0.0,66.03835264841716,create,0.443397045325602,0.27364949374688596,0.16974755157871596,,,17.339177408589553,3.394618225865901,4.759121630380626,2.5293233839785145,202.67867642669938,202.67867642669938,1.1568504306537102,6.748771532685512,1.5214429659893993,2.0,0.28
rs,2,1,1.0,67.03822386662165,post_near,0.002983717581840793,0.0020169264100711507,0.0009834599850760154,,,0.1500193197573583,0.033337626612746286,0.05000643991911943,0.0,3.000386395147166,3.000386395147166,1.17578125,6.765625,1.5338748346560847,2.0,0.2
rs,2,2,2.0,68.03733013073604,post_near,0.008774508760024188,0.008390832521467998,0.00036699466296679116,,,0.3669946629667912,0.050044726768198794,0.1334526047151968,0.0166815755893996,4.003578141455904,5.004472676819879,1.177189156360424,6.767074315371024,1.4816351037985867,2.0,0.18
rs,2,3,3.0,69.03836505015691,post_near,0.0007825234845818464,0.0007991729204240134,0.0,,,0.04994830752650083,0.016649435842166944,0.0,0.0,2.99689845159005,2.99689845159005,1.1796875,6.76953125,1.473478982300885,2.0,0.28
rs,2,4,4.0,70.03695249954859,post_near,0.0024200851594308,0.0024033949169519667,0.0,,,0.11683169735183171,0.016690242478833103,0.033380484957666205,0.0,3.004243646189958,3.004243646189958,1.1796875,6.76953125,1.5274612831858407,2.0,0.25
rs,2,5,5.0,71.03850803375244,post_near,0.0004992234408623763,0.0004992234408623763,0.0,,,0.04992234408623763,0.016640781362079207,0.0,0.0,2.9953406451742577,2.9953406451742577,1.1796875,6.76953125,1.4840437279151943,2.0,0.22
rs,2,6,6.0,72.0375315507253,post_near,0.007974453585243376,0.002035320789539104,0.0059558157529955745,,,0.10009774374782479,0.016682957291304132,0.033365914582608264,0.0,3.002932312434744,3.002932312434744,1.1796875,6.76953125,1.4597621681415929,2.0,0.12
rs,2,7,7.0,73.03803215026855,post_near,0.014775936506267153,0.01475927817875163,0.0,,,0.34982487782594157,0.08329163757760515,0.08329163757760515,0.0,4.997498254656309,5.996997905587571,1.1796875,6.76953125,1.4775911921708185,2.0,0.1
rs,2,8,8.0,74.03750805060069,post_near,0.0002501310936230911,0.0002501310936230911,0.0,,,0.05002621872461822,0.016675406241539407,0.0,0.0,3.001573123477093,3.001573123477093,1.1796875,6.76953125,1.5217090707964602,2.0,0.07
rs,2,9,9.0,75.03841356436412,post_near,0.007559821144571205,0.007559821144571205,0.0,,,0.11656111896915955,0.016651588424165652,0.033303176848331305,0.0,2.997285916349817,2.997285916349817,1.1796875,6.76953125,1.5160682624113475,2.0,0.09
rs,2,10,10.0,76.0381654659907,post_near,0.00110027297593564,0.00110027297593564,0.0,,,0.10002481599414909,0.016670802665691514,0.03334160533138303,0.0,3.0007444798244727,3.0007444798244727,1.1796875,6.76953125,1.4712987588652482,2.0,0.23
rs,2,11,11.0,77.03761871655782,post_mid,0.00728731767013671,0.007220614533567952,6.670313656875706e-05,,,0.1500820572797034,0.03335156828437853,0.0500273524265678,0.0,3.001641145594068,3.001641145594068,1.1796875,6.76953125,1.5523133833922262,2.0,0.18
rs,2,12,12.0,78.0372192978859,post_mid,0.019057611966061563,0.017890479124745458,0.0011671328413161062,,,0.31679319978580023,0.06669330521806321,0.08336663152257902,0.0,4.001598313083793,5.001997891354741,1.1796875,6.76953125,1.504775839222615,2.0,0.06
rs,2,13,13.0,79.03788106441498,post_mid,0.0031645724585347497,0.0021652337874185127,0.0010159943156348408,,,0.11658951163022761,0.016655644518603945,0.03331128903720789,0.0,2.9980160133487104,2.9980160133487104,1.1796875,6.76953125,1.5117463073192239,2.0,0.13
rs,2,14,14.0,80.0375689983368,post_mid,0.0023007179760357937,0.001550483853415426,0.0007335622532288037,,,0.10003121634938233,0.01667186939156372,0.03334373878312744,0.0,3.00093649048147,3.00093649048147,1.1796875,6.76953125,1.4652654867256638,2.0,0.47
rs,2,15,15.0,81.03718279997507,post_mid,0.0072194548082861,0.004918566208878521,0.002300888599407579,,,0.10003863475685126,0.016673105792808545,0.03334621158561709,0.0,3.001159042705538,3.001159042705538,1.1796875,6.76953125,1.571050960689046,2.0,0.45
rs,2,16,16.0,82.0375541806221,post_mid,0.0022658251830441458,0.0015494245736993053,0.0007164006093448402,,,0.09996287572253583,0.016660479287089306,0.03332095857417861,0.0,2.9988862716760747,2.9988862716760747,1.1796875,6.76953125,1.5134027164310955,2.0,0.72
rs,2,17,17.0,83.0380585471789,post_mid,0.01395962589821812,0.013143370923262645,0.0008329132397504845,,,0.266532236720155,0.06663305918003876,0.03331652959001938,0.0,3.997983550802325,4.997479438502907,1.1796875,6.76953125,1.4792082225177305,2.0,0.66
rs,2,18,18.0,84.03788758118948,post_mid,0.0,0.0,0.0,,,0.0,0.0,0.0,0.0,0.0,0.0,1.1796875,6.76953125,1.453125,2.0,0.47
rs,2,19,19.0,85.03736229737599,post_mid,0.010655597212738777,0.010655597212738777,0.0,,,0.06670170399210502,0.016675425998026256,0.016675425998026256,0.0,3.0015766796447263,3.0015766796447263,1.1796875,6.76953125,1.464629424778761,2.0,0.25
rs,2,20,20.0,86.03785674969355,post_mid,0.001282699099790715,0.0012660406699233034,0.0,,,0.049975289602235656,0.016658429867411884,0.0,0.0,4.9975289602235655,3.998023168178852,1.1796875,6.76953125,1.47649360670194,2.0,0.19
rs,2,21,21.0,87.03804440100988,post_mid,0.015163821155666292,0.015180484695397792,0.0,,,0.3665978740930312,0.0833176986575071,0.0833176986575071,0.0,5.998874303340511,6.998686687230595,1.1796875,6.76953125,1.4957900839222615,2.0,0.12
rs,2,22,22.0,88.03852239847183,post_mid,0.008579232481981426,0.008579232481981426,0.0,,,0.133269630788061,0.016658703848507626,0.03331740769701525,0.0,1.999044461820915,1.999044461820915,1.1796875,6.76953125,1.4693307522123893,2.0,0.12
rs,2,23,23.0,89.03817205031713,post_mid,0.0022507885596184905,0.0022507885596184905,0.0,,,0.08336253924512929,0.016672507849025856,0.016672507849025856,0.0,3.0010514128246544,3.0010514128246544,1.1796875,6.76953125,1.4649820243362832,2.0,0.2
rs,2,24,24.0,90.03744768301645,post_mid,0.0024684547345595644,0.0024684547345595644,0.0,,,0.10007248923890125,0.016678748206483542,0.033357496412967085,0.0,3.0021746771670372,3.0021746771670372,1.1796875,6.76953125,1.4598866150442478,2.0,0.16
rs,2,25,25.0,91.03705349763234,post_mid,0.008620064570130337,0.008620064570130337,0.0,,,0.050019717041375256,0.016673239013791752,0.0,0.0,3.0011830224825156,3.0011830224825156,1.1796875,6.76953125,1.4642076880530974,2.0,0.11
rs,2,26,26.0,92.0375545501709,post_mid,0.01365982237798798,0.0032983473546849026,0.010361475023303077,,,0.2665331195704972,0.08329159986578037,0.0,0.0,6.9964943887255515,7.995993587114915,1.1796875,6.76953125,1.5075497787610619,2.0,0.24
rs,2,27,27.0,93.03700533310572,post_mid,0.0013340660251604222,0.0006003297113221899,0.0007337363138382321,,,0.05002747594351583,0.016675825314505278,0.0,0.0,3.0016485566109496,3.0016485566109496,1.1796875,6.76953125,1.466866134751773,2.0,0.25
rs,2,28,28.0,94.03690973122914,post_mid,0.0019835229618507194,0.0,0.0019835229618507194,,,0.05000478055085847,0.01666826018361949,0.0,0.0,3.0002868330515082,3.0002868330515082,1.1796875,6.76953125,1.464206560283688,2.0,0.43
rs,2,29,29.0,95.03771634896596,post_mid,0.01075798908186076,0.0,0.01074133584798791,,,0.04995970161854842,0.016653233872849473,0.0,0.0,2.9975820971129052,2.9975820971129052,1.1796875,6.76953125,1.4602171985815602,2.0,0.21
rs,2,30,30.0,96.03714811404546,post_mid,0.0015508812648922636,0.0,0.0015675574075255138,,,0.05002842789975044,0.016676142633250148,0.0,0.0,3.0017056739850263,3.0017056739850263,1.1796875,6.76953125,1.4748064159292036,2.0,0.28
rs,2,31,31.0,97.03813541730246,post_late,0.0150684561974518,0.00949062987021826,0.005561176099391051,,,0.4329059239046926,0.1332018227399054,0.0666009113699527,0.0,4.995068352746453,5.994082023295744,1.1796875,6.76953125,1.5297095070422535,2.0,0.23
rs,2,32,32.0,98.03754154841106,post_late,0.0012674193475895562,0.0012674193475895562,0.0,,,0.10005942217812286,0.016676570363020476,0.03335314072604095,0.0,3.001782665343686,3.001782665343686,1.1796875,6.76953125,1.5044524336283185,2.0,0.21
rs,2,33,33.0,99.03854443232218,post_late,0.0019313963669908578,0.0019313963669908578,0.0,,,0.09989981208573402,0.01664996868095567,0.03329993736191134,0.0,2.996994362572021,2.996994362572021,1.1796875,6.76953125,1.5162875441696113,2.0,0.22
rs,2,34,34.0,100.03712983131409,post_late,0.007043296788070066,0.007043296788070066,0.0,,,0.10014166049388719,0.0166902767489812,0.0333805534979624,0.0,3.0042498148166157,3.0042498148166157,1.1796875,6.76953125,1.4837101063829787,2.0,0.16
rs,2,35,35.0,101.03836966753006,post_late,0.00196423134151291,0.00196423134151291,0.0,,,0.11652219822534211,0.016646028317906018,0.033292056635812035,0.0,2.996285097223083,2.996285097223083,1.1796875,6.76953125,1.4601921378091873,2.0,0.19
rs,2,36,36.0,102.03771700064341,post_late,0.00955623703947662,0.0006170694074356632,0.008939167632040957,,,0.20013061862778264,0.06671020620926088,0.01667755155231522,0.0,4.002612372555653,5.003265465694566,1.1796875,6.76953125,1.4748448581560283,2.0,0.16
rs,2,37,37.0,103.0378919839859,post_late,0.00011664625551498788,0.0,0.0001333100063028433,,,0.04999125236356623,0.01666375078785541,0.0,0.0,2.999475141813974,2.999475141813974,1.1796875,6.76953125,1.487195796460177,2.0,0.11
rs,2,38,38.0,104.03785056670507,post_late,0.0018334092681598743,0.0,0.0018334092681598743,,,0.05000207094981476,0.016667356983271587,0.0,0.0,3.0001242569888853,3.0001242569888853,1.1796875,6.76953125,1.5155143805309734,2.0,0.15
rs,2,39,39.0,105.03762046496074,post_late,0.0021171538274553873,0.0,0.0021004833248769983,,,0.05001150773516663,0.016670502578388875,0.0,0.0,3.000690464109998,3.000690464109998,1.1796875,6.76953125,1.4782572751322751,2.0,0.15
rs,2,40,40.0,106.03686196406683,post_late,0.008506452151560968,0.005437457649821325,0.003085673819683881,,,0.050037953832711576,0.01667931794423719,0.0,0.0,3.0022772299626945,3.0022772299626945,1.1796875,6.76953125,1.5191164269911503,2.0,0.05
rs,2,41,41.0,107.03820838133494,post_late,0.014014464016977467,0.01311567416315706,0.0008821455972681778,,,0.31624087449236565,0.06657702620891909,0.08322128276114885,0.0,3.994621572535145,4.99327696566893,1.1796875,6.76953125,1.5047566371681416,2.0,0.02
rs,2,42,42.0,108.03844036658604,post_late,0.0,0.0,0.0,,,0.0,0.0,0.0,0.0,0.0,0.0,1.1796875,6.76953125,1.453125,2.0,0.0
rs,2,43,43.0,109.03798025051752,post_late,0.002501150819681933,0.0,0.002501150819681933,,,0.10004603278727732,0.016674338797879554,0.03334867759575911,0.0,3.0013809836183194,3.0013809836183194,1.1796875,6.76953125,1.4854970079787233,2.0,0.0
rs,2,44,44.0,110.03743456602096,post_late,0.002951610648170593,0.0,0.0029682864145444384,,,0.1167303646169161,0.016675766373845158,0.033351532747690316,0.0,3.0016379472921284,3.0016379472921284,1.1796875,6.76953125,1.519538188277087,2.0,0.15
rs,2,45,45.0,111.03792909781139,post_late,0.002398813710360942,0.0,0.002398813710360942,,,0.09995057126503926,0.01665842854417321,0.03331685708834642,0.0,2.9985171379511777,2.9985171379511777,1.1796875,6.76953125,1.4841468473451327,2.0,0.19
rs,2,46,46.0,112.03746639887491,post_late,0.011822136756770737,0.004151921089472375,0.007670215667298363,,,0.4335339290212118,0.08337190942715612,0.1333950550834498,0.0,6.002777478755241,6.002777478755241,1.1796875,6.76953125,1.4905489491150443,2.0,0.15
rs,2,47,47.0,113.0377469976743,post_late,0.00911410925855123,0.006181598784136208,0.002932510474415021,,,0.0666479653276141,0.016661991331903526,0.0,0.0,2.999158439742635,2.999158439742635,1.1796875,6.76953125,1.4866939045936396,2.0,0.11
rs,2,48,48.0,114.03688124815623,post_late,0.002935875065756645,0.0019683707827232054,0.0009508231747052771,,,0.1167677582971393,0.016681108328162757,0.033362216656325515,0.0,3.002599499069296,3.002599499069296,1.1796875,6.76953125,1.455123064159292,2.0,0.12
rs,2,49,49.0,115.03689778248469,post_late,0.0023499611449705592,0.00159997354551187,0.0007666539905577711,,,0.09999834659449187,0.01666639109908198,0.03333278219816396,0.0,2.9999503978347564,2.9999503978347564,1.1796875,6.76953125,1.4798959253533568,2.0,0.17
rs,2,50,50.0,116.03703721761704,post_late,0.027379515666942782,0.018014154860599603,0.009348696463271395,,,0.4332729198664104,0.08332171535892509,0.13331474457428014,0.0,5.999163505842606,6.999024090149707,1.1796875,6.76953125,1.4951120022123894,2.0,0.09
rs,2,51,51.0,117.03772784868876,post_late,0.0025482401062044357,0.0017321370656553025,0.0008161030405491329,,,0.0999309845570367,0.016655164092839448,0.033310328185678896,0.0,3.9972393822814674,2.997929536711101,1.1796875,6.76953125,1.505904314159292,2.0,0.18
rs,2,52,52.0,118.03714038133622,post_late,0.00355208673499023,0.00240141075041593,0.0011506759845742998,,,0.13341170835644056,0.01667646354455507,0.03335292708911014,0.0,3.0017634380199127,3.0017634380199127,1.1796875,6.76953125,1.4844854240282686,2.0,0.35
rs,2,53,53.0,119.03780658245087,post_late,0.00349766984844827,0.002365091040379307,0.0011325788080689637,,,0.09993342424137915,0.016655570706896525,0.03331114141379305,0.0,2.9980027272413743,2.9980027272413743,1.1796875,6.76953125,1.5167568462897527,2.0,0.54
rs,2,54,54.0,120.03765868345896,post_late,0.005300783980607026,0.0036005325151293004,0.0017169205974922126,,,0.10001479208692501,0.0166691320144875,0.033338264028975,0.0,3.0004437626077505,3.0004437626077505,1.1796875,6.76953125,1.4639641511524824,2.0,0.5
rs,2,55,55.0,121.03736098210017,post_late,0.019989284170392203,0.008419173065928326,0.011570111104463876,,,0.2334028176693001,0.06668651933408574,0.03334325966704287,0.0,6.0017867400677165,7.002084530079003,1.1796875,6.76953125,1.5345271017699116,2.0,0.56
rs,2,56,56.0,122.03737146457037,post_late,0.0,0.0,0.0,,,0.0,0.0,0.0,0.0,0.0,0.0,1.1796875,6.76953125,1.453125,2.0,0.47
rs,2,57,57.0,123.03728539943695,post_late,0.004633732136107825,0.0027835729019065,0.0018334911329923053,,,0.06667240483608383,0.016668101209020958,0.0,0.0,3.0002582176237724,3.0002582176237724,1.1796875,6.76953125,1.4577421046819787,2.0,0.17
rs,2,58,58.0,124.03845396439235,post_late,0.002447140357537253,0.0016480741183414152,0.0007990662391958376,,,0.04994163994973985,0.01664721331657995,0.0,0.0,2.996498396984391,2.996498396984391,1.1796875,6.76953125,1.467103450176367,2.0,0.13
rs,2,59,59.0,125.03840608199438,post_late,0.0037668470323353595,0.002533454641216702,0.0012333923911186575,,,0.06666985897938689,0.016667464744846722,0.0,0.0,3.00014365407241,3.00014365407241,1.1796875,6.76953125,1.4816005962897527,2.0,0.21
rs,2,60,60.0,126.03834106524785,post_late,0.020968029939754305,0.019234583903399417,0.001733446036354887,,,0.20001300419479465,0.06667100139826487,0.0,0.0,4.000260083895892,5.000325104869867,1.1796875,6.76953125,1.4770334663120568,2.0,0.24
rs,2,61,61.0,126.51519819895427,post_late,0.008038745910202578,0.005452366791267836,0.0025863791189347425,,,0.13980427669917528,0.06990213834958764,0.0,0.0,0.0,0.0,1.1796875,6.76953125,1.4716435185185186,2.0,0.22
rs,3,-66,-66.0,0.04072470267613729,startup,0.056886030208493615,0.03601417739818301,0.020871852810310607,,,2.0462600794422166,0.8185040317768866,0.4092520158884433,0.0,343.77169334629235,49.1102419066132,0.546875,6.3671875,0.9212239583333334,2.0,0.28
rs,3,-65,-65.0,1.0404502669970195,warmup,0.0035176320304018166,0.0022339464079329076,0.0012670143806186639,,,0.10002745110147346,0.016671241850245575,0.03334248370049115,0.016671241850245575,11.00301962116208,6.001647066088408,0.5469994469026549,6.36735342920354,0.8633849557522124,2.0,0.26
rs,3,-64,-64.0,2.0401775002479554,warmup,0.007935497873290436,0.007935497873290436,0.0,,,0.050013642058553166,0.016671214019517724,0.0,0.016671214019517724,5.0013642058553165,4.001091364684254,0.5508088560070671,6.37124558303887,0.8478632950530035,2.0,0.13
rs,3,-63,-63.0,3.0398497343063355,warmup,0.0028342623079875085,0.0,0.0028509344392109648,,,0.10003278734073559,0.016672131223455934,0.03334426244691187,0.016672131223455934,3.0009836202220677,3.0009836202220677,0.5547497234513274,6.375117533185841,0.8631153207964601,2.0,0.14
rs,3,-62,-62.0,4.039658502737681,warmup,0.0023671193346102163,0.0,0.0023671193346102163,,,0.10001912681451618,0.016669854469086032,0.033339708938172063,0.0,3.0005738044354855,3.0005738044354855,0.55859375,6.37890625,0.875255355565371,2.0,0.14
rs,3,-61,-61.0,5.039660084247589,warmup,0.021183299831734764,0.017916638331325625,0.003266661500409138,,,0.24999960462314827,0.09999984184925931,0.0,0.016666640308209885,7.999987347940745,7.999987347940745,0.5594000222419929,6.379719472864768,0.9938765013345195,2.0,0.17
rs,3,-60,-60.0,6.040306651592255,idle_pre,0.008144733881041527,0.008144733881041527,0.0,,,0.04996769252172716,0.016655897507242386,0.0,0.0,2.9980615513036297,2.9980615513036297,0.5625,6.3828125,0.9224330357142857,2.0,0.11
rs,3,-59,-59.0,7.041140135129293,idle_pre,0.0026477931080349697,0.0,0.0026477931080349697,,,0.08326393421493615,0.01665278684298723,0.01665278684298723,0.0,2.9975016317377015,2.9975016317377015,0.5625,6.3828125,0.8787682199646644,2.0,0.13
rs,3,-58,-58.0,8.040170733133952,idle_pre,0.007757520155517657,0.0,0.007757520155517657,,,0.10009703426474396,0.016682839044123994,0.03336567808824799,0.0,3.002911027942319,3.002911027942319,0.5625,6.3828125,0.8804410951327434,2.0,0.18
rs,3,-57,-57.0,9.040223399798075,idle_pre,0.0026498604406901957,0.0,0.0026498604406901957,,,0.11666052254610926,0.016665788935158465,0.03333157787031693,0.0,4.99973668054754,3.9997893444380317,0.5625,6.3828125,0.8800774360670194,2.0,0.16
rs,3,-56,-56.0,10.040146017074585,idle_pre,0.015501199525036615,0.013317697226348662,0.002166834342209419,,,0.3166911730921459,0.06667182591413598,0.08333978239266998,0.0,4.000309554848159,5.000386943560199,0.5625,6.3828125,0.9134758723498233,2.0,0.14
rs,3,-55,-55.0,11.040361932913463,idle_pre,0.0,0.0,0.0,,,0.0,0.0,0.0,0.0,0.0,0.0,0.5625,6.3828125,0.828125,2.0,0.11
rs,3,-54,-54.0,12.040766934553782,idle_pre,0.002332388712079078,0.0023490486314510714,0.0,,,0.09995951623196048,0.016659919371993414,0.03331983874398683,0.0,2.9987854869588144,2.9987854869588144,0.5625,6.3828125,0.8660280477031802,2.0,0.07
rs,3,-53,-53.0,13.040206785996755,idle_pre,0.008287975831035764,0.005536434559162724,0.0027515412718730407,,,0.10005604624992874,0.016676007708321457,0.03335201541664291,0.0,3.0016813874978623,3.0016813874978623,0.5625,6.3828125,0.8420492256637168,2.0,0.02
rs,3,-52,-52.0,14.040197849273682,idle_pre,0.008950079984386305,0.005733384571003517,0.003216695413382787,,,0.11666770929367622,0.01666681561338232,0.03333363122676464,0.0,3.0000268104088175,3.0000268104088175,0.5625,6.3828125,0.8431840768551236,2.0,0.01
rs,3,-51,-51.0,15.040907533963521,idle_pre,0.019053144941408452,0.002498227046513346,0.016554917894895105,,,0.2664775516280902,0.06661938790702256,0.01665484697675564,0.0,3.997163274421353,4.996454093026692,0.5625,6.3828125,0.8529535746402878,2.0,0.15
rs,3,-50,-50.0,16.040116667747498,idle_pre,0.0,0.0,0.0,,,0.0,0.0,0.0,0.0,0.0,0.0,0.5625,6.3828125,0.828125,2.0,0.46
rs,3,-49,-49.0,17.04033366839091,idle_pre,0.008614797250120525,0.008598134199346597,0.0,,,0.09997830464356508,0.016663050773927515,0.03332610154785503,0.0,3.9991321857426034,3.9991321857426034,0.5625,6.3828125,0.8568835578621908,2.0,0.32
rs,3,-48,-48.0,18.040429568290712,idle_pre,0.0033830089031185,0.0033996739716067683,0.0,,,0.1166554794178793,0.016665068488268472,0.033330136976536945,0.016665068488268472,2.999712327888325,2.999712327888325,0.564435901675485,6.384817294973545,0.8644179894179894,2.0,0.33
rs,3,-47,-47.0,19.041075519720714,idle_pre,0.0019487412078300968,0.0019320853000708651,0.0,,,0.04996772327769479,0.016655907759231595,0.0,0.0,3.997417862215583,2.998063396661687,0.56640625,6.38671875,0.8922233245149912,2.0,0.22
rs,3,-46,-46.0,20.040759352842965,idle_pre,0.01600506026993369,0.010319929486550996,0.0057018027211638775,,,0.31676681784243765,0.06668775112472371,0.08335968890590464,0.0,3.000948800612567,4.0012650674834225,0.56640625,6.38671875,0.8435843639575972,2.0,0.11
rs,3,-45,-45.0,21.040686051050823,idle_pre,0.0010500769725239761,0.0006667155381104609,0.00038336143441351507,,,0.10000733071656914,0.016667888452761525,0.03333577690552305,0.0,3.000219921497074,3.000219921497074,0.56640625,6.38671875,0.8386450066137566,2.0,0.1
rs,3,-44,-44.0,22.0401225845019,idle_pre,0.008971721931861479,0.005703213570068078,0.0032685083617934015,,,0.11673244149262148,0.016676063070374496,0.03335212614074899,0.016676063070374496,3.0016913526674096,3.0016913526674096,0.5691619819223986,6.389481371252205,0.8959917879188712,2.0,0.11
rs,3,-43,-43.0,23.0407781680425,idle_pre,0.0014990172689514024,0.0009493776036692215,0.0005496396652821809,,,0.09993448459676016,0.016655747432793362,0.033311494865586724,0.0,2.9980345379028046,2.9980345379028046,0.5703125,6.390625,0.8394648368606702,2.0,0.04
rs,3,-42,-42.0,24.041112816333772,idle_pre,0.0015828036507961785,0.0009996654636607444,0.0005664770960744218,,,0.09996654636607444,0.016661091061012406,0.03332218212202481,0.0,2.9989963909822333,2.9989963909822333,0.5703125,6.390625,0.8390293727915195,2.0,0.13
rs,3,-41,-41.0,25.041182549794517,idle_pre,0.009999302714016724,0.00636622272792398,0.0036497454906161035,,,0.24998256785041806,0.06666201809344481,0.04999651357008361,0.0,3.9997210856066885,4.999651357008362,0.5703125,6.390625,0.8734816696113075,2.0,0.14
rs,3,-40,-40.0,26.041302732626598,idle_pre,0.0010165444954702636,0.0006332572266863937,0.0003666226049237016,,,0.049993991580504764,0.016664663860168256,0.0,0.0,2.999639494830286,2.999639494830286,0.5703125,6.390625,0.8629286504424779,2.0,0.25
rs,3,-39,-39.0,27.040317118167877,idle_pre,0.0037703828104795846,0.002402367808447169,0.0013846981118132986,,,0.13346487824706493,0.03336621956176623,0.016683109780883117,0.0,3.002959760558961,3.002959760558961,0.5703125,6.390625,0.8788578539823009,2.0,0.43
rs,3,-38,-38.0,28.04007898569107,idle_pre,0.002567278018939968,0.0016170517392024475,0.0009335556432508975,,,0.10002381891973902,0.016670636486623168,0.033341272973246336,0.0,3.0007145675921705,3.0007145675921705,0.5703125,6.390625,0.8540332376325088,2.0,0.29
rs,3,-37,-37.0,29.04046906630198,idle_pre,0.041667079813384855,0.02139165552994248,0.02029208445130058,,,0.2998830214477918,0.08330083929105328,0.04998050357463196,0.016660167858210655,5.997660428955836,6.997270500448475,0.5704094636524822,6.390791223404255,0.8830964649822695,2.0,0.16
rs,3,-36,-36.0,30.03965666691462,idle_pre,0.0024519919967960074,0.0024519919967960074,0.0,,,0.05004065299583689,0.016680217665278965,0.0,0.0,2.001626119833476,2.001626119833476,0.57421875,6.39453125,0.8819690265486726,2.0,0.18
rs,3,-35,-35.0,31.040149486064912,idle_pre,0.00991178195070787,0.00991178195070787,0.0,,,0.11660919942009258,0.01665845706001323,0.03331691412002646,0.01665845706001323,2.998522270802381,2.998522270802381,0.5743429770318021,6.394669280035336,0.8884924359540636,2.0,0.08
rs,3,-34,-34.0,32.039818433920544,idle_pre,0.0024174669742924463,0.0024007947882628434,0.0,,,0.05001655808880923,0.016672186029603075,0.0,0.0,3.000993485328554,3.000993485328554,0.578125,6.3984375,0.8677248677248677,2.0,0.09
rs,3,-33,-33.0,33.040295735994974,idle_pre,0.003898139409973193,0.003914798125400429,0.0,,,0.04997614628170761,0.01665871542723587,0.0,0.0,2.9985687769024563,2.9985687769024563,0.578125,6.3984375,0.8703083664021164,2.0,0.1
rs,3,-32,-32.0,34.04092695315679,idle_pre,0.01062662562486674,0.009593944137810725,0.0010160253340389832,,,0.3164669073236177,0.04996845905109753,0.09993691810219506,0.0,6.995584267153654,7.994953448175605,0.578125,6.3984375,0.9204695767195767,2.0,0.09
rs,3,-31,-31.0,35.04074174960454,idle_pre,0.020787183193501958,0.020787183193501958,0.0,,,0.11668827775021148,0.016669753964315925,0.03333950792863185,0.0,3.000555713576867,3.000555713576867,0.578125,6.3984375,0.8618595406360424,2.0,0.16
rs,3,-30,-30.0,36.0413325826327,idle_pre,0.0068126415330399485,0.0068126415330399485,0.0,,,0.09994095158493813,0.016656825264156353,0.033313650528312706,0.0,3.997638063397525,2.998228547548144,0.578125,6.3984375,0.8778812056737588,2.0,0.14
rs,3,-29,-29.0,37.03977821667989,idle_pre,0.001034942011959856,0.0009180937202869691,0.00011684829167288698,,,0.10015567857676026,0.01669261309612671,0.03338522619225342,0.0,3.0046703573028077,3.0046703573028077,0.578125,6.3984375,0.8725110619469026,2.0,0.05
rs,3,-28,-28.0,38.04012921651204,idle_pre,0.0012162397667126923,0.0007997192986604005,0.0004331812867743836,,,0.09996491233255006,0.016660818722091675,0.03332163744418335,0.0,2.9989473699765017,2.9989473699765017,0.578125,6.3984375,0.8441916961130742,2.0,0.09
rs,3,-27,-27.0,39.041247351964316,idle_pre,0.01421743631375053,0.0006992181793647801,0.01351821813438575,,,0.24972077834456435,0.0665922075585505,0.049944155668912874,0.0,3.9955324535130297,4.994415566891288,0.578125,6.3984375,0.8632190265486726,2.0,0.04
rs,3,-26,-26.0,40.04008126656215,idle_pre,0.0011513425637564945,0.0,0.0011513425637564945,,,0.06674449644965184,0.01668612411241296,0.0,0.0,3.0035023402343333,3.0035023402343333,0.578125,6.3984375,0.845958480565371,2.0,0.14
rs,3,-25,-25.0,41.04044628540675,idle_pre,0.00811370501143793,0.00811370501143793,0.0,,,0.09996351143455355,0.01666058523909226,0.03332117047818452,0.0,3.998540457382142,2.9989053430366064,0.578125,6.3984375,0.8570243362831859,2.0,0.3
rs,3,-24,-24.0,42.0396334528923,idle_pre,0.0,0.0,0.0,,,0.05004067468743071,0.016680224895810235,0.0,0.0,3.0024404812458427,3.0024404812458427,0.578125,6.3984375,0.894281914893617,2.0,0.2
rs,3,-23,-23.0,43.040204699834185,idle_pre,0.0009494576252351357,0.0009494576252351357,0.0,,,0.049971453959743985,0.01665715131991466,0.0,0.0,2.998287237584639,2.998287237584639,0.578125,6.3984375,0.8790233686067019,2.0,0.07
rs,3,-22,-22.0,44.040639134248096,idle_pre,0.014693616587289684,0.014377087431781175,0.00029986972627121805,,,0.19991315084747868,0.06663771694915957,0.0,0.0,3.9982630169495743,4.997828771186967,0.578125,6.3984375,0.8980773492907801,2.0,0.02
rs,3,-21,-21.0,45.040284717082976,idle_pre,0.0023841783270571507,0.0024008509027708368,0.0,,,0.0500177271410591,0.01667257571368637,0.0,0.0,3.001063628463546,3.001063628463546,0.578125,6.3984375,0.8795618926678446,2.0,0.01
rs,3,-20,-20.0,46.04062248468399,idle_pre,0.0008663740335877616,0.0008497129944803047,0.0,,,0.04998311732237086,0.016661039107456956,0.0,0.0,2.9989870393422517,2.9989870393422517,0.578125,6.3984375,0.8825507054673721,2.0,0.08
rs,3,-19,-19.0,47.0396985689799,idle_pre,0.006889698834282787,0.006889698834282787,0.0,,,0.10009247701137221,0.016682079501895368,0.033364159003790736,0.0,3.002774310341166,3.002774310341166,0.578125,6.3984375,0.8941924778761062,2.0,0.42
rs,3,-18,-18.0,48.0405951499939,idle_pre,0.0014820045961497685,0.0014820045961497685,0.0,,,0.09991042221234395,0.01665173703539066,0.03330347407078132,0.0,2.9973126663703185,2.9973126663703185,0.578125,6.3984375,0.8888030035335689,2.0,0.43
rs,3,-17,-17.0,49.03979850212733,idle_pre,0.010975410203790214,0.010975410203790214,0.0,,,0.3002391849061153,0.06671981886802561,0.06671981886802561,0.0,4.003189132081537,5.003986415101921,0.578125,6.3984375,0.8768772084805654,2.0,0.16
rs,3,-16,-16.0,50.04113258520762,idle_pre,0.0021804244659454613,0.0021804244659454613,0.0,,,0.09986676943261655,0.016644461572102757,0.033288923144205514,0.0,3.9946707773046617,2.9960030829784965,0.578125,6.3984375,0.8573943661971831,2.0,0.06
rs,3,-15,-15.0,51.03984671831131,idle_pre,0.00420540759441115,0.00420540759441115,0.0,,,0.05006437612394226,0.016688125374647422,0.0,0.0,3.003862567436536,3.003862567436536,0.578125,6.3984375,0.8525995575221239,2.0,0.41
rs,3,-14,-14.0,52.04109250307083,idle_pre,0.002996267295867356,0.002996267295867356,0.0,,,0.04993778826445593,0.01664592942148531,0.0,0.0,2.996267295867356,2.996267295867356,0.578125,6.3984375,0.8618276014109347,2.0,0.37
rs,3,-13,-13.0,53.04047038555145,idle_pre,0.002051276134820555,0.002051276134820555,0.0,,,0.06670816698603431,0.016677041746508577,0.0,0.0,3.0018675143715443,3.0018675143715443,0.578125,6.3984375,0.8561174911660777,2.0,0.2
rs,3,-12,-12.0,54.04013049999873,idle_pre,0.009986727677790005,0.009986727677790005,0.0,,,0.20006800022283816,0.06668933340761272,0.0,0.0,4.001360004456764,5.001700005570954,0.578125,6.3984375,0.9625662544169611,2.0,0.14
rs,3,-11,-11.0,55.04094968636831,idle_pre,0.007327330883747978,0.007327330883747978,0.0,,,0.049959074207372584,0.01665302473579086,0.0,0.0,2.997544452442355,2.997544452442355,0.578125,6.3984375,0.8861528268551236,2.0,0.22
rs,3,-10,-10.0,56.04082693258921,idle_pre,0.002066920388955496,0.002066920388955496,0.0,,,0.05000613844247168,0.016668712814157226,0.0,0.0,3.000368306548301,3.000368306548301,0.578125,6.3984375,0.8751104240282686,2.0,0.28
rs,3,-9,-9.0,57.04005955060323,idle_pre,0.008990232275631449,0.008990232275631449,0.0,,,0.06671786475422226,0.016679466188555564,0.0,0.0,3.0023039139400014,3.0023039139400014,0.578125,6.3984375,0.8902101769911505,2.0,0.26
rs,3,-8,-8.0,58.039631283283235,idle_pre,0.019091509602985703,0.014889710109577497,0.004201799493408207,,,0.316802342756968,0.08336903756762316,0.06669523005409853,0.0,6.002570704868868,7.002999155680346,0.578125,6.3984375,0.9028328924162258,2.0,0.46
rs,3,-7,-7.0,59.04035483598709,idle_pre,0.001249096213057664,0.0008327308087051094,0.0004163654043525547,,,0.049963848522306564,0.016654616174102188,0.0,0.0,1.9985539408922626,1.9985539408922626,0.578125,6.3984375,0.8764933628318584,2.0,0.23
rs,3,-6,-6.0,60.039632336298624,idle_pre,0.0013509760797967786,0.0009006507198645191,0.00045032535993225957,,,0.0500361511035844,0.016678717034528133,0.0,0.0,3.002169066215064,3.002169066215064,0.578125,6.3984375,0.8534673144876325,2.0,0.23
rs,3,-5,-5.0,61.039966952800754,idle_pre,0.0014828371515524584,0.0014828371515524584,0.0,,,0.04998327477143118,0.01666109159047706,0.0,0.0,2.9989964862858707,2.9989964862858707,0.578125,6.3984375,0.8760508849557522,2.0,0.25
rs,3,-4,-4.0,62.040808868408206,idle_pre,0.008309670625274459,0.008309670625274459,0.0,,,0.06661058617454477,0.01665264654363619,0.0,0.0,2.9974763778545146,2.9974763778545146,0.578125,6.3984375,0.8689712389380531,2.0,0.39
rs,3,-3,-3.0,63.04055449962616,idle_pre,0.010335962479520497,0.009035631715967916,0.0013003307635525785,,,0.2000508867003967,0.06668362890013223,0.0,0.016670907225033057,6.001526601011901,7.0017810345138844,0.5788634606890459,6.3992518772084805,0.9643330388692579,2.0,0.36
rs,3,-2,-2.0,64.04035668373108,idle_pre,0.0020504056028196,0.0013669370685464,0.0006834685342732,,,0.05000989275169756,0.01666996425056585,0.0,0.0,3.0005935651018536,3.0005935651018536,0.58203125,6.40234375,0.9062086640211641,2.0,0.13
rs,3,-1,-1.0,65.03959051767985,idle_pre,0.0012509584418896739,0.0008506517404849783,0.000416986147296558,,,0.05003833767558696,0.01667944589186232,0.0,0.0,3.0023002605352174,3.0023002605352174,0.58203125,6.40234375,0.9141456117021277,2.0,0.1
rs,3,0,0.0,66.04013176759084,create,0.549585870030098,0.2596927746421734,0.2898764377372099,,,16.990803728994027,3.4148183965135055,4.430935090110207,2.5319629086344038,202.89018570504632,202.89018570504632,1.158748343639576,6.981738626325089,1.493312444787986,2.0,0.2
rs,3,1,1.0,67.04052433570226,post_near,0.0026322999763029463,0.0,0.002648960102735243,,,0.133281011458377,0.0666405057291885,0.0,0.0,3.99843034375131,3.99843034375131,1.17578125,6.99609375,1.5498718584656084,2.0,0.14
rs,3,2,2.0,68.04050000111262,post_near,0.01710041613160924,0.0,0.01710041613160924,,,0.3000073005545481,0.08333536126515224,0.050001216759091346,0.01666707225303045,5.000121675909135,6.000146011090962,1.1772211199294533,6.997561177248677,1.4931175595238095,2.0,0.1
rs,3,3,3.0,69.0412991364797,post_near,0.0002997604508220975,0.0,0.0002997604508220975,,,0.04996007513701626,0.016653358379005417,0.0,0.0,2.9976045082209755,2.9976045082209755,1.1796875,7.0,1.539227843915344,2.0,0.47
rs,3,4,4.0,70.0412237683932,post_near,0.0011500866798323645,0.0,0.0011334187569362435,,,0.05000376868836368,0.016667922896121228,0.0,0.0,3.000226121301821,3.000226121301821,1.1796875,7.0,1.4730902777777777,2.0,0.29
rs,3,5,5.0,71.04006528457006,post_near,0.0011847057958329866,0.0,0.0011847057958329866,,,0.10011598274644957,0.016685997124408262,0.033371994248816525,0.0,3.0034794823934874,3.0034794823934874,1.1796875,7.0,1.4541464222614842,2.0,0.1
rs,3,6,6.0,72.03981630007426,post_near,0.0006668326976696781,0.0,0.00068350351511142,,,0.05001245232522585,0.016670817441741953,0.0,0.0,4.000996186018069,3.000747139513551,1.1796875,7.0,1.4611855158730158,2.0,0.11
rs,3,7,7.0,73.04109226862589,post_near,0.014647976309550574,0.009987256574693574,0.0046607197348570014,,,0.2996176972408072,0.08322713812244645,0.049936282873467866,0.0,4.9936282873467865,5.992353944816144,1.1796875,7.0,1.4899238074204948,2.0,0.05
rs,3,8,8.0,74.04095573425293,post_near,0.00026670308080457226,0.00015002048295257193,0.0001000136553017146,,,0.0500068276508573,0.016668942550285767,0.0,0.0,3.000409659051438,3.000409659051438,1.1796875,7.0,1.5043953924162257,2.0,0.02
rs,3,9,9.0,75.03996769984563,post_near,0.0017517307702733522,0.001067721612357091,0.0007006923081093409,,,0.06673260077231818,0.016683150193079546,0.0,0.0,3.0029670347543185,3.0029670347543185,1.1796875,7.0,1.4577018805309734,2.0,0.0
rs,3,10,10.0,76.04036346673965,post_near,0.006030946484375195,0.0036485560223153807,0.0023823904620598147,,,0.09996043896754468,0.016660073161257446,0.03332014632251489,0.0,2.9988131690263407,2.9988131690263407,1.1796875,7.0,1.4714186946902654,2.0,0.24
rs,3,11,11.0,77.04022548596065,post_mid,0.004200579599245405,0.0025336829328781816,0.0016502276997035522,,,0.11668276664570572,0.050006899991016734,0.0,0.0,3.000413999461004,3.000413999461004,1.1796875,7.0,1.4891178097345132,2.0,0.09
rs,3,12,12.0,78.04015043576558,post_mid,0.015134469178197258,0.014167729957563515,0.0009667392206337456,,,0.23335084635986963,0.06667167038853418,0.0,0.0,4.000300223312051,5.000375279140063,1.1796875,7.0,1.4676871687279152,2.0,0.14
rs,3,13,13.0,79.04044458468755,post_mid,0.003299029594001389,0.002499264843940446,0.0008164265156872123,,,0.04998529687880892,0.01666176562626964,0.0,0.0,2.999117812728535,2.999117812728535,1.1796875,7.0,1.5272954394876326,2.0,0.15
rs,3,14,14.0,80.04010493357977,post_mid,0.008769645286403102,0.005335145421385918,0.0034344998650171843,,,0.05001698832549298,0.01667232944183099,0.0,0.0,3.001019299529579,3.001019299529579,1.1796875,7.0,1.4463721742021276,2.0,0.36
rs,3,15,15.0,81.0409576177597,post_mid,0.0026643947793891618,0.0016152893350046796,0.0010491054443844826,,,0.04995740211354679,0.016652467371182263,0.0,0.0,2.997444126812807,2.997444126812807,1.1796875,7.0,1.4507605088495574,2.0,0.31
rs,3,16,16.0,82.04077136913935,post_mid,0.0026171541080085296,0.0015836282819159892,0.0010335258260925405,,,0.05000931416576808,0.016669771388589362,0.0,0.0,3.000558849946085,3.000558849946085,1.1796875,7.0,1.4642688940602837,2.0,0.11
rs,3,17,17.0,83.03997580210368,post_mid,0.016129498764185412,0.013744267819740209,0.002368551007770764,,,0.433678353535492,0.066719746697768,0.116759556721094,0.0,4.00318480186608,5.0039810023326,1.1796875,7.0,1.458825077570922,2.0,0.25
rs,3,18,18.0,84.04113028446834,post_mid,0.008789852270565713,0.008789852270565713,0.0,,,0.09988468489279219,0.01664744748213203,0.03329489496426406,0.0,2.996540546783766,2.996540546783766,1.1796875,7.0,1.4563549028268552,2.0,0.25
rs,3,19,19.0,85.04031400283178,post_mid,0.0010341775134464987,0.0010341775134464987,0.0,,,0.05004084742483059,0.01668028247494353,0.0,0.0,3.002450845489835,3.002450845489835,1.1796875,7.0,1.4657025709219857,2.0,0.18
rs,3,20,20.0,86.0405474861463,post_mid,0.0011497315568653015,0.0011497315568653015,0.0,,,0.04998832855936094,0.016662776186453645,0.0,0.0,2.999299713561656,2.999299713561656,1.1796875,7.0,1.4528346238938052,2.0,0.15
rs,3,21,21.0,87.04120070139567,post_mid,0.017954938227214987,0.017338674113664933,0.0006329199004027544,,,0.41639467131760166,0.06662314741081626,0.13324629482163253,0.0,5.996083266973463,6.995430478135708,1.1796875,7.0,1.5284991197183098,2.0,0.14
rs,3,22,22.0,88.04074190060298,post_mid,0.0012839223979472692,0.0012839223979472692,0.0,,,0.10004590113874826,0.01667431685645804,0.03334863371291608,0.0,2.000918022774965,2.000918022774965,1.1796875,7.0,1.4948700221238937,2.0,0.16
rs,3,23,23.0,89.04111125071843,post_mid,0.0007830441158987173,0.0007830441158987173,0.0,,,0.049981539312684085,0.016660513104228027,0.0,0.0,2.998892358761045,2.998892358761045,1.1796875,7.0,1.4704891784452296,2.0,0.23
rs,3,24,24.0,90.03964613278707,post_mid,0.007460931144003767,0.007460931144003767,0.0,,,0.10014672676515123,0.016691121127525205,0.03338224225505041,0.0,3.0044018029545367,3.0044018029545367,1.1796875,7.0,1.481724578152753,2.0,0.21
rs,3,25,25.0,91.04135260184606,post_mid,0.00031612720537199424,0.00031612720537199424,0.0,,,0.04991482190084119,0.016638273966947066,0.0,0.0,2.9948893140504715,2.9948893140504715,1.1796875,7.0,1.4836722883597884,2.0,0.12
rs,3,26,26.0,92.04085858265559,post_mid,0.013756796121283303,0.013756796121283303,0.0,,,0.4835722272935949,0.06669961755773722,0.16674904389434306,0.0,7.003459843562409,8.003954106928466,1.1796875,7.0,1.543100110619469,2.0,0.04
rs,3,27,27.0,93.04008910258611,post_mid,0.0,0.0,0.0,,,0.0,0.0,0.0,0.0,0.0,0.0,1.1796875,7.0,1.4594467756183747,2.0,0.19
rs,3,28,28.0,94.03975003560384,post_mid,0.007502543864907616,0.007502543864907616,0.0,,,0.10003391819876822,0.016672319699794706,0.03334463939958941,0.0,3.001017545963047,3.001017545963047,1.1796875,7.0,1.4957549778761061,2.0,0.38
rs,3,29,29.0,95.04034176667531,post_mid,0.0006829292228925315,0.0006829292228925315,0.0,,,0.04997043094335596,0.016656810314451986,0.0,0.0,2.9982258566013575,2.9982258566013575,1.1796875,7.0,1.4970824115044248,2.0,0.35
rs,3,30,30.0,96.04033821821213,post_mid,0.0011000039033233551,0.0011000039033233551,0.0,,,0.050000177423788865,0.016666725807929623,0.0,0.0,3.000010645427332,3.000010645427332,1.1796875,7.0,1.515666482300885,2.0,0.16
rs,3,31,31.0,97.04014368454615,post_late,0.012502432143958566,0.012502432143958566,0.0,,,0.2833884619297275,0.06667963810111235,0.06667963810111235,0.0,4.000778286066741,5.000972857583427,1.1796875,7.0,1.5976976590106007,2.0,0.23
rs,3,32,32.0,98.03985163370768,post_late,0.006118453566160807,0.006118453566160807,0.0,,,0.050014606807854,0.016671535602618002,0.0,0.0,3.0008764084712403,3.0008764084712403,1.1796875,7.0,1.4492948008849558,2.0,0.19
rs,3,33,33.0,99.04027600288391,post_late,0.0018325556532003912,0.0018325556532003912,0.0,,,0.0999575810836577,0.016659596847276283,0.033319193694552565,0.0,2.998727432509731,2.998727432509731,1.1796875,7.0,1.4523796378091873,2.0,0.27
rs,3,34,34.0,100.04040221770605,post_late,0.0009332155476989685,0.0005832597173118552,0.00033329126703534587,,,0.04999369005530188,0.016664563351767293,0.0,0.0,2.999621403318113,2.999621403318113,1.1796875,7.0,1.4572172619047619,2.0,0.16
rs,3,35,35.0,101.0408699353536,post_late,0.0014160043764307984,0.0008995792509089778,0.0005330840005386536,,,0.0666355000673317,0.016658875016832924,0.0,0.0,2.9985975030299263,2.9985975030299263,1.1796875,7.0,1.499199425795053,2.0,0.1
rs,3,36,36.0,102.03983809947968,post_late,0.011144832971802505,0.010944626391470725,0.0001835226986374664,,,0.28362598880335715,0.06673552677726051,0.06673552677726051,0.0,4.004131606635631,5.005164508294539,1.1796875,7.0,1.4956658568904593,2.0,0.33
rs,3,37,37.0,103.04086940288543,post_late,0.0006493303434053817,0.0006493303434053817,0.0,,,0.04994848795426012,0.016649495984753373,0.0,0.0,3.9958790363408094,2.9969092772556074,1.1796875,7.0,1.4855779867256638,2.0,0.44
rs,3,38,38.0,104.04097278515498,post_late,0.00819915235302143,0.0,0.008215817296828383,,,0.09998966284172474,0.016664943806954123,0.033329887613908246,0.0,2.999689885251742,2.999689885251742,1.1796875,7.0,1.5055961879432624,2.0,0.23
rs,3,39,39.0,105.04111140171686,post_late,0.0008165534788308321,0.0007998891221199987,0.0,,,0.04999307013249992,0.016664356710833307,0.0,0.0,2.9995842079499955,2.9995842079499955,1.1796875,7.0,1.4638637367491165,2.0,0.58
rs,3,40,40.0,106.03973921934764,post_late,0.007810717729159001,0.00782740729695635,0.0,,,0.10013740678408976,0.016689567797348294,0.03337913559469659,0.0,3.004122203522693,3.004122203522693,1.1796875,7.0,1.4577238475177305,2.0,0.38
rs,3,41,41.0,107.04070378541947,post_late,0.012771014845710348,0.012121641209487787,0.0006493736362225601,,,0.5494699998806277,0.06660242422795487,0.23310848479784205,0.0,3.9961454536772925,4.995181817096615,1.1796875,7.0,1.4638310185185186,2.0,0.2
rs,3,42,42.0,108.04045224984488,post_late,0.0006835052592214505,0.00041677149952527463,0.0002500628997151648,,,0.05001257994303296,0.016670859981010984,0.0,0.0,3.0007547965819774,3.0007547965819774,1.1796875,7.0,1.4576799911660778,2.0,0.13
rs,3,43,43.0,109.04090003569921,post_late,0.0008329603454734044,0.0005330946211029789,0.00031652493127989374,,,0.04997762072840427,0.01665920690946809,0.0,0.0,2.998657243704256,2.998657243704256,1.1796875,7.0,1.4647815265486726,2.0,0.07
rs,3,44,44.0,110.04033739964167,post_late,0.001467492330766113,0.0009171827067288206,0.0005336335748240411,,,0.06670419685300513,0.016676049213251283,0.0,0.0,3.001688858385231,3.001688858385231,1.1796875,7.0,1.455507535460993,2.0,0.1
rs,3,45,45.0,111.04133613506953,post_late,0.00159840361767901,0.0010156522987335376,0.0005994013566296288,,,0.09990022610493812,0.016650037684156356,0.03330007536831271,0.0,2.9970067831481435,2.9970067831481435,1.1796875,7.0,1.4528479609929077,2.0,0.11
rs,3,46,46.0,112.03969603379568,post_late,0.014740843142282014,0.00924850181293798,0.005475647282750284,,,0.250410698906263,0.06677618637500346,0.050082139781252595,0.0,4.006571182500208,5.00821397812526,1.1796875,7.0,1.4984098451327434,2.0,0.05
rs,3,47,47.0,113.04067468643188,post_late,0.000765917099877753,0.00048286078035771377,0.0002830563195200391,,,0.04995111520941867,0.01665037173647289,0.0,0.0,2.99706691256512,2.99706691256512,1.1796875,7.0,1.4946952160493827,2.0,0.02
rs,3,48,48.0,114.03972128629684,post_late,0.003970452096231384,0.0025023857749357464,0.001484748893128543,,,0.11677800283033485,0.016682571832904978,0.033365143665809956,0.0,3.002862929922896,3.002862929922896,1.1796875,7.0,1.4537195796460176,2.0,0.16
rs,3,49,49.0,115.04072406689326,post_late,0.007192787212549113,0.004512141978242614,0.0026639952639070786,,,0.09989982239651544,0.01664997039941924,0.03329994079883848,0.0,2.996994671895463,2.996994671895463,1.1796875,7.0,1.498222552910053,2.0,0.14
rs,3,50,50.0,116.04099108378092,post_late,0.01564582230122417,0.014729400334698793,0.0009164219665253775,,,0.34990656903696227,0.0833110878659434,0.0833110878659434,0.0,6.998131380739245,6.998131380739245,1.1796875,7.0,1.5324806415929204,2.0,0.13
rs,3,51,51.0,117.04067449967066,post_late,0.004084626461167287,0.004084626461167287,0.0,,,0.05001583421837494,0.01667194473945831,0.0,0.0,2.0006333687349973,2.0006333687349973,1.1796875,7.0,1.4886753318584072,2.0,0.14
rs,3,52,52.0,118.03978406985601,post_late,0.007106327686044373,0.007106327686044373,0.0,,,0.06672608155910209,0.016681520389775523,0.0,0.0,3.0026736701595946,3.0026736701595946,1.1796875,7.0,1.4741245567375887,2.0,0.1
rs,3,53,53.0,119.03990973631541,post_late,0.002583008735770906,0.002599673308259751,0.0,,,0.08332286244422277,0.016664572488844554,0.016664572488844554,0.0,2.99962304799202,2.99962304799202,1.1796875,7.0,1.506195881438721,2.0,0.22
rs,3,54,54.0,120.04002625147501,post_late,0.0018164550221198457,0.0012165249230710893,0.0005832653740751797,,,0.049994174920729696,0.016664724973576565,0.0,0.0,2.999650495243782,2.999650495243782,1.1796875,7.0,1.503449135638298,2.0,0.23
rs,3,55,55.0,121.04043748378754,post_late,0.010262446417094449,0.010262446417094449,0.0,,,0.21657760295816206,0.06663926244866525,0.0,0.0,5.997533620379873,6.997122557109851,1.1796875,7.0,1.5224729938271604,2.0,0.19
rs,3,56,56.0,122.04134770234425,post_late,0.0,0.0,0.0,,,0.0,0.0,0.0,0.0,0.0,0.0,1.1796875,7.0,1.4453125,2.0,0.23
rs,3,57,57.0,123.04059140284856,post_late,0.0018514002130474612,0.0018514002130474612,0.0,,,0.0667171247945031,0.016679281198625776,0.0,0.0,3.0022706157526393,3.0022706157526393,1.1796875,7.0,1.4704891784452296,2.0,0.24
rs,3,58,58.0,124.04055216709773,post_late,0.007566963562163563,0.007566963562163563,0.0,,,0.050001961864516935,0.016667320621505645,0.0,0.0,4.0001569491613544,4.0001569491613544,1.1796875,7.0,1.4864629424778761,2.0,0.32
rs,3,59,59.0,125.04032653570175,post_late,0.0018337470842478187,0.0018337470842478187,0.0,,,0.0500112841158496,0.016670428038616535,0.0,0.0,3.000677046950976,3.000677046950976,1.1796875,7.0,1.468321349557522,2.0,0.15
rs,3,60,60.0,126.0410329858462,post_late,0.012224697194234609,0.010509242410847466,0.0017154547833871457,,,0.23316861133417513,0.0832745040479197,0.0,0.0,4.996470242875182,5.995764291450217,1.1796875,7.0,1.517622905643739,2.0,0.12
rs,3,61,61.0,126.49564776817958,post_late,0.008138758667303408,0.0052058726610679455,0.0029328860062354622,,,0.1833053753897164,0.07332215015588656,0.07332215015588656,0.0,0.0,0.0,1.1796875,7.0,1.4667132782101167,2.0,0.04
rs,4,-66,-66.0,0.03722246487935384,startup,0.05417875127837785,0.035372903727205376,0.018805847551172476,,,1.7910331001116646,0.8955165500558323,0.0,0.0,376.11695102344953,26.86549650167497,0.5546875,6.2421875,0.9485085227272727,2.0,0.07
rs,4,-65,-65.0,1.035818068186442,warmup,0.008595404691255972,0.008595404691255972,0.0,,,0.06676042478645415,0.016690106196613538,0.0,0.0,9.012657346171311,6.0084382307808735,0.5546875,6.2421875,0.855718085106383,2.0,0.14
rs,4,-64,-64.0,2.036838948726654,warmup,0.0025141000708282127,0.0025141000708282127,0.0,,,0.049949008029699586,0.016649669343233194,0.0,0.0,4.994900802969958,3.9959206423759666,0.5546875,6.2421875,0.8661058752204586,2.0,0.17
rs,4,-63,-63.0,3.0368394017219544,warmup,0.0012999994111063764,0.0013166660702231248,0.0,,,0.049999977350245244,0.016666659116748417,0.0,0.0,3.99999818801962,2.999998641014715,0.5546875,6.2421875,0.8450152101769911,2.0,0.15
rs,4,-62,-62.0,4.0360773007074995,warmup,0.008556520933283462,0.008539841555245873,0.0,,,0.10007626822553757,0.016679378037589596,0.03335875607517919,0.016679378037589596,4.003050729021503,4.003050729021503,0.5547706117021277,6.242381427304965,0.8831726507092199,2.0,0.13
rs,4,-61,-61.0,5.036598467826844,warmup,0.017290988505330066,0.017290988505330066,0.0,,,0.33315970145144636,0.09994791043543391,0.06663194029028927,0.016657985072572316,6.996353730480373,6.996353730480373,0.5593860229276896,6.246892912257495,0.9136835868606702,2.0,0.05
rs,4,-60,-60.0,6.03688116868337,idle_pre,0.003065799962391359,0.003065799962391359,0.0,,,0.04998586895203303,0.016661956317344344,0.0,0.0,2.999152137121982,2.999152137121982,0.5625,6.25,0.9034617932862191,2.0,0.09
rs,4,-59,-59.0,7.037120548884074,idle_pre,0.003449174335955196,0.0,0.003449174335955196,,,0.09997606770884626,0.01666267795147438,0.03332535590294876,0.0,2.9992820312653876,2.9992820312653876,0.5625,6.25,0.9105351631393298,2.0,0.04
rs,4,-58,-58.0,8.037024366855622,idle_pre,0.0023002212399447475,0.0,0.0023002212399447475,,,0.08334134927336041,0.016668269854672083,0.016668269854672083,0.0,4.0003847651213,4.0003847651213,0.5625,6.25,0.8554756515017667,2.0,0.09
rs,4,-57,-57.0,9.036902399857839,idle_pre,0.009417815329328054,0.0016168638706987985,0.00781762015832718,,,0.1166808978854803,0.016668699697925757,0.033337399395851515,0.0,3.0003659456266365,3.0003659456266365,0.5625,6.25,0.8864910004416962,2.0,0.1
rs,4,-56,-56.0,10.036856416861216,idle_pre,0.015617384800819218,0.010317141079730092,0.005300243721089126,,,0.4333532602148342,0.08333716542592966,0.13333946468148747,0.0,6.000275910666936,6.000275910666936,0.5625,6.25,0.8622511061946903,2.0,0.13
rs,4,-55,-55.0,11.037290815512339,idle_pre,0.0029653785102417484,0.001949153290439801,0.0010162252198019474,,,0.09995657899691286,0.01665942983281881,0.03331885966563762,0.0,2.998697369907386,2.998697369907386,0.5625,6.25,0.8759231701940036,2.0,0.13
rs,4,-54,-54.0,12.035847715536754,idle_pre,0.002253251667426252,0.0014854770251921216,0.0007677746422341303,,,0.10014451855227786,0.01669075309204631,0.03338150618409262,0.0,3.004335556568336,3.004335556568336,0.5625,6.25,0.9006666850706714,2.0,0.2
rs,4,-53,-53.0,13.036566483974457,idle_pre,0.008344002594291109,0.008344002594291109,0.0,,,0.11658287057891767,0.01665469579698824,0.03330939159397648,0.0,2.997845243457883,2.997845243457883,0.5625,6.25,0.8541712676678446,2.0,0.13
rs,4,-52,-52.0,14.036073684692383,idle_pre,0.0031182033150216697,0.0031182033150216697,0.0,,,0.11672418826284327,0.016674884037549038,0.033349768075098075,0.0,3.0014791267588268,3.0014791267588268,0.5625,6.25,0.8444940476190477,2.0,0.05
rs,4,-51,-51.0,15.035911417007446,idle_pre,0.016085943562155182,0.016069274190588186,0.0,,,0.350056802907004,0.08334685783500095,0.08334685783500095,0.0,6.000973764120069,7.00113605814008,0.5625,6.25,0.8859871908127208,2.0,0.09
rs,4,-50,-50.0,16.03605066537857,idle_pre,0.012114979675480652,0.012131644021664258,0.0,,,0.049993038550814245,0.01666434618360475,0.0,0.0,2.9995823130488546,2.9995823130488546,0.5625,6.25,0.8749516039823009,2.0,0.13
rs,4,-49,-49.0,17.035624035199483,idle_pre,0.003451472502331785,0.0034347987221272835,0.0,,,0.10004268122700825,0.016673780204501377,0.033347560409002754,0.016673780204501377,3.0012804368102475,3.0012804368102475,0.5645293107269503,6.252112422429078,0.8738502881205674,2.0,0.07
rs,4,-48,-48.0,18.036205701033275,idle_pre,0.004230872379423093,0.004230872379423093,0.0,,,0.1165988451022112,0.016656977871744458,0.033313955743488916,0.0,2.9982560169140022,2.9982560169140022,0.56640625,6.25390625,0.8783748343639576,2.0,0.09
rs,4,-47,-47.0,19.03693163394928,idle_pre,0.0079275784431972,0.005662556030855144,0.0022650224123420574,,,0.09992745936803195,0.016654576561338657,0.033309153122677314,0.0,3.997098374721278,2.9978237810409585,0.56640625,6.25390625,0.8682760141093474,2.0,0.12
rs,4,-46,-46.0,20.036756165822347,idle_pre,0.014285840042927328,0.009651693564591508,0.004634146478335819,,,0.25004387473034995,0.06667836659475998,0.05000877494606999,0.05000877494606999,4.000701995685599,5.000877494606999,0.5744254298941799,6.262173445767195,0.9899002425044092,2.0,0.07
rs,4,-45,-45.0,21.036932917435966,idle_pre,0.0029494786748848856,0.00199964655924399,0.0009664958369679285,,,0.0999823279621995,0.01666372132703325,0.0333274426540665,0.01666372132703325,2.999469838865985,2.999469838865985,0.5808256172839507,6.268415178571429,0.8721478174603174,2.0,0.02
rs,4,-44,-44.0,22.03632571697235,idle_pre,0.0020178919315830446,0.0013508202186630297,0.0006503949200970144,,,0.0500303784690011,0.01667679282300037,0.0,0.0,3.0018227081400664,3.0018227081400664,0.58203125,6.26953125,0.9198147123893805,2.0,0.01
rs,4,-43,-43.0,23.03661359945933,idle_pre,0.003998848801461981,0.003998848801461981,0.0,,,0.08330935003045795,0.016661870006091588,0.016661870006091588,0.0,2.9991366010964864,2.9991366010964864,0.58203125,6.26953125,0.8809632646276596,2.0,0.22
rs,4,-42,-42.0,24.03697415192922,idle_pre,0.008197044535346988,0.008213705194971678,0.0,,,0.099963957748134,0.016660659624689,0.033321319249378,0.0,2.9989187324440203,2.9989187324440203,0.58203125,6.26953125,0.888543971238938,2.0,0.18
rs,4,-41,-41.0,25.03592426776886,idle_pre,0.019603915173354875,0.019086705496440832,0.000500525493787784,,,0.4337887612827461,0.08342091563129733,0.13347346501007573,0.0,5.00525493787784,6.0063059254534075,0.58203125,6.26953125,0.8696003871681416,2.0,0.15
rs,4,-40,-40.0,26.037127534548443,idle_pre,0.0018977165407294775,0.0018977165407294775,0.0,,,0.0499399089665652,0.0166466363221884,0.0,0.0,2.996394537993912,2.996394537993912,0.58203125,6.26953125,0.8899222883597884,2.0,0.12
rs,4,-39,-39.0,27.036269982655842,idle_pre,0.0016514161750663958,0.0016514161750663958,0.0,,,0.05004291439595139,0.01668097146531713,0.0,0.0,3.0025748637570833,3.0025748637570833,0.58203125,6.26953125,0.8692929964539007,2.0,0.07
rs,4,-38,-38.0,28.03639123439789,idle_pre,0.009298872495510863,0.009315537141560167,0.0,,,0.049993938147907875,0.016664646049302623,0.0,0.0,2.9996362888744725,2.9996362888744725,0.58203125,6.26953125,0.9152793141592921,2.0,0.1
rs,4,-37,-37.0,29.037042951583864,idle_pre,0.015739742139544856,0.010809621850332924,0.004913464477424056,,,0.23318136503029419,0.08327905893939078,0.0,0.0,5.996092243636136,6.995440950908826,0.58203125,6.26953125,0.9385766342756183,2.0,0.05
rs,4,-36,-36.0,30.03604429960251,idle_pre,0.0018518493530255678,0.001284616217864583,0.0005839164626657195,,,0.05004998251420453,0.016683327504734845,0.0,0.0,4.003998601136363,3.002998950852272,0.58203125,6.26953125,0.9429935954063604,2.0,0.02
rs,4,-35,-35.0,31.035742151737214,idle_pre,0.002150649814250374,0.0014837816547928935,0.0006668681594574802,,,0.08335851993218503,0.016671703986437005,0.0,0.0,3.000906717558661,3.000906717558661,0.58203125,6.26953125,0.8802727473498233,2.0,0.64
rs,4,-34,-34.0,32.036091550191244,idle_pre,9.9965072358261e-05,6.6643381572174e-05,3.3321690786087e-05,,,0.049982536179130496,0.016660845393043498,0.0,0.0,2.9989521707478297,2.9989521707478297,0.58203125,6.26953125,0.9126244469026549,2.0,0.39
rs,4,-33,-33.0,33.03639593521754,idle_pre,0.010413496954122452,0.010396835358995856,0.0,,,0.049984785379787774,0.016661595126595926,0.0,0.0,2.9990871227872664,2.9990871227872664,0.58203125,6.26953125,0.9151667402826855,2.0,0.31
rs,4,-32,-32.0,34.037229132652286,idle_pre,0.017502083975195874,0.017518736766799294,0.0,,,0.2664446656547421,0.08326395801710691,0.0,0.0,6.994172473436981,7.993339969642264,0.58203125,6.26953125,0.9582368827160493,2.0,0.28
rs,4,-31,-31.0,35.03716408411662,idle_pre,0.00040002602110690084,0.0003833582702274467,0.0,,,0.016667750879454202,0.0,0.0,0.0,0.0,0.0,0.58203125,6.26953125,0.8515625,2.0,0.15
rs,4,-30,-30.0,36.03731249968211,idle_pre,0.008582059622101443,0.0,0.008582059622101443,,,0.09998516064584206,0.01666419344097368,0.0,0.0,2.9995548193752617,2.9995548193752617,0.58203125,6.26953125,0.8698859871908127,2.0,0.16
rs,4,-29,-29.0,37.03643759886424,idle_pre,0.010142206758321207,0.008040367857748061,0.0021185201616888047,,,0.050043783346979634,0.01668126111565988,0.0,0.0,4.003502667758371,3.002627000818778,0.58203125,6.26953125,0.8995684391651865,2.0,0.07
rs,4,-28,-28.0,38.03666574954987,idle_pre,0.002499429753388085,0.002499429753388085,0.0,,,0.049988595067761696,0.016662865022587233,0.0,0.0,2.999315704065702,2.999315704065702,0.58203125,6.26953125,0.8700428650442478,2.0,0.1
rs,4,-27,-27.0,39.036608731746675,idle_pre,0.01591757425178265,0.009183856976682975,0.006733717275099677,,,0.3166847233338957,0.08333808508786729,0.05000285105272037,0.0,5.000285105272037,6.000342126326444,0.58203125,6.26953125,0.8851908185840708,2.0,0.05
rs,4,-26,-26.0,40.03695058425267,idle_pre,0.00048316816108664556,0.00033321942143906593,0.00014994873964757966,,,0.016660971071953298,0.0,0.0,0.0,0.0,0.0,0.58203125,6.26953125,0.8515625,2.0,0.08
rs,4,-25,-25.0,41.03703695138295,idle_pre,0.007016060709637308,0.007016060709637308,0.0,,,0.09999136403283575,0.016665227338805957,0.03333045467761191,0.0,2.9997409209850723,2.9997409209850723,0.58203125,6.26953125,0.9217921819787986,2.0,0.15
rs,4,-24,-24.0,42.035666433970135,idle_pre,0.0001502058597462901,0.0001502058597462901,0.0,,,0.05006861991543004,0.01668953997181001,0.0,0.0,3.0041171949258025,3.0041171949258025,0.58203125,6.26953125,0.9462527654867257,2.0,0.13
rs,4,-23,-23.0,43.03694798151652,idle_pre,0.0019142135110383352,0.0019142135110383352,0.0,,,0.09987200927156531,0.01664533487859422,0.03329066975718844,0.01664533487859422,3.994880370862613,2.9961602781469594,0.5834598608657244,6.270994368374558,0.918224105565371,2.0,0.12
rs,4,-22,-22.0,44.03578273455302,idle_pre,0.013499063075592276,0.013482376965486475,0.0,,,0.2836638717986016,0.06674444042320038,0.05005833031740028,0.0,4.004666425392022,5.0058330317400275,0.5859375,6.2734375,0.9477832376325088,2.0,0.35
rs,4,-21,-21.0,45.0359202504158,idle_pre,0.0007332325022331684,0.0007498968772839222,0.0,,,0.04999312515226148,0.016664375050753827,0.0,0.0,2.9995875091356887,2.9995875091356887,0.5859375,6.2734375,0.9088197200176367,2.0,0.22
rs,4,-20,-20.0,46.036401700973514,idle_pre,0.005997112686752321,0.005997112686752321,0.0,,,0.09995187811253868,0.01665864635208978,0.03331729270417956,0.0,2.9985563433761606,2.9985563433761606,0.5859375,6.2734375,0.9189608134920635,2.0,0.21
rs,4,-19,-19.0,47.03613251845042,idle_pre,0.003250875078755955,0.003250875078755955,0.0,,,0.10002692550018324,0.01667115425003054,0.03334230850006108,0.0,3.000807765005497,3.000807765005497,0.5859375,6.2734375,0.9020113031914894,2.0,0.2
rs,4,-18,-18.0,48.035584382216136,idle_pre,0.006370158381293578,0.006370158381293578,0.0,,,0.050027421842619726,0.016675807280873242,0.0,0.0,3.0016453105571834,3.0016453105571834,0.5859375,6.2734375,0.8775535556537103,2.0,0.12
rs,4,-17,-17.0,49.03674573500951,idle_pre,0.013917170588394616,0.013900523255154909,0.0,,,0.26635733183530363,0.08323666619853239,0.0,0.0,3.9953599775295547,4.994199971911943,0.5859375,6.2734375,0.915874393738977,2.0,0.25
rs,4,-16,-16.0,50.03639526764552,idle_pre,0.0,0.0,0.0,,,0.0,0.0,0.0,0.0,0.0,0.0,0.5859375,6.2734375,0.85546875,2.0,0.14
rs,4,-15,-15.0,51.035570832093555,idle_pre,0.0014845572551133708,0.0015012376737101503,0.0,,,0.05004125579033834,0.016680418596779448,0.0,0.0,3.0024753474203005,3.0024753474203005,0.5859375,6.2734375,0.8749377765486726,2.0,0.18
rs,4,-14,-14.0,52.03722506761551,idle_pre,0.00276209750685573,0.002745458365248165,0.0,,,0.049917424822693915,0.016639141607564637,0.0,0.0,2.995045489361635,2.995045489361635,0.5859375,6.2734375,0.8748691027336861,2.0,0.17
rs,4,-13,-13.0,53.03721656799316,idle_pre,0.005100043348442405,0.005100043348442405,0.0,,,0.06666723331297261,0.016666808328243153,0.0,0.0,3.0000254990837676,3.0000254990837676,0.5859375,6.2734375,0.8727253871681416,2.0,0.09
rs,4,-12,-12.0,54.03561548391978,idle_pre,0.010249744035264465,0.010266437429458706,0.0,,,0.2003207303309016,0.06677357677696719,0.0,0.0,4.006414606618031,5.008018258272539,0.5859375,6.2734375,0.9399820243362832,2.0,0.03
rs,4,-11,-11.0,55.03606871763865,idle_pre,0.0025488447776026196,0.0025488447776026196,0.0,,,0.04997734858044352,0.016659116193481174,0.0,0.0,2.998640914826611,2.998640914826611,0.5859375,6.2734375,0.8590148492907801,2.0,0.65
rs,4,-10,-10.0,56.03642993370692,idle_pre,0.003382111660256973,0.003382111660256973,0.0,,,0.08330324286347222,0.016660648572694448,0.016660648572694448,0.0,2.998916743085,2.998916743085,0.5859375,6.2734375,0.8690094964664311,2.0,0.65
rs,4,-9,-9.0,57.0370023171107,idle_pre,0.010344079220726691,0.005413568030170973,0.004913854058155191,,,0.21654272120683893,0.016657132400526072,0.06662852960210429,0.0,2.998283832094693,2.998283832094693,0.5859375,6.2734375,0.8795353982300885,2.0,0.43
rs,4,-8,-8.0,58.03639231522878,idle_pre,0.018361200366777998,0.011156805672456385,0.007204394694321612,,,0.5169820266758564,0.1000610374211335,0.15009155613170025,0.0,8.00488299369068,9.005493367902014,0.5859375,6.2734375,0.9056058843085106,2.0,0.24
rs,4,-7,-7.0,59.03637531598409,idle_pre,0.0039000662981813097,0.0027500467487175904,0.0011500195494637195,,,0.10000169995336691,0.01666694999222782,0.03333389998445564,0.0,2.0000339990673384,2.0000339990673384,0.5859375,6.2734375,0.9058282632743363,2.0,0.38
rs,4,-6,-6.0,60.03652834892273,idle_pre,0.0029495486219067303,0.0029495486219067303,0.0,,,0.09998469904768577,0.016664116507947628,0.033328233015895256,0.016664116507947628,2.999540971430573,2.999540971430573,0.5860339506172839,6.273595954585538,0.8853615520282186,2.0,0.33
rs,4,-5,-5.0,61.03637644847234,idle_pre,0.007401124234104542,0.007401124234104542,0.0,,,0.10001519235276408,0.01666919872546068,0.03333839745092136,0.0,3.0004557705829225,3.0004557705829225,0.58984375,6.27734375,0.8978429203539823,2.0,0.33
rs,4,-4,-4.0,62.037044084072114,idle_pre,0.0023151210094629684,0.0023151210094629684,0.0,,,0.11658882781468188,0.01665554683066884,0.03331109366133768,0.0,2.997998429520391,2.997998429520391,0.58984375,6.27734375,0.911053445229682,2.0,0.17
rs,4,-3,-3.0,63.03577996492386,idle_pre,0.012866264491309969,0.012866264491309969,0.0,,,0.3671307636949667,0.08343880993067426,0.08343880993067426,0.016687761986134853,7.008860034176638,8.01012575334473,0.5905766039823008,6.2781388274336285,0.9719510508849557,2.0,0.16
rs,4,-2,-2.0,64.03658030033111,idle_pre,0.0013322670728230304,0.0013322670728230304,0.0,,,0.04996001523086364,0.01665333841028788,0.0,0.0,2.997600913851818,2.997600913851818,0.59375,6.28125,0.9163785951327433,2.0,0.42
rs,4,-1,-1.0,65.03555571635565,idle_pre,0.00116786324062856,0.0,0.0011845470012089678,,,0.10010256348244799,0.016683760580408,0.033367521160816,0.0,3.00307690447344,3.00307690447344,0.59375,6.28125,0.9522193030973451,2.0,0.3
rs,4,0,0.0,66.03660908142726,create,0.6236597252954676,0.345419480517501,0.2782235956489111,,,18.097603283487903,3.4130714564075624,4.994738716693994,2.514018487402643,202.78639189777613,202.78639189777613,1.165021808745583,6.856766232332156,1.5578000772968197,2.0,0.25
rs,4,1,1.0,67.03563671509424,post_near,0.002652579278786326,0.0017683861858575508,0.0009008759814746012,,,0.1334631083666076,0.0667315541833038,0.0,0.0,3.0029199382486707,3.0029199382486707,1.18359375,6.87109375,1.5386131084070795,2.0,0.16
rs,4,2,2.0,68.03721846739451,post_near,0.011381996500853196,0.007521436284189539,0.003843919870902176,,,0.3827279525140695,0.06656138304592513,0.11648242033036897,0.01664034576148128,3.993682982755508,4.992103728444384,1.1849142699115045,6.872545630530974,1.4949460730088495,2.0,0.06
rs,4,3,3.0,69.03683685064316,post_near,0.0,0.0,0.0,,,0.0,0.0,0.0,0.0,0.0,0.0,1.1875,6.875,1.45703125,2.0,0.35
rs,4,4,4.0,70.03561533292135,post_near,0.008477021498655455,0.008477021498655455,0.0,,,0.05006115058261096,0.01668705019420365,0.0,0.0,3.0036690349566575,3.0036690349566575,1.1875,6.875,1.46542347614841,2.0,0.41
rs,4,5,5.0,71.03594928185144,post_near,0.0015328214492503149,0.0015494825519595575,0.0,,,0.09996661625545532,0.016661102709242554,0.03332220541848511,0.0,3.998664650218213,2.9989984876636595,1.1875,6.875,1.459239730565371,2.0,0.24
rs,4,6,6.0,72.03699510097503,post_near,0.0016482762012278043,0.0016316269466699475,0.0,,,0.09989552734713965,0.016649254557856607,0.033298509115713214,0.0,2.9968658204141896,2.9968658204141896,1.1875,6.875,1.476465878975265,2.0,0.13
rs,4,7,7.0,73.03674170176188,post_near,0.011169497008419939,0.011169497008419939,1.6670891057343194e-05,,,0.20005069268811831,0.06668356422937277,0.016670891057343193,0.0,4.001013853762366,5.001267317202958,1.1875,6.875,1.504818860619469,2.0,0.17
rs,4,8,8.0,74.03674036661783,post_near,0.004350005807884341,0.004333339118965244,0.0,,,0.05000006675729128,0.016666688919097093,0.0,0.0,3.000004005437477,3.000004005437477,1.1875,6.875,1.5275779872134039,2.0,0.11
rs,4,9,9.0,75.0370409488678,post_near,0.007731009529094621,0.000983037849604704,0.006764633337957794,,,0.06664663387150535,0.016661658467876338,0.0,0.0,2.999098524217741,2.999098524217741,1.1875,6.875,1.5248316033568905,2.0,0.04
rs,4,10,10.0,76.03583176533381,post_near,0.003487550421877415,0.0,0.003487550421877415,,,0.06674737649526152,0.01668684412381538,0.0,0.0,3.003631942286769,3.003631942286769,1.1875,6.875,1.5047997007978724,2.0,0.21
rs,4,11,11.0,77.03604503472646,post_mid,0.0048656289769299,3.3326225869382875e-05,0.004815639638125826,,,0.1333049034775315,0.049989338804074315,0.016663112934691436,0.0,2.999360328244459,2.999360328244459,1.1875,6.875,1.4941993915929204,2.0,0.13
rs,4,12,12.0,78.03628135124842,post_mid,0.013313520461816055,0.00879792090593101,0.004515599555885045,,,0.4165682247126425,0.08331364494252849,0.1166391029195399,0.0,4.99881869655171,5.998582435862052,1.1875,6.875,1.486572696208113,2.0,0.11
rs,4,13,13.0,79.03633900086085,post_mid,0.0013999192951952033,0.0009332795301301355,0.00046663976506506775,,,0.01666570589518099,0.0,0.0,0.0,0.0,0.0,1.1875,6.875,1.45703125,2.0,0.06
rs,4,14,14.0,80.03568448225657,post_mid,0.006370836497679215,0.00421942836102838,0.002168085719105492,,,0.10006549472794578,0.01667758245465763,0.03335516490931526,0.0,3.0019648418383733,3.0019648418383733,1.1875,6.875,1.4760241828621907,2.0,0.02
rs,4,15,15.0,81.03558506568272,post_mid,0.0007500745698438601,0.0005000497132292401,0.00025002485661462006,,,0.05000497132292401,0.016668323774308002,0.0,0.0,3.0002982793754405,3.0002982793754405,1.1875,6.875,1.471658909574468,2.0,0.08
rs,4,16,16.0,82.03678233226141,post_mid,0.001048744373412141,0.0006825161795221869,0.00034958145780404696,,,0.049940208257721,0.016646736085907,0.0,0.0,2.99641249546326,2.99641249546326,1.1875,6.875,1.5241690591872792,2.0,0.1
rs,4,17,17.0,83.037133649985,post_mid,0.010929493608518774,0.007230793027587116,0.0036987005809316583,,,0.31655545512478156,0.08330406713810042,0.049982440282860245,0.0,3.9985952226288197,4.998244028286025,1.1875,6.875,1.5294694125441697,2.0,0.08
rs,4,18,18.0,84.03709621826808,post_mid,0.0007166934937346417,0.00048335142600708397,0.0002500093582795262,,,0.05000187165590524,0.016667290551968413,0.0,0.0,3.000112299354315,3.000112299354315,1.1875,6.875,1.472960453539823,2.0,0.09
rs,4,19,19.0,85.03658684889476,post_mid,0.0008504331846183008,0.0,0.0008337580241355891,,,0.050025481448135345,0.01667516048271178,0.0,0.0,3.0015288868881207,3.0015288868881207,1.1875,6.875,1.5167657632743363,2.0,0.46
rs,4,20,20.0,86.03570966720581,post_mid,0.008590869086388033,0.0,0.008607550385584903,,,0.1000877951812198,0.016681299196869965,0.03336259839373993,0.0,3.002633855436594,3.002633855436594,1.1875,6.875,1.4796376329787233,2.0,0.36
rs,4,21,21.0,87.03669735193253,post_mid,0.013137024761288798,0.009906881790832489,0.0032134927489591097,,,0.3496546514411467,0.08325110748598731,0.08325110748598731,0.0,5.994079738991086,6.993093028822933,1.1875,6.875,1.4949501212522045,2.0,0.23
rs,4,22,22.0,88.03693501551946,post_mid,0.0,0.0,0.0,,,0.0,0.0,0.0,0.0,0.9997623928836251,0.9997623928836251,1.1875,6.875,1.4986979166666667,2.0,0.16
rs,4,23,23.0,89.0361590663592,post_mid,0.010674949885065779,0.007038795080465248,0.003636154804600531,,,0.10007765517249169,0.01667960919541528,0.03335921839083056,0.0,1.0007765517249168,1.0007765517249168,1.1875,6.875,1.4672082411504426,2.0,0.11
rs,4,24,24.0,90.03601731856664,post_mid,0.0015502197402261627,0.001033479826817442,0.0005334089428735184,,,0.1000141767887847,0.01666902946479745,0.0333380589295949,0.0,3.000425303663541,3.000425303663541,1.1875,6.875,1.4989923807420495,2.0,0.14
rs,4,25,25.0,91.03589930136998,post_mid,0.008684358236947208,0.005717341411272346,0.002950348191822756,,,0.11668043696474176,0.016668633852105964,0.05000590155631789,0.0,3.0003540933790736,3.0003540933790736,1.1875,6.875,1.5081776344797178,2.0,0.14
rs,4,26,26.0,92.03564378420512,post_mid,0.015403935970046845,0.013953565375464511,0.001450370594582333,,,0.41677315936273934,0.08335463187254787,0.10002555824705744,0.0,7.001789077294021,8.002044659764595,1.1875,6.875,1.543467420212766,2.0,0.06
rs,4,27,27.0,93.03619051774344,post_mid,0.0008828506492740566,0.0,0.000899508208694322,,,0.04997267826079566,0.01665755942026522,0.0,0.0,2.9983606956477398,2.9983606956477398,1.1875,6.875,1.5222869819223985,2.0,0.17
rs,4,28,28.0,94.03599613507589,post_mid,0.0013502624676203373,0.0,0.0013335925606126789,,,0.10001944204595091,0.016669907007658483,0.033339814015316965,0.0,3.0005832613785275,3.0005832613785275,1.1875,6.875,1.509243639380531,2.0,0.16
rs,4,29,29.0,95.03698148330052,post_mid,0.001315370568612141,0.0,0.001315370568612141,,,0.09990156217307401,0.016650260362179002,0.033300520724358004,0.0,3.9960624869229604,2.99704686519222,1.1875,6.875,1.5184270097173145,2.0,0.07
rs,4,30,30.0,96.03587369918823,post_mid,0.010995513989036901,0.0,0.011012199139247881,,,0.10011090126588984,0.01668515021098164,0.03337030042196328,0.0,3.003327037976695,3.003327037976695,1.1875,6.875,1.5137688386524824,2.0,0.02
rs,4,31,31.0,97.03726866642634,post_late,0.018673950450914915,0.0,0.01865730700131517,,,0.49930348799237745,0.1165041471982214,0.1165041471982214,0.0,4.993034879923774,5.991641855908529,1.1875,6.875,1.5487242353723405,2.0,0.09
rs,4,32,32.0,98.03715033531189,post_late,0.0031003668698669187,0.0,0.0031170355089522248,,,0.10001183451183608,0.016668639085306015,0.03333727817061203,0.0,3.0003550353550823,3.0003550353550823,1.1875,6.875,1.468922842920354,2.0,0.13
rs,4,33,33.0,99.03596528371175,post_late,0.0022026102067499898,0.0,0.0022026102067499898,,,0.10011864576136319,0.016686440960227197,0.03337288192045439,0.0,3.0035593728408956,3.0035593728408956,1.1875,6.875,1.4804825774336283,2.0,0.11
rs,4,34,34.0,100.03645708163579,post_late,0.0006996559106755861,0.0,0.0006829974366118817,,,0.0499754221911133,0.016658474063704434,0.0,0.0,2.998525331466798,2.998525331466798,1.1875,6.875,1.4835330167844523,2.0,0.04
rs,4,35,35.0,101.0359565337499,post_late,0.006536605217255759,0.0052192791658190124,0.0013340010647460733,,,0.11672509316528142,0.016675013309325918,0.033350026618651836,0.0,3.001502395678665,3.001502395678665,1.1875,6.875,1.4887772817460319,2.0,0.01
rs,4,36,36.0,102.03706516822179,post_late,0.01495009247878669,0.010704798957527665,0.004228645311371736,,,0.1997785186474836,0.0665928395491612,0.0166482098872903,0.0,3.9955703729496723,4.994462966187091,1.1875,6.875,1.5042093805114638,2.0,0.22
rs,4,37,37.0,103.03625343243282,post_late,0.000600487437143563,0.0004003249580957087,0.00021684268563517553,,,0.050040619761963584,0.016680206587321195,0.0,0.0,3.002437185717815,3.002437185717815,1.1875,6.875,1.468535674778761,2.0,0.22
rs,4,38,38.0,104.03630771636963,post_late,0.000549970145455372,0.00034998100165341864,0.00018332338181845738,,,0.04999728595048837,0.016665761983496123,0.0,0.0,2.9998371570293023,2.9998371570293023,1.1875,6.875,1.4817226080246915,2.0,0.23
rs,4,39,39.0,105.03689285119374,post_late,0.0068626510905278335,0.0068626510905278335,0.0,,,0.11659844085848262,0.016656920122640376,0.03331384024528075,0.0,2.998245622075267,2.998245622075267,1.1875,6.875,1.4967839001766785,2.0,0.16
rs,4,40,40.0,106.03730766773224,post_late,0.0010329048673116828,0.0010495646232360648,0.0,,,0.09995853554629187,0.01665975592438198,0.03331951184876396,0.0,2.998756066388756,2.998756066388756,1.1875,6.875,1.498036541005291,2.0,0.24
rs,4,41,41.0,107.03611753384273,post_late,0.009661498476760701,0.009661498476760701,0.0,,,0.20023831039918552,0.06674610346639517,0.016686525866598793,0.0,4.00476620798371,5.005957759979639,1.1875,6.875,1.4837216414590748,2.0,0.27
rs,4,42,42.0,108.03625568151475,post_late,0.000883211319745611,0.000866546955222109,0.0,,,0.04999309357050628,0.016664364523502097,0.0,0.0,2.999585614230377,2.999585614230377,1.1875,6.875,1.532119589222615,2.0,0.23
rs,4,43,43.0,109.03633689880371,post_late,0.0008999269103760672,0.0008999269103760672,0.0,,,0.04999593946533707,0.016665313155112358,0.0,0.0,3.999675157226966,2.999756367920224,1.1875,6.875,1.4698631084070797,2.0,0.14
rs,4,44,44.0,110.03592448234558,post_late,0.0008503506986232945,0.0008503506986232945,0.0,,,0.0666941724410427,0.016673543110260675,0.0,0.0,3.001237759846922,3.001237759846922,1.1875,6.875,1.4734319592198581,2.0,0.24
rs,4,45,45.0,111.0364808678627,post_late,0.0008328699365629847,0.0008328699365629847,0.0,,,0.049972196193779087,0.016657398731259696,0.0,0.0,2.998331771626745,2.998331771626745,1.1875,6.875,1.474257398409894,2.0,0.23
rs,4,46,46.0,112.03663990100225,post_late,0.02461275242337589,0.015297567179863959,0.009331849260047731,,,0.6832246779677803,0.06665606614319808,0.19996819842959423,0.0,3.9993639685918847,4.999204960739856,1.1875,6.875,1.4963422040636043,2.0,0.21
rs,4,47,47.0,113.03559430042903,post_late,0.0012513083687476399,0.001234624257164338,0.0,,,0.10010466949981119,0.016684111583301863,0.033368223166603726,0.0,4.004186779992447,4.004186779992447,1.1875,6.875,1.5162185291519434,2.0,0.21
rs,4,48,48.0,114.03604821761449,post_late,0.00046645493475553593,0.00048311403956823365,0.0,,,0.04997731443809314,0.016659104812697712,0.0,0.0,2.9986388662855883,2.9986388662855883,1.1875,6.875,1.5152323082010581,2.0,0.2
rs,4,49,49.0,115.03558770020803,post_late,0.005569231394664534,0.005569231394664534,0.0,,,0.1000460729580455,0.016674345493007586,0.03334869098601517,0.0,3.001382188741365,3.001382188741365,1.1875,6.875,1.5126849602473498,2.0,0.19
rs,4,50,50.0,116.03611631790797,post_late,0.014675575564333205,0.01465891770330672,0.0,,,0.28318363745024344,0.08328930513242455,0.01665786102648491,0.0,5.996829969534567,6.996301631123662,1.1875,6.875,1.5356531581272084,2.0,0.28
rs,4,51,51.0,117.03691636721292,post_late,0.0,0.0,0.0,,,0.0,0.0,0.0,0.0,0.0,0.0,1.1875,6.875,1.5394780585106382,2.0,0.21
rs,4,52,52.0,118.0369389017423,post_late,0.004066575028312264,0.0040832413194119045,0.0,,,0.0666651643985617,0.016666291099640424,0.0,0.0,0.9999774659784254,0.9999774659784254,1.1875,6.86285335689046,1.4658651722614842,2.0,0.19
rs,4,53,53.0,119.03672295014063,post_late,0.004284258525823929,0.004284258525823929,0.0,,,0.05001079991234158,0.016670266637447192,0.0,0.0,3.0006479947404947,3.0006479947404947,1.1875,6.875,1.5083586836283185,2.0,0.07
rs,4,54,54.0,120.03723893165588,post_late,0.0014325941412376014,0.0,0.0014159360698278618,,,0.04997421422921865,0.01665807140973955,0.0,0.0,2.9984528537531188,2.9984528537531188,1.1875,6.875,1.5025259496466432,2.0,0.1
rs,4,55,55.0,121.03672471841176,post_late,0.019776836177756066,0.0042688617719271104,0.015524649647125546,,,0.2501286194488541,0.08337620648295137,0.0,0.0,7.003601344567915,8.004115822363332,1.1875,6.875,1.5811478577738516,2.0,0.26
rs,4,56,56.0,122.03710166613261,post_late,0.0018493029094831172,0.0,0.0018326425229111974,,,0.04998115971575993,0.016660386571919976,0.0,0.0,2.998869582945596,2.998869582945596,1.1875,6.875,1.5422887988454708,2.0,0.26
rs,4,57,57.0,123.03661373456319,post_late,0.0015340818603030457,0.0,0.0015507566631324265,,,0.05002440848814279,0.01667480282938093,0.0,0.0,3.0014645092885672,3.0014645092885672,1.1875,6.875,1.5182014627659575,2.0,0.16
rs,4,58,58.0,124.03701874812444,post_late,0.0011162145846226308,0.0,0.0011162145846226308,,,0.04997975752041631,0.016659919173472103,0.0,0.0,2.9987854512249785,2.9987854512249785,1.1875,6.875,1.4916057180851063,2.0,0.13
rs,4,59,59.0,125.03574828306834,post_late,0.0013850930456472774,0.0,0.0013684051776274306,,,0.05006360405954015,0.016687868019846716,0.0,0.0,3.003816243572409,3.003816243572409,1.1875,6.875,1.5060595185512367,2.0,0.11
rs,4,60,60.0,126.03642898400625,post_late,0.006329025159970905,0.0,0.006345680489339249,,,0.3830725754719232,0.06662131747337795,0.09993197621006691,0.0,4.996598810503346,5.9959185726040145,1.1875,6.875,1.5290277164310955,2.0,0.1
rs,4,61,61.0,126.50089339812597,post_late,0.014855820575785713,0.0,0.014855820575785713,,,0.17941812289596273,0.10765087373757765,0.0,0.0,0.0,0.0,1.1875,6.875,1.4770694179389312,2.0,0.14
