impl,trial,bin,min_since_churn,min_since_start,phase,millicores,user_millicores,system_millicores,cycles_per_s,instructions_per_s,wakeups_per_s,vol_cs_per_s,nonvol_cs_per_s,pgfault_per_s,net_rx_pkts_per_min,net_tx_pkts_per_min,anon_mib,rss_mib,mem_mib,threads,load1
go,1,-66,-66.0,0.05434859991073608,startup,0.25974296835341376,0.2014771312965677,0.058572499357145244,,,10.119855909873262,0.3066623002991898,0.3066623002991898,3.986609903889467,257.5963322513194,36.79947603590277,3.69921875,22.97421875,4.306770833333333,7.0,0.18
go,1,-65,-65.0,1.0544361829757691,warmup,0.007665995255305679,0.0,0.007665995255305679,,,0.08332603538375738,0.0,0.0,0.03333041415350295,9.999124246050886,6.9993869722356195,3.7265625,23.042605039571693,4.22583507914339,7.0,0.17
go,1,-64,-64.0,2.0540421485900877,warmup,0.03744808916814364,0.013805439817997742,0.023625976113650724,,,1.033740662700314,0.0,0.0,0.0,7.002759327969869,6.002365138259888,3.7265625,23.16015625,4.262518912942272,7.0,0.47
go,1,-63,-63.0,3.053730046749115,warmup,0.006852138565060757,0.004484733026767259,0.0023674055382934974,,,0.11670308991587663,0.0,0.0,0.0,6.001873195673656,5.001560996394713,3.7265625,23.16015625,4.225746268656716,7.0,0.48
go,1,-62,-62.0,4.053351831436157,warmup,0.00733610796170196,0.0,0.00733610796170196,,,0.1333837811218538,0.0,0.0,0.0,7.002648508897326,7.002648508897326,3.7265625,23.16015625,4.262061275652985,7.0,0.27
go,1,-61,-61.0,5.052798497676849,warmup,0.04517499685083419,0.03596990336184915,0.009221769382986824,,,0.40022145604282783,0.016675894001784493,0.016675894001784493,0.05002768200535348,6.003321840642418,5.002768200535348,3.726795708955224,23.16053521455224,4.266652576958955,7.0,0.18
go,1,-60,-60.0,6.053629080454509,idle_pre,0.00421316728248244,0.004196514447373814,0.0,,,0.11656984576038372,0.0,0.0,0.049958505325878734,6.9941907456230235,5.995020639105448,3.7421875,23.17578125,4.301872381284916,7.0,0.22
go,1,-59,-59.0,7.052681116263072,idle_pre,0.008191098201116534,0.008207780682177871,0.0,,,0.10009488636802281,0.0,0.0,0.0,6.005693182081369,6.005693182081369,3.74609375,23.17578125,4.267844626168224,7.0,0.19
go,1,-58,-58.0,8.053453016281129,idle_pre,0.055323962099323255,0.04709697917425833,0.008226982925064928,,,1.1324591880656176,0.0,0.0,0.03330762317840052,9.992286953520154,9.992286953520154,3.75243136682243,23.18220648364486,4.299123831775701,7.0,0.29
go,1,-57,-57.0,9.054386047522227,idle_pre,0.03418477120716056,0.024926742570442945,0.00924137750607604,,,0.39962713539788286,0.0,0.0,0.016651130641578454,3.996271353978829,3.996271353978829,3.757115473977695,23.186832016728623,4.297325162639405,7.0,0.43
go,1,-56,-56.0,10.054213130474091,idle_pre,0.006967871530443505,0.0,0.006967871530443505,,,0.0666781964635742,0.0,0.0,0.0,6.001037681721678,5.000864734768065,3.7578125,23.1875,4.295483034048507,7.0,0.38
go,1,-55,-55.0,11.05313934882482,idle_pre,0.01029438725746089,0.01029438725746089,0.0,,,0.10010749358957106,0.0,0.0,0.0,4.004299743582842,4.004299743582842,3.7578125,23.1875,4.261266063084112,7.0,0.38
go,1,-54,-54.0,12.052758248647054,idle_pre,0.004101563106428974,0.004101563106428974,0.0,,,0.10003812454704815,0.0,0.0,0.0,4.001524981881926,4.001524981881926,3.7578125,23.1875,4.268258263500931,7.0,0.38
go,1,-53,-53.0,13.053684981664022,idle_pre,0.059028629553379855,0.05892872214087766,9.99074125021944e-05,,,0.6493981812642636,0.0,0.0,0.0,8.991667125197495,8.991667125197495,3.7578125,23.18765247444238,4.28261500929368,7.0,0.21
go,1,-52,-52.0,14.054229497909546,idle_pre,0.00991126981923632,0.0013992380921274805,0.00852868932344369,,,0.13326077067880765,0.0,0.0,0.13326077067880765,3.9978231203642296,3.9978231203642296,3.784493062033582,23.214858325559703,4.349033640391791,7.0,0.12
go,1,-51,-51.0,15.05418461561203,idle_pre,0.019717551635685462,0.014967338435203337,0.004733545785743594,,,1.1167167874817634,0.0,0.0,0.03333482947706756,6.000269305872161,6.000269305872161,3.7928669110800746,23.22265625,4.306222358007449,7.0,0.11
go,1,-50,-50.0,16.053000513712565,idle_pre,0.0,0.0,0.0,,,0.0,0.0,0.0,0.0,5.005927528294838,5.005927528294838,3.79296875,23.22265625,4.303142490671642,7.0,0.11
go,1,-49,-49.0,17.054012298583984,idle_pre,0.009889993454244558,0.009889993454244558,0.0,,,0.09989892378024808,0.0,0.0,0.016649820630041345,6.992924664617365,6.992924664617365,3.7967586126629422,23.226555225791433,4.321570938081937,7.0,0.41
go,1,-48,-48.0,18.054333432515463,idle_pre,0.015878234293529726,0.015878234293529726,0.0,,,0.26658105844331126,0.0,0.0,0.016661316152706954,5.998073814974503,5.998073814974503,3.8007083722014925,23.230454174440297,4.339778159981344,7.0,0.33
go,1,-47,-47.0,19.05441033045451,idle_pre,0.02183165452409446,0.01996513138921005,0.0018831885200173083,,,0.5999538647842753,0.0,0.0,0.0,5.999538647842752,4.999615539868961,3.80078125,23.23046875,4.308062732774674,7.0,0.34
go,1,-46,-46.0,20.053434030214945,idle_pre,0.006422937381971383,0.006422937381971383,0.0,,,0.10009772543332027,0.0,0.0,0.0,4.00390901733281,4.00390901733281,3.80078125,23.23046875,4.326631005130597,7.0,0.24
go,1,-45,-45.0,21.052817666530608,idle_pre,0.027733760749622808,0.027733760749622808,0.0,,,0.2501541859557078,0.0,0.0,0.0,4.002466975291325,4.002466975291325,3.80078125,23.23046875,4.329548773364486,7.0,0.36
go,1,-44,-44.0,22.052820380528768,idle_pre,0.006999981002064449,0.006999981002064449,0.0,,,0.11666635003440748,0.0,0.0,0.0,4.999986430046035,4.999986430046035,3.80078125,23.23046875,4.362086054104478,7.0,0.31
go,1,-43,-43.0,23.053485413392384,idle_pre,0.0875584374282899,0.0832946063494156,0.004247175488722451,,,1.6489034250334222,0.0,0.0,0.11658913106296925,8.994018682000485,8.994018682000485,3.8031817388268156,23.232912884078214,4.365172544227188,7.0,0.27
go,1,-42,-42.0,24.053399980068207,idle_pre,0.0010834258940089591,0.0007834002618218628,0.00031669372286415726,,,0.03333618135412182,0.0,0.0,0.0,4.000341762494618,4.000341762494618,3.82421875,23.25390625,4.400757972532588,7.0,0.24
go,1,-41,-41.0,25.053363331158955,idle_pre,0.05066852361279043,0.034301257103658785,0.016350599231627436,,,1.4167185878576272,0.0,0.0,0.0,4.000146601009771,4.000146601009771,3.82421875,23.25390625,4.334664513500931,7.0,0.12
go,1,-40,-40.0,26.053353865941364,idle_pre,0.024150228587168435,0.014216801231783763,0.009950094179806456,,,0.10000094653071816,0.0,0.0,0.0,4.000037861228726,4.000037861228726,3.82421875,23.25390625,4.3870248367537314,7.0,0.18
go,1,-39,-39.0,27.053623565038045,idle_pre,0.007581288666628276,0.0053485574988740145,0.0022327311677542614,,,0.0999730373621311,0.0,0.0,0.0,4.998651868106555,4.998651868106555,3.82421875,23.25390625,4.377495053538175,7.0,0.18
go,1,-38,-38.0,28.05334794918696,idle_pre,0.02900799506324761,0.02900799506324761,0.0,,,0.23339766142842905,0.0,0.0,0.033342523061204145,4.001102767344498,4.001102767344498,3.8248454990671643,23.25469333022388,4.378556436567164,7.0,0.16
go,1,-37,-37.0,29.052877914905547,idle_pre,0.06357988472542922,0.05542605214459133,0.008153832580837895,,,0.6669801702116886,0.0,0.0,0.05002351276587665,8.003762042540265,8.003762042540265,3.8362866620111733,23.266257856145252,4.4517574487895715,7.0,0.22
go,1,-36,-36.0,30.05398641427358,idle_pre,0.007158731217636007,0.00714208300550197,0.0,,,0.1997785456084467,0.0,0.0,0.0,5.9933563682534015,5.9933563682534015,3.84375,23.2734375,4.359316806331472,7.0,0.17
go,1,-35,-35.0,31.05431304772695,idle_pre,0.030006865420589557,0.030006865420589557,0.0,,,0.23325714374694825,0.0,0.0,0.0,6.997714312408448,6.997714312408448,3.84375,23.2734375,4.339277416356877,7.0,0.18
go,1,-34,-34.0,32.05367476542791,idle_pre,0.008555460799188268,0.008555460799188268,0.0,,,0.100063868996354,0.0,0.0,0.033354622998784667,7.00447082974478,6.00383213978124,3.8467906191806334,23.276536312849164,4.359178596368715,7.0,0.12
go,1,-33,-33.0,33.05358114639918,idle_pre,0.005233823318788968,0.005233823318788968,0.0,,,0.10000936277940703,0.0,0.0,0.0,7.000655394558493,7.000655394558493,3.8515625,23.28125,4.3517957089552235,7.0,0.09
go,1,-32,-32.0,34.05406954685847,idle_pre,0.03366689040859493,0.03366689040859493,0.0,,,0.366487673918401,0.0,0.0,0.0,4.997559189796377,4.997559189796377,3.8515625,23.28125,4.345714036312849,7.0,0.31
go,1,-31,-31.0,35.05350366433461,idle_pre,0.008871686999296677,0.008871686999296677,0.0,,,0.10005662029281966,0.0,0.0,0.033352206764273216,6.003397217569179,6.003397217569179,3.8543027052238807,23.284048507462686,4.37822119869403,7.0,0.16
go,1,-30,-30.0,36.05347228050232,idle_pre,0.00685021498599831,0.00685021498599831,0.0,,,0.0666687589878181,0.0,0.0,0.0,4.000125539269086,4.000125539269086,3.859375,23.2890625,4.37192035346442,7.0,0.12
go,1,-29,-29.0,37.05300513108571,idle_pre,0.06479693651775877,0.02019276637236384,0.04462084460152405,,,1.25058420968397,0.0,0.0,0.0500233683873588,9.004206309724585,9.004206309724585,3.8625233208955225,23.292232684235074,4.408370743936567,7.0,0.06
go,1,-28,-28.0,38.05402774810791,idle_pre,0.02562379666935262,0.022360467139012716,0.0032466798898789866,,,0.0832482023045894,0.0,0.0,0.0,4.994892138275365,3.9959137106202913,3.87109375,23.30078125,4.363586766759776,7.0,0.09
go,1,-27,-27.0,39.05411113103231,idle_pre,0.01756520202875387,0.01008249262561299,0.007499374680208009,,,0.2999749872083204,0.0,0.0,0.01666527706712891,3.999666496110938,3.999666496110938,3.8740963152985075,23.303791103078357,4.435087744869403,7.0,0.16
go,1,-26,-26.0,40.05277723073959,idle_pre,0.02558412667405937,0.007076105485845514,0.018508021188213857,,,0.2670228485224722,0.0,0.0,0.0,4.005342727837083,4.005342727837083,3.875,23.3046875,4.417320137593284,7.0,0.11
go,1,-25,-25.0,41.05295286575953,idle_pre,0.007498682968667288,0.00533239677771896,0.002149622451017956,,,0.0999824395822305,0.0,0.0,0.033327479860743504,3.9992975832892204,3.9992975832892204,3.877138617318436,23.306884310986966,4.395847881750465,7.0,0.04
go,1,-24,-24.0,42.053983632723494,idle_pre,0.0071259881002140694,0.005094748501554919,0.002047889103566193,,,0.09989702944225332,0.0,0.0,0.0,4.994851472112665,4.994851472112665,3.8828125,23.3125,4.372820953824627,7.0,0.01
go,1,-23,-23.0,43.05447918176651,idle_pre,0.028952319372508424,0.0073630179301776314,0.02158930144233079,,,0.3165098205279977,0.0,0.0,0.0,4.997523482021017,4.997523482021017,3.8828125,23.3125,4.427596421933085,7.0,0.12
go,1,-22,-22.0,44.053879499435425,idle_pre,0.006804080286727235,0.0,0.006804080286727235,,,0.10006000421657699,0.0,0.0,0.0,4.00240016866308,4.00240016866308,3.8828125,23.3125,4.377555490654205,7.0,0.12
go,1,-21,-21.0,45.05264076391856,idle_pre,0.025298004202978723,0.004655767264268512,0.02062554960084545,,,0.3170594194304721,0.0,0.0,0.0,5.006201359428506,5.006201359428506,3.8828125,23.3125,4.431206191588785,7.0,0.04
go,1,-20,-20.0,46.05315908193588,idle_pre,0.07800956623629611,0.042261428473517666,0.03574813776277845,,,1.415932763204179,0.0,0.0,0.09994819504970674,8.995337554473606,8.995337554473606,3.8878847947761193,23.31765974813433,4.431013875932836,7.0,0.17
go,1,-19,-19.0,47.05285249948501,idle_pre,0.0016505060161796105,0.001150352677943365,0.0005168251161774539,,,0.03334355588241637,0.0,0.0,0.0,5.001533382362457,5.001533382362457,3.90625,23.3359375,4.394349394785848,7.0,0.16
go,1,-18,-18.0,48.05332714716594,idle_pre,0.041397017668233504,0.03801528946434964,0.00336506944425882,,,1.1327956545029692,0.0,0.0,0.0,4.997627887513099,4.997627887513099,3.90625,23.3359375,4.446490921787709,7.0,0.17
go,1,-17,-17.0,49.0542427500089,idle_pre,0.005877951464261835,0.005877951464261835,0.0,,,0.09990852347187254,0.0,0.0,0.0,4.995426173593627,4.995426173593627,3.90625,23.3359375,4.447316449814126,7.0,0.34
go,1,-16,-16.0,50.05299276510875,idle_pre,0.005556946098714377,0.005556946098714377,0.0,,,0.10012515493179058,0.0,0.0,0.0,5.006257746589529,5.006257746589529,3.90625,23.3359375,4.424673507462686,7.0,0.35
go,1,-15,-15.0,51.05287139813105,idle_pre,0.008317676157883367,0.008334344847578525,0.0,,,0.08334344847578525,0.0,0.0,0.0,4.000485526837691,4.000485526837691,3.90625,23.3359375,4.442766527001862,7.0,0.43
go,1,-14,-14.0,52.05318686564763,idle_pre,0.024925470157163232,0.02490880874663037,0.0,,,0.09996846319717874,0.0,0.0,0.0,3.9987385278871495,3.9987385278871495,3.90625,23.3359375,4.452337919776119,7.0,0.23
go,1,-13,-13.0,53.05366611480713,idle_pre,0.0081627546733503,0.0081627546733503,0.0,,,0.08329341503418673,0.0,0.0,0.0,3.9980839216409634,3.9980839216409634,3.90625,23.3359375,4.417343168063315,7.0,0.27
go,1,-12,-12.0,54.05444396336873,idle_pre,0.05275896151767172,0.05275896151767172,0.0,,,0.9159541930151339,0.0,0.0,0.03330742520055033,6.994559292115568,6.994559292115568,3.9085050046554937,23.33830889199255,4.425330249068901,7.0,0.24
go,1,-11,-11.0,55.05325886408488,idle_pre,0.008343220878421388,0.007258602164226607,0.0010846187141947802,,,0.0667457670273711,0.0,0.0,0.0,5.005932527052833,5.005932527052833,3.9140625,23.34375,4.433418843283582,7.0,0.23
go,1,-10,-10.0,56.053647780418395,idle_pre,0.039184760406652926,0.02560670779975576,0.013578052606897165,,,1.1828732945885874,0.0,0.0,0.0,4.998056174317974,4.998056174317974,3.9140625,23.34375,4.4115601722532585,7.0,0.26
go,1,-9,-9.0,57.054280030727384,idle_pre,0.004780310980239007,0.0033978517072082138,0.001399115408850441,,,0.09993681491788864,0.0,0.0,0.0,4.996840745894432,4.996840745894432,3.9140625,23.34375,4.417954228624535,7.0,0.45
go,1,-8,-8.0,58.053131930033366,idle_pre,0.007642107241961609,0.0,0.007642107241961609,,,0.10011494203443157,0.0,0.0,0.0,6.006896522065894,6.006896522065894,3.9140625,23.34375,4.410564365671642,7.0,0.38
go,1,-7,-7.0,59.0536010146141,idle_pre,0.007146647617798514,0.0,0.007129988765542572,,,0.08329426127970295,0.0,0.0,0.0,4.997655676782177,4.997655676782177,3.9140625,23.34375,4.436333955223881,7.0,0.51
go,1,-6,-6.0,60.053737648328145,idle_pre,0.022596912499919294,0.01969730868355797,0.0028996038163613255,,,0.19997267699043625,0.0,0.0,0.0,4.999316924760906,4.999316924760906,3.9140625,23.34375,4.4184205923507465,7.0,0.42
go,1,-5,-5.0,61.053354513645175,idle_pre,0.009386929791703169,0.009386929791703169,0.0,,,0.10003832815314212,0.0,0.0,0.0,4.001533126125684,4.001533126125684,3.9140625,23.34375,4.415662825884544,7.0,0.29
go,1,-4,-4.0,62.05388584931691,idle_pre,0.006629810678422986,0.006629810678422986,0.0,,,0.09994689464959276,0.0,0.0,0.0,5.996813678975566,4.997344732479638,3.9140625,23.34375,4.41333507914339,7.0,0.17
go,1,-3,-3.0,63.053662316004434,idle_pre,0.06548130391943727,0.06426436522643347,0.0012336090860586451,,,1.2169386930037984,0.0,0.0,0.05001117916453966,10.002235832907933,10.002235832907933,3.9152409217877095,23.344972067039105,4.4642327164804465,7.0,0.4
go,1,-2,-2.0,64.05393328269322,idle_pre,0.008397724496399825,0.0,0.008397724496399825,,,0.06664860711428432,0.0,0.0,0.11663506244999755,3.998916426857059,3.998916426857059,3.9278180283985105,23.358472998137803,4.47334729981378,7.0,0.35
go,1,-1,-1.0,65.05252271493276,idle_pre,0.02014508267081407,0.0,0.02014508267081407,,,1.1015538162996923,0.0,0.0,0.0,4.00565024108979,4.00565024108979,3.953125,23.3828125,4.496130257009346,7.0,0.24
go,1,0,0.0,66.05302994648615,create,1.7484797825504828,0.855499397045241,0.8929637272881483,,,24.75411060069375,0.03331643418666723,0.0,7.429564823626792,204.89607024800344,204.89607024800344,5.172501749067164,24.669200384794777,5.803638059701493,8.0,0.28
go,1,1,1.0,67.05429861545562,post_near,0.011119226715434933,0.005509676710791861,0.005626195553618275,,,0.18310103872722197,0.016645548975202,0.0,0.033291097950404,4.9936646925606,4.9936646925606,5.340302025139665,24.828670565642458,6.013180865921788,8.0,0.19
go,1,2,2.0,68.05411524772644,post_near,0.18371702110630658,0.1764656914464533,0.007251329659853313,,,1.5002751020386167,0.0,0.0,2.0170365260741403,6.001100408154467,6.001100408154467,5.382316930970149,24.87059818097015,5.999183768656716,8.0,0.2
go,1,3,3.0,69.05271293322245,post_near,0.007961164055824107,0.007243490985802228,0.000700982998626022,,,0.100140428375146,0.0,0.0,0.0,5.0070214187573,5.0070214187573,5.7265625,25.21484375,6.3129672897196265,8.0,0.17
go,1,4,4.0,70.05407181580861,post_near,0.16862086404418689,0.14956342752947027,0.01905743651471661,,,1.2316596524795014,0.0,0.0,0.4161012339457775,3.994571845879465,3.994571845879465,5.732334421641791,25.221840018656717,6.341884328358209,8.0,0.2
go,1,5,5.0,71.05322553316752,post_near,0.063487061331272,0.046439300774109626,0.01704776055716237,,,1.2010163993304213,0.0,0.0,0.033361566648067255,7.005928996094124,7.005928996094124,5.505429395988806,24.99394385494403,6.1267199160447765,8.0,0.23
go,1,6,6.0,72.0544598976771,post_near,0.007257708009478853,0.007274354128766649,0.0,,,0.16646119287795536,0.0,0.0,0.0,4.993835786338661,4.993835786338661,4.96484375,24.453125,5.555785905493482,8.0,0.19
go,1,7,7.0,73.05342464844385,post_near,0.06788694657605693,0.06389948522641879,0.003970777410936729,,,0.8008290576679117,0.0,0.0,0.383730590132541,4.004145288339559,4.004145288339559,5.03728759310987,24.52841305865922,5.635293005121043,8.0,0.18
go,1,8,8.0,74.05371981461843,post_near,0.0070312579438236355,0.004565319138880748,0.002465938804942886,,,0.09997049209227916,0.0,0.0,0.0,3.9988196836911665,3.9988196836911665,5.0546875,24.54296875,5.636216829608938,8.0,0.14
go,1,9,9.0,75.05404234727224,post_near,0.24533753729968255,0.23832313300744712,0.0070310655850910715,,,2.265935828370582,0.0,0.0,0.23325809997932465,3.9987102853598513,3.9987102853598513,5.071822232645403,24.561026911350844,5.613698991557223,8.0,0.13
go,1,10,10.0,76.05366171598435,post_near,0.013855273750691831,0.00920350314125378,0.004651770609438052,,,0.21674916818170134,0.0,0.0,0.0,6.0022846573394215,6.0022846573394215,5.090463211287314,24.57830719449627,5.640165869869403,8.0,0.05
go,1,11,11.0,77.05440226395925,post_mid,0.11033495833670927,0.09236493266949276,0.017970025667216498,,,2.0484830000626775,0.01665433333384291,0.0,0.01665433333384291,4.996300000152872,4.996300000152872,5.052880130597015,24.541270697294777,5.6193228194962686,8.0,0.14
go,1,12,12.0,78.0530351638794,post_mid,0.007026272284067294,0.004689744683664868,0.0023365276004024254,,,0.08344741430008662,0.0,0.0,0.0,5.006844858005197,5.006844858005197,5.0546875,24.54296875,5.633525372439479,8.0,0.09
go,1,13,13.0,79.05447278022766,post_mid,0.007655660763596138,0.0015644176343000804,0.006074600388505631,,,0.1164991855329847,0.0,0.0,0.0,5.9913866845534995,5.9913866845534995,5.0546875,24.54296875,5.607454608938547,8.0,0.21
go,1,14,14.0,80.05345278183619,post_mid,0.15245550436922725,0.14020968031505646,0.012245824054170804,,,1.2012252478205694,0.0,0.0,0.13346947198006326,6.006126239102847,5.005105199252371,5.0637581928838955,24.552683169475657,5.627340823970037,8.0,0.19
go,1,15,15.0,81.0533146818479,post_mid,0.04942349205034064,0.02260312149081346,0.026837039528178223,,,0.8334484325521188,0.0,0.0,0.133351749208339,7.000966833437798,7.000966833437798,5.110204259776537,24.59935841480447,5.655857192737431,8.0,0.33
go,1,16,16.0,82.05352571407954,post_mid,0.17781247583640925,0.1595663263620518,0.01824614947435743,,,1.4163677674158734,0.0,0.0,0.13330520163914103,4.998945061467789,4.998945061467789,5.125757929104478,24.614972014925375,5.691872667910448,8.0,0.2
go,1,17,17.0,83.05394079685212,post_mid,0.00429821588463349,0.002915456510894809,0.0013660996222478535,,,0.06663900596330992,0.0,0.0,0.0,5.9975105366978925,5.9975105366978925,5.1484375,24.63671875,5.696128731343284,8.0,0.39
go,1,18,18.0,84.05363736550014,post_mid,0.030475914014458885,0.019539262158066638,0.01095332358178309,,,0.3501062332076787,0.0,0.0,0.0,5.001517617252553,5.001517617252553,5.1484375,24.63671875,5.7003796728971965,8.0,0.75
go,1,19,19.0,85.05283673206965,post_mid,0.1738892215239524,0.1550574775334927,0.018831743990459688,,,1.9849225286666987,0.0,0.0,0.13344016999439992,4.003205099831997,4.003205099831997,5.075365070093458,24.56113463785047,5.604818925233645,8.0,0.45
go,1,20,20.0,86.05443051656087,post_mid,0.0029120255255460116,0.002895385379685749,0.0,,,0.06656058344105169,0.0,0.0,0.0,3.9936350064631014,3.9936350064631014,5.0546875,24.54296875,5.610247905027933,8.0,0.28
go,1,21,21.0,87.05268459717432,post_mid,0.18303623317460654,0.16822704419112794,0.014825884799694482,,,2.036889578336404,0.0,0.0,0.15026234594284948,4.006995891809319,4.006995891809319,5.0828125,24.571422313084113,5.6673992406542055,8.0,0.5
go,1,22,22.0,88.05314528147379,post_mid,0.061171819103369114,0.03520045037184612,0.025971368731523,,,1.1161524727466587,0.0,0.0,0.13327193704437718,8.995855750495458,8.995855750495458,5.049564190764926,24.537867304104477,5.630218050373134,8.0,0.37
go,1,23,23.0,89.05398224989572,post_mid,0.22865861995569361,0.21830062260572336,0.010341344621111772,,,2.2481183958938633,0.0,0.0,0.1332218308677845,3.9966549260335347,3.9966549260335347,5.069846082089552,24.55830223880597,5.661825151585821,8.0,0.19
go,1,24,24.0,90.05280484755833,post_mid,0.014099934629322975,0.009894983710282277,0.004221637232211494,,,0.317039950245132,0.0,0.0,0.0,4.00471516099114,4.00471516099114,5.09375,24.58203125,5.713952978971963,8.0,0.17
go,1,25,25.0,91.0537512143453,post_mid,0.14757700469090865,0.11617339069485158,0.03140361399605705,,,0.9324508927779401,0.0,0.0,0.13320727039684857,5.994327167858186,5.994327167858186,5.073970965485074,24.560969566231343,5.735635785914179,8.0,0.41
go,1,26,26.0,92.05372064908346,post_mid,0.005683507051214528,0.004000122264784418,0.0016833847864301094,,,0.06666870441307364,0.0,0.0,0.0,6.000183397176628,6.000183397176628,5.00390625,24.4921875,5.557063316231344,8.0,0.27
go,1,27,27.0,93.0529692808787,post_mid,0.14292405525748145,0.10439510582991905,0.038512270228676,,,1.8180326786165804,0.0,0.0,0.13343359109112515,13.009775131384703,12.009023198201264,5.01033148364486,24.499452394859812,5.606490946261682,8.0,0.11
go,1,28,28.0,94.05379218260447,post_mid,0.03092455213268138,0.029592315099501786,0.0013322370331795964,,,0.34971222120964407,0.0,0.0,0.016652962914744954,3.996711099538789,3.996711099538789,5.0390625,24.52734375,5.65942882914339,8.0,0.2
go,1,29,29.0,95.05264686346054,post_mid,0.15896539944854438,0.15444355382551977,0.004521845623024617,,,1.7019492750867564,0.0,0.0,0.0,7.008026426827821,7.008026426827821,5.0390625,24.52734375,5.6033148364485985,8.0,0.38
go,1,30,30.0,96.05322613318761,post_mid,0.034796510101756994,0.03366383289404063,0.0011493342254768947,,,0.3831114084922982,0.0,0.0,0.0,3.997684262528329,3.997684262528329,5.0390625,24.52734375,5.610864485981309,8.0,0.32
go,1,31,31.0,97.05330354770025,post_late,0.017915279764015028,0.012765678417893498,0.005149601346121529,,,0.28331140091930745,0.016665376524665144,0.0,0.0,3.9996903659196343,3.9996903659196343,5.0390625,24.52734375,5.632256554307116,8.0,0.24
go,1,32,32.0,98.05276311635971,post_late,0.14896383806002741,0.12696861782033458,0.02197854456096677,,,1.1172704746470208,0.0,0.0,0.0,4.002162894257985,4.002162894257985,5.0390625,24.527693563432837,5.611830981809701,8.0,0.16
go,1,33,33.0,99.05379364887874,post_late,0.006609854996147113,0.001714899407060838,0.004911605097892691,,,0.09989705283849541,0.0,0.0,0.13319607045132723,3.9958821135398166,3.9958821135398166,5.0697887569832405,24.55859375,5.639432029795159,8.0,0.18
go,1,34,34.0,100.05295706590017,post_late,0.012994204063272686,0.012994204063272686,0.0,,,0.0667224855623758,0.0,0.0,0.0,4.003349133742548,4.003349133742548,5.0703125,24.55859375,5.66181786380597,8.0,0.28
go,1,35,35.0,101.05328568220139,post_late,0.2222936173603452,0.20424954693602698,0.018044070424318232,,,2.2659220477444872,0.0,0.0,0.14995072374779694,6.9977004415638575,6.9977004415638575,5.027555490654206,24.513259345794392,5.646831191588785,8.0,0.27
go,1,36,36.0,102.05276386340459,post_late,0.021828056957084358,0.015758222936932555,0.006069834020151799,,,1.133925036731655,0.0,0.0,0.0,5.002610456169066,5.002610456169066,4.9921875,24.48046875,5.529307827102803,8.0,0.38
go,1,37,37.0,103.05416966676712,post_late,0.1775836855909993,0.1646352219181036,0.012948463672895733,,,1.2482452126827506,0.0,0.0,0.23300577303411343,5.991577020877203,5.991577020877203,5.021933411214953,24.5110324182243,5.614025992990654,8.0,0.38
go,1,38,38.0,104.05441338221232,post_late,0.004832155662364801,0.004832155662364801,0.0,,,0.06665042292916967,0.0,0.0,0.0,4.9987817196877256,4.9987817196877256,5.046875,24.53515625,5.582905783582089,8.0,0.21
go,1,39,39.0,105.05340859889984,post_late,0.007774478332758657,0.007774478332758657,0.0,,,0.2335680185807322,0.0,0.0,0.0,5.005028969587118,5.005028969587118,5.046875,24.53515625,5.580930795242537,8.0,0.18
go,1,40,40.0,106.0537684639295,post_late,0.08780173655880302,0.05516348192527454,0.032638254633528485,,,0.9829795933528233,0.0,0.0,0.0,4.998201322132999,4.998201322132999,5.046875,24.53515625,5.5822563313197024,8.0,0.31
go,1,41,41.0,107.0534848968188,post_late,0.04636314706365568,0.030458637067709075,0.01590450999594661,,,0.38344206489179455,0.0,0.0,0.0166713941257302,8.002269180350496,8.002269180350496,5.049564190764926,24.53796933302239,5.610766965951493,8.0,0.17
go,1,42,42.0,108.05277453263601,post_late,0.16973724192381492,0.1279575631364359,0.04177967878737903,,,1.3342811588783723,0.0,0.0,0.0,5.003554345793896,5.003554345793896,5.05078125,24.5390625,5.6197382229477615,8.0,0.14
go,1,43,43.0,109.05277809699376,post_late,0.00541664735979763,0.003933319313576125,0.001466661438960589,,,0.13333285808732628,0.0,0.0,0.0,5.999978613929683,5.999978613929683,5.05078125,24.5390625,5.605002332089552,8.0,0.18
go,1,44,44.0,110.05438706477483,post_late,0.004642530318295237,0.004642530318295237,0.0,,,0.06655957445584569,0.0,0.0,0.0,4.991968084188426,4.991968084188426,5.05078125,24.5390625,5.627756925046555,8.0,0.17
go,1,45,45.0,111.05343653361003,post_late,0.08201128761808012,0.08201128761808012,0.0,,,0.8674912441294073,0.0,0.0,0.0,5.004757177669657,5.004757177669657,5.05078125,24.5390625,5.608733675373134,8.0,0.17
go,1,46,46.0,112.05395114819208,post_late,0.029068374324029356,0.029068374324029356,0.0,,,0.1499228475164838,0.0,0.0,0.0,4.99742825054946,4.99742825054946,5.05078125,24.5390625,5.590936916977612,8.0,0.23
go,1,47,47.0,113.05429796377818,post_late,0.21044368151792206,0.20222986353135444,0.008213817986567618,,,1.9993066093065195,0.0,0.0,0.016660888410887663,9.996533046532598,9.996533046532598,5.053572469682836,24.541912021921643,5.610125641324627,8.0,0.2
go,1,48,48.0,114.05425714651743,post_late,0.01498394493692077,0.006116916342435954,0.008867028594484816,,,1.0667102068553163,0.0,0.0,0.0,5.000204094634295,5.000204094634295,5.0546875,24.54296875,5.578125,8.0,0.12
go,1,49,49.0,115.05349435011546,post_late,0.12809771247417687,0.11592175803327202,0.012175954440904831,,,0.75057253402838,0.0,0.0,0.0,5.003816893522533,5.003816893522533,5.0546875,24.54296875,5.595414719626168,8.0,0.16
go,1,50,50.0,116.052716533343,post_late,0.028939176043174246,0.028939176043174246,0.0,,,0.30023352667270115,0.0,0.0,0.0,4.003113688969348,4.003113688969348,5.0546875,24.54296875,5.632064962476548,8.0,0.24
go,1,51,51.0,117.05298043092093,post_late,0.15812493787855153,0.14987711445917504,0.008247823419376502,,,1.2496702150570458,0.0,0.0,0.0,5.998417032273819,5.998417032273819,5.0546875,24.54296875,5.589785447761194,8.0,0.31
go,1,52,52.0,118.05376483201981,post_late,0.00676136304606336,0.005029388275643189,0.0017319747704201709,,,0.09992162137039448,0.0,0.0,0.0,3.9968648548157795,3.9968648548157795,5.0546875,24.54296875,5.600544110800745,8.0,0.21
go,1,53,53.0,119.05338464975357,post_late,0.03114517417623395,0.019357359324736412,0.011787814851497538,,,0.3167871035055916,0.0,0.0,0.0,4.001521307439051,4.001521307439051,5.0546875,24.54296875,5.590244577891791,8.0,0.2
go,1,54,54.0,120.05284374952316,post_late,0.19907434602630056,0.17622865545367267,0.022862366259177255,,,1.5508388490907985,0.0,0.0,0.0,7.003788350732639,7.003788350732639,5.0546875,24.54296875,5.608703271028038,8.0,0.42
go,1,55,55.0,121.05427983204524,post_late,0.03193746849303119,0.0319208257267503,0.0,,,0.1664276628089171,0.0,0.0,0.0,3.9942639074140103,3.9942639074140103,5.0546875,24.54296875,5.605643656716418,8.0,0.3
go,1,56,56.0,122.05443726380666,post_late,0.14226093694344855,0.1417943437333728,0.00048325725329272665,,,1.1831470684063308,0.0,0.0,0.0,3.999370372077738,3.999370372077738,5.0546875,24.54296875,5.599035780669145,8.0,0.31
go,1,57,57.0,123.05388316313426,post_late,0.008538064280492183,0.007904379822174403,0.0006336844583177792,,,0.15008316118052664,0.0,0.0,0.0,4.00221763148071,4.00221763148071,5.0546875,24.54296875,5.5976780726256985,8.0,0.19
go,1,58,58.0,124.05433613061905,post_late,0.10257020569857678,0.09898849476383681,0.0035650518141132747,,,1.4326843738959887,0.0,0.0,0.016659120626697544,4.997736188009263,3.9981889504074104,5.055744228078358,24.54406191697761,5.598698402518656,8.0,0.11
go,1,59,59.0,125.05348626375198,post_late,0.02877445445545958,0.025588413411405792,0.0032027218872163706,,,0.1334467453006821,0.0,0.0,0.0,4.003402359020463,4.003402359020463,5.05859375,24.546875,5.604707982209738,8.0,0.08
go,1,60,60.0,126.0543085972468,post_late,0.15324065174596757,0.13840285336456604,0.014837798381401555,,,1.3655437343152947,0.0,0.0,0.0,3.9967133687276917,3.9967133687276917,5.05859375,24.546875,5.608617070895522,8.0,0.2
go,1,61,61.0,126.53845266501109,post_late,0.013425755746664832,0.01242743031934873,0.0009639004125810649,,,0.37867516208541835,0.034425014735038034,0.0,0.0,4.131001768204564,4.131001768204564,5.05859375,24.546875,5.58203125,8.0,0.21
go,2,-66,-66.0,0.03565621773401896,startup,0.39263839211534907,0.10517099788803992,0.28699996757002894,,,15.425079690245855,0.46742665728017746,0.46742665728017746,3.271986600961242,252.4103949312958,28.045599436810647,3.6826171875,22.9546875,4.3173828125,7.0,0.51
go,2,-65,-65.0,1.036401597658793,warmup,0.006961477720926725,0.0,0.006961477720926725,,,0.13323402336701867,0.0,0.0,0.049962758762632,15.988082804042241,6.99478622676848,3.699284217877095,23.009907472067038,4.191326233705773,7.0,0.51
go,2,-64,-64.0,2.0365133325258893,warmup,0.01766469290455269,0.006832569897043963,0.010832123007508722,,,1.0665474961239358,0.0,0.0,0.0,5.999329665697139,5.999329665697139,3.703125,23.1328125,4.193352114312268,7.0,0.31
go,2,-63,-63.0,3.0350886305173237,warmup,0.011099146309373658,0.008795864819608899,0.002303281489764759,,,0.133523564624044,0.0,0.0,0.0,7.00998714276231,6.00856040808198,3.703125,23.1328125,4.227437033582089,7.0,0.26
go,2,-62,-62.0,4.036162698268891,warmup,0.01793074116914853,0.011271227271600329,0.006676162682292071,,,0.26638055590192805,0.0,0.0,0.0,5.9935625077933805,5.9935625077933805,3.703125,23.1328125,4.22456209264432,7.0,0.18
go,2,-61,-61.0,5.035841751098633,warmup,0.017405586273661205,0.010936843482300528,0.006468742791360678,,,0.3834564025806587,0.0166720175035069,0.0,0.0,8.002568401683313,7.002247351472899,3.703125,23.1328125,4.226970615671642,7.0,0.22
go,2,-60,-60.0,6.03609688282013,idle_pre,0.00426557838231081,0.0026659864889442557,0.0015829294778106518,,,0.0666496622236064,0.0,0.0,0.0,5.998469600124575,5.998469600124575,3.703125,23.1328125,4.228504713687151,7.0,0.58
go,2,-59,-59.0,7.035344731807709,idle_pre,0.00818949306883627,0.005153876493422419,0.003052295787366675,,,0.10007527171694017,0.0,0.0,0.03335842390564672,6.00451630301641,6.00451630301641,3.703445662313433,23.133162313432837,4.205981809701493,7.0,0.58
go,2,-58,-58.0,8.03586045106252,idle_pre,0.007845953690609392,0.004930790429767262,0.002915163260842131,,,0.0999484546574445,0.0,0.0,0.0,5.99690727944667,5.99690727944667,3.7109375,23.140625,4.302247908921933,7.0,0.29
go,2,-57,-57.0,9.036651615301768,idle_pre,0.027195150835844402,0.02587952504525548,0.0013156257905889209,,,0.11657443714079045,0.0,0.0,0.0,7.993675689654202,6.994466228447427,3.7109375,23.140625,4.235626163873371,7.0,0.41
go,2,-56,-56.0,10.03614821434021,idle_pre,0.049074704253309294,0.047657324076098524,0.0014007051163024058,,,0.616977253609393,0.0,0.0,0.10005036545017185,8.004029236013748,8.004029236013748,3.727631808659218,23.15731930865922,4.315482425512104,7.0,0.29
go,2,-55,-55.0,11.035362799962362,idle_pre,0.017080081608336677,0.0,0.017096761375532316,,,1.1342241693036075,0.0,0.0,0.0,5.003930158692385,5.003930158692385,3.73046875,23.16015625,4.2109375,7.0,0.21
go,2,-54,-54.0,12.036515947182973,idle_pre,0.0065258081158423055,0.0037789756181025595,0.002746832497739746,,,0.06658987873308475,0.0,0.0,0.016647469683271188,5.993089085977628,5.993089085977628,3.733740963152985,23.163443038712686,4.247281658115671,7.0,0.3
go,2,-53,-53.0,13.036157631874085,idle_pre,0.024625490356850417,0.02219128481040481,0.0024342055464456067,,,0.2167443294780335,0.0,0.0,0.0,5.00179221872385,5.00179221872385,3.734375,23.1640625,4.2260377798507465,7.0,0.92
go,2,-52,-52.0,14.035281765460969,idle_pre,0.007239674320912923,0.00026690043579402476,0.006972773885118898,,,0.08340638618563274,0.0,0.0,0.0,5.004383171137965,5.004383171137965,3.734375,23.1640625,4.269881063432836,7.0,0.68
go,2,-51,-51.0,15.034940965970357,idle_pre,0.007419195124585867,0.00471827465226472,0.002684248123726572,,,0.1000340915674499,0.0,0.0,0.0,5.001704578372495,5.001704578372495,3.734375,23.1640625,4.283628666201118,7.0,0.29
go,2,-50,-50.0,16.036573147773744,idle_pre,0.01665614747251419,0.01064928509731177,0.00602350188316697,,,0.09983704778729785,0.0,0.0,0.0,4.991852389364892,4.991852389364892,3.734375,23.1640625,4.2653122090316575,7.0,0.31
go,2,-49,-49.0,17.036344130833943,idle_pre,0.07511720311198296,0.04514367199894582,0.029956860628547133,,,1.3169682747107532,0.0,0.0,0.050011453470028604,11.002519763406294,10.00229069400572,3.7368018306902986,23.166861007462686,4.35673682369403,7.0,0.32
go,2,-48,-48.0,18.036523799101513,idle_pre,0.009398311421668805,0.0007831926184724004,0.008615118803196405,,,0.09998203640073196,0.0,0.0,0.01666367273345533,5.998922184043917,5.998922184043917,3.7469318446828357,23.176699510261194,4.249519006529851,7.0,0.31
go,2,-47,-47.0,19.035673399766285,idle_pre,0.041034896048320536,0.01601361797007631,0.02503795893029639,,,1.1342979395470718,0.0,0.0,0.0,5.004255615648846,5.004255615648846,3.75,23.1796875,4.254677316108007,7.0,0.3
go,2,-46,-46.0,20.036229050159456,idle_pre,0.007362575648612785,0.004630760249579986,0.002731815399032798,,,0.0999444658182731,0.0,0.0,0.0,4.997223290913655,4.997223290913655,3.75,23.1796875,4.254779155027933,7.0,0.36
go,2,-45,-45.0,21.03540148337682,idle_pre,0.027539457406828307,0.027539457406828307,0.0,,,0.13344376696222074,0.0,0.0,0.0,5.004141261083278,5.004141261083278,3.75,23.1796875,4.241201810747664,7.0,0.22
go,2,-44,-44.0,22.03497311671575,idle_pre,0.056991079745208,0.0354151706784148,0.021575909066793197,,,0.6836261759957659,0.0,0.0,0.10004285502377062,9.003856952139357,8.00342840190165,3.7537167677238807,23.18387068563433,4.266820195895522,7.0,0.14
go,2,-43,-43.0,23.035310649871825,idle_pre,0.009446811387937364,0.005981314441392441,0.0034654969465449242,,,0.21659355915905776,0.0,0.0,0.0,5.997975484404676,5.997975484404676,3.7734375,23.203125,4.270063257929104,7.0,0.16
go,2,-42,-42.0,24.0364613811175,idle_pre,0.019311111434017467,0.01223591974483003,0.0070751916891874335,,,1.065440630842343,0.0,0.0,0.0,4.994252957073482,4.994252957073482,3.7734375,23.203125,4.270504182156134,7.0,0.16
go,2,-41,-41.0,25.035421633720397,idle_pre,0.005972876949928583,0.005255464355384088,0.0007007285807178785,,,0.11678809678631306,0.0,0.0,0.0,4.004163318387876,4.004163318387876,3.7734375,23.203125,4.292081296554935,7.0,0.19
go,2,-40,-40.0,26.035830815633137,idle_pre,0.005780967865844498,0.005780967865844498,0.0,,,0.09995909854486164,0.0,0.0,0.0,4.997954927243082,4.997954927243082,3.7734375,23.203125,4.279340439126394,7.0,0.25
go,2,-39,-39.0,27.03616734743118,idle_pre,0.03503820852868357,0.03068967194951742,0.00434853657916615,,,0.23325483566408464,0.0,0.0,0.0,3.9986543256700227,3.9986543256700227,3.7734375,23.203125,4.290066340782123,7.0,0.56
go,2,-38,-38.0,28.03666763305664,idle_pre,0.057304664633345596,0.025870390748716776,0.03143427388462882,,,1.199399957442117,0.0,0.0,0.0666333309690065,5.996999787210585,5.996999787210585,3.7750408115671643,23.205019822761194,4.317171466884329,7.0,0.69
go,2,-37,-37.0,29.036078548431398,idle_pre,0.004619387877043072,0.002935062333428089,0.0017010020341458243,,,0.03335298106168283,0.0,0.0,0.0,4.0023577274019395,4.0023577274019395,3.7890625,23.21875,4.26953125,7.0,0.9
go,2,-36,-36.0,30.035436165332793,idle_pre,0.047930789929353276,0.037023783452736346,0.01089032909668326,,,1.2841582548922068,0.0,0.0,0.033354759867330046,6.003856776119408,6.003856776119408,3.7897329757462686,23.219580806902986,4.296117070895522,7.0,0.9
go,2,-35,-35.0,31.034956284364064,idle_pre,0.008937622328194329,0.005702736634780709,0.003251560361936369,,,0.15007201670475548,0.0,0.0,0.0,5.002400556825183,5.002400556825183,3.796875,23.2265625,4.3287954757462686,7.0,0.73
go,2,-34,-34.0,32.03513413270314,idle_pre,0.005982269396657204,0.003815987999538996,0.002166281397118207,,,0.18330073360230986,0.0,0.0,0.0,4.999110916426633,4.999110916426633,3.796875,23.2265625,4.291775779795159,7.0,0.38
go,2,-33,-33.0,33.036546834309895,idle_pre,0.023649923049042426,0.023649923049042426,0.0,,,0.2829336325360459,0.0,0.0,0.0,5.991535747822149,4.992946456518457,3.796875,23.2265625,4.306207809590316,7.0,0.42
go,2,-32,-32.0,34.03590566714605,idle_pre,0.005570238120444315,0.005570238120444315,0.0,,,0.10006415785229308,0.0,0.0,0.0,5.003207892614654,5.003207892614654,3.796875,23.2265625,4.298417132216015,7.0,0.31
go,2,-31,-31.0,35.036549015839896,idle_pre,0.03835865534252097,0.03835865534252097,0.0,,,0.46636663030420633,0.0,0.0,0.03331190216458617,6.995499454563095,6.995499454563095,3.7994791666666665,23.22932669925512,4.378688023743017,7.0,0.24
go,2,-30,-30.0,36.035814849535626,idle_pre,0.006654885792907921,0.006654885792907921,0.0,,,0.18346802937841386,0.0,0.0,0.0,5.003673528502196,5.003673528502196,3.8046875,23.234375,4.3214690991620115,7.0,0.17
go,2,-29,-29.0,37.0354084332784,idle_pre,0.046502232596657755,0.046502232596657755,0.0,,,1.3338754419980712,0.0,0.0,0.05002032907492767,5.002032907492767,5.002032907492767,3.8084191689944134,23.238346717877096,4.345481261638733,7.0,0.2
go,2,-28,-28.0,38.03540548086166,idle_pre,0.005883350703436424,0.005883350703436424,0.0,,,0.06666686349503032,0.0,0.0,0.0,4.000011809701819,4.000011809701819,3.81640625,23.24609375,4.352128833643123,7.0,0.08
go,2,-27,-27.0,39.03568916718165,idle_pre,0.007997731153080938,0.007997731153080938,0.0,,,0.13329551921801563,0.0,0.0,0.0,3.998865576540469,3.998865576540469,3.81640625,23.24609375,4.333722014925373,7.0,0.33
go,2,-26,-26.0,40.036322863896686,idle_pre,0.0253172898499218,0.0253172898499218,0.0,,,0.33312223486739206,0.0,0.0,0.0,5.996200227613057,5.996200227613057,3.81640625,23.24609375,4.374300373134329,7.0,0.17
go,2,-25,-25.0,41.03602338234584,idle_pre,0.008185784824867629,0.00043346314754899866,0.00775232167731863,,,0.100029957126692,0.0,0.0,0.0,5.0014978563346,5.0014978563346,3.81640625,23.24609375,4.35320647113594,7.0,0.11
go,2,-24,-24.0,42.035798982779184,idle_pre,0.0830186293444488,0.0825685283419789,0.00045010100246990314,,,1.4503254524030214,0.0,0.0,0.016670407498885303,9.002020049398062,9.002020049398062,3.8165230724299066,23.246305490654205,4.352015186915888,7.0,0.07
go,2,-23,-23.0,43.03572136561076,idle_pre,0.00708388316428601,0.00708388316428601,0.0,,,0.1000077623193319,0.0,0.0,0.016667960386555318,5.000388115966595,5.000388115966595,3.8204366238317755,23.250153329439254,4.333250584112149,7.0,0.09
go,2,-22,-22.0,44.03572458426158,idle_pre,0.01976660304487361,0.011583296050748025,0.008166640381102925,,,1.066663233450178,0.0,0.0,0.0,4.999983906797709,4.999983906797709,3.82421875,23.25390625,4.351198111007463,7.0,0.19
go,2,-21,-21.0,45.035223082701364,idle_pre,0.02532936938493238,0.015791252671185623,0.009538116713746754,,,0.15007526297853283,0.0,0.0,0.0,6.003010519141314,6.003010519141314,3.82421875,23.25390625,4.3458124416977615,7.0,0.15
go,2,-20,-20.0,46.035912132263185,idle_pre,0.006695386546833699,0.006229041215213441,0.00046634533162025763,,,0.0999311424900552,0.0,0.0,0.0,4.996557124502761,4.996557124502761,3.82421875,23.25390625,4.372977511682243,7.0,0.2
go,2,-19,-19.0,47.03535991509755,idle_pre,0.008671455193075266,0.008671455193075266,0.0,,,0.10005525222779153,0.0,0.0,0.0,5.002762611389576,5.002762611389576,3.82421875,23.25390625,4.3103136660447765,7.0,0.21
go,2,-18,-18.0,48.03541284799576,idle_pre,0.08176233874911278,0.023732077125710682,0.05804692740790049,,,1.21660226838264,0.0,0.0,0.08332892249196165,7.999576559228318,7.999576559228318,3.8265216884328357,23.256770347481343,4.397373484141791,7.0,0.21
go,2,-17,-17.0,49.03649298350016,idle_pre,0.011803916836999983,0.0016149223317193206,0.010172345821448504,,,0.11654078682510562,0.0,0.0,0.04994605149647383,3.9956841197179065,3.9956841197179065,3.845105527052239,23.274967933768657,4.3826303055037314,7.0,0.2
go,2,-16,-16.0,50.03549741506576,idle_pre,0.03803786930198879,0.0030363562337552457,0.03501819634424319,,,1.0176798365882966,0.0,0.0,0.0,4.0039862423146095,4.0039862423146095,3.85546875,23.28515625,4.388551401869159,7.0,0.35
go,2,-15,-15.0,51.03519484996796,idle_pre,0.008319183761315099,0.007952406120535676,0.000350105929834904,,,0.25007566416778854,0.0,0.0,0.0,5.001513283355771,5.001513283355771,3.85546875,23.28515625,4.364906424906716,7.0,0.25
go,2,-14,-14.0,52.03537648121516,idle_pre,0.009431620256383026,0.00944828389641197,0.0,,,0.09998184017367165,0.0,0.0,0.0,3.9992736069468657,3.9992736069468657,3.85546875,23.28515625,4.360015130353817,7.0,0.19
go,2,-13,-13.0,53.03528705040614,idle_pre,0.025618957790788172,0.022835375519440333,0.0027835822713478367,,,0.166681573134601,0.0,0.0,0.0,4.000357755230423,4.000357755230423,3.85546875,23.28515625,4.360030900186567,7.0,0.52
go,2,-12,-12.0,54.035143450895944,idle_pre,0.008734587615836703,0.005717487695099216,0.0030170999207374876,,,0.15002154302009607,0.0,0.0,0.0,5.000718100669869,5.000718100669869,3.85546875,23.28515625,4.367587581471136,7.0,0.41
go,2,-11,-11.0,55.0366460998853,idle_pre,0.009152913051120704,0.009152913051120704,0.0,,,0.06656664037178694,0.0,0.0,0.0,3.9939984223072167,3.9939984223072167,3.85546875,23.28515625,4.374506273234201,7.0,0.2
go,2,-10,-10.0,56.035261217753096,idle_pre,0.026086126210086984,0.023449140963002053,0.0026369852470849286,,,0.1668978004484132,0.0,0.0,0.0,5.006934013452396,5.006934013452396,3.85546875,23.28515625,4.371451518691589,7.0,0.4
go,2,-9,-9.0,57.03488388061523,idle_pre,0.010687366073458732,0.007035988273010273,0.0036347048424555444,,,0.1667295799291534,0.0,0.0,0.016672957992915342,4.001509918299682,4.001509918299682,3.855811275652985,23.28515625,4.35205078125,7.0,0.35
go,2,-8,-8.0,58.03633146683375,idle_pre,0.05979677234976807,0.05670125338036733,0.0030955189694007405,,,1.3480485834487095,0.0,0.0,0.1164980257301354,6.989881543808124,6.989881543808124,3.8680878252788102,23.294261152416357,4.363680587825279,7.0,0.28
go,2,-7,-7.0,59.03590619961421,idle_pre,0.030846451317918088,0.02657796940581699,0.004268481912101097,,,0.18341133216059402,0.0,0.0,0.03334751493828982,5.002127240743474,5.002127240743474,3.885538129664179,23.311552588619403,4.422720382462686,7.0,0.32
go,2,-6,-6.0,60.03511414925257,idle_pre,0.02221759745609973,0.017563911502457216,0.004670365831612555,,,1.0841920680529147,0.0,0.0,0.0,4.003170712810761,4.003170712810761,3.890625,23.31640625,4.431779092817164,7.0,0.5
go,2,-5,-5.0,61.03595796426137,idle_pre,0.009292159136656337,0.0017651771836658995,0.007526981952990439,,,0.11656830458171034,0.0,0.0,0.0,5.994941378487961,5.994941378487961,3.890625,23.31640625,4.388351212686567,7.0,0.55
go,2,-4,-4.0,62.03483609755834,idle_pre,0.02676335825381965,0.019471844814343848,0.0072915134394758024,,,0.2002246253402966,0.0,0.0,0.0,5.005615633507416,5.005615633507416,3.890625,23.31640625,4.382754197761194,7.0,0.29
go,2,-3,-3.0,63.03560679753621,idle_pre,0.005162687783306298,0.0034306893011648307,0.0017153446505824154,,,0.1332306524724206,0.0,0.0,0.0,4.996149467715773,4.996149467715773,3.890625,23.31640625,4.416252036778398,7.0,0.2
go,2,-2,-2.0,64.03553356726964,idle_pre,0.01691790556940134,0.016084511206376644,0.0008333943630246963,,,0.13334309808395142,0.0,0.0,0.0,6.000439413777815,6.000439413777815,3.890625,23.31640625,4.428015478971963,7.0,0.13
go,2,-1,-1.0,65.03468480110169,idle_pre,0.02003367056846521,0.020050351393251606,0.0,,,0.2502123717959851,0.0,0.0,0.0,6.005096923103642,5.004247435919702,3.890625,23.31640625,4.381354944029851,7.0,0.09
go,2,0,0.0,66.03596483071645,create,1.526545975942491,0.5699537756214899,0.9565922003210012,,,24.701714407356413,0.03329072022554773,0.016645360112773865,7.224086288943857,205.73665099388495,204.73792938711853,5.034719797486034,24.530326175512105,5.608116561918063,7.0,0.15
go,2,1,1.0,67.03509711424509,post_near,0.02820780971444338,0.01599721437974642,0.012193914193529339,,,1.2344044464037907,0.016681141167618794,0.016681141167618794,0.05004342350285638,5.004342350285638,5.004342350285638,5.238741238317757,24.727197721962618,5.792581775700935,7.0,0.35
go,2,2,2.0,68.03522318204244,post_near,0.10616994872175396,0.09110518123714156,0.015064767484612399,,,1.3165006983234286,0.0,0.0,2.333039212218734,3.999495792374973,3.999495792374973,5.5855083216946,25.0737895716946,6.198382216014897,7.0,0.33
go,2,3,3.0,69.03597865104675,post_near,0.030010661208990996,0.030010661208990996,0.0,,,0.2831194453678396,0.0,0.0,0.0,3.99698040519303,3.99698040519303,5.66796875,25.15625,6.229886813314711,7.0,0.34
go,2,4,4.0,70.03609711726507,post_near,0.0059159658245677635,0.0012165225498406952,0.0046994432747270685,,,0.09998815478142699,0.0,0.0,0.0,4.99940773907135,4.99940773907135,5.66796875,25.15625,6.194039513500931,7.0,0.22
go,2,5,5.0,71.03665258089701,post_near,0.13629096199391585,0.11556913887971013,0.020721823114205735,,,1.132704157368159,0.0,0.0,0.2831760393420398,4.997224223683055,4.997224223683055,5.717898917597766,25.2074604283054,6.264570239757914,7.0,0.26
go,2,6,6.0,72.03657841682434,post_near,0.047036821775601784,0.040669682895984535,0.006367138879617251,,,0.7000519187013731,0.0,0.0,0.0,6.000445017440341,6.000445017440341,4.9911181913407825,24.477719099162012,5.5192184590316575,7.0,0.15
go,2,7,7.0,73.03497973283132,post_near,0.1644963109525643,0.1451987936538872,0.01929751729867712,,,1.452321803620164,0.0,0.0,0.2504003109689938,9.014411194883776,9.014411194883776,4.8716121495327105,24.361090829439252,5.409769275700935,7.0,0.2
go,2,8,8.0,74.03567810058594,post_near,0.029762548129424467,0.028546730550550386,0.0012324726142011252,,,0.2831356005597179,0.0,0.0,0.0,5.995812717735204,5.995812717735204,4.88671875,24.375,5.409487022811918,7.0,0.16
go,2,9,9.0,75.03567806482314,post_near,0.16878333936949594,0.13456667147914586,0.034216667890350064,,,1.5166667209068954,0.0,0.0,0.3000000107288364,4.000000143051152,4.000000143051152,4.93359375,24.42331529329609,5.4754931913407825,7.0,0.13
go,2,10,10.0,76.0366691827774,post_near,0.008458283510017716,0.005877508029598925,0.0025807754804187916,,,0.09990098633879192,0.0,0.0,0.0,3.996039453551677,3.996039453551677,4.95703125,24.4453125,5.475980563314711,7.0,0.33
go,2,11,11.0,77.03493806521098,post_mid,0.1570552143738348,0.12920700585086714,0.027831512954308767,,,1.2187765120963048,0.01669556865885349,0.0,0.01669556865885349,4.006936478124838,4.006936478124838,4.95918114505597,24.44756442397388,5.502813083022388,7.0,0.53
go,2,12,12.0,78.03617434899012,post_mid,0.007374216708832309,0.00452773576704828,0.002863127029162883,,,0.09987652427312382,0.0,0.0,0.0,4.993826213656192,4.993826213656192,4.9609375,24.44921875,5.486874708488806,7.0,0.41
go,2,13,13.0,79.03655571540197,post_mid,0.08300167928072893,0.07580442407212298,0.007180594895623078,,,0.966298153007282,0.0,0.0,0.0,3.9984751158922007,3.9984751158922007,4.9609375,24.44921875,5.488834089851024,7.0,0.32
go,2,14,14.0,80.03559859991074,post_mid,0.007256945735182168,0.0008007664259511358,0.006472861943105013,,,0.16682633873981995,0.0,0.0,0.0,4.003832129755678,4.003832129755678,4.9609375,24.44921875,5.474470907182836,7.0,0.28
go,2,15,15.0,81.03633561531703,post_mid,0.09104956173693053,0.076443659844981,0.014605901891949529,,,1.0325723116315517,0.0,0.0,0.0,3.99705410954149,3.99705410954149,4.9609375,24.44921875,5.498646997206704,7.0,0.46
go,2,16,16.0,82.03537199894588,post_mid,0.024373486690797374,0.023455935857126013,0.0009008680912409708,,,0.10009645458233009,0.0,0.0,0.0,4.003858183293203,4.003858183293203,4.9609375,24.44921875,5.50702688547486,7.0,0.42
go,2,17,17.0,83.03510054747264,post_mid,0.053847950438810695,0.041844692136660935,0.01200325830214975,,,0.5834917230211685,0.0,0.0,0.0,7.001900676254022,6.001629151074876,4.9609375,24.44921875,5.542822994402985,7.0,0.26
go,2,18,18.0,84.03656091690064,post_mid,0.17016815829068008,0.14613658659662218,0.024048214056726917,,,2.296646048324093,0.0,0.0,0.0,3.99416704056364,3.99416704056364,4.9609375,24.44921875,5.488870460893855,7.0,0.16
go,2,19,19.0,85.0360489487648,post_mid,0.026096694009116603,0.018342724223660234,0.007737294581616681,,,0.10005122303814673,0.0,0.0,0.0,4.002048921525869,4.002048921525869,4.9609375,24.44921875,5.503155608675373,7.0,0.11
go,2,20,20.0,86.03522555033366,post_mid,0.1202823736510917,0.0858206646005917,0.03446170905049999,,,0.9341024718431751,0.0,0.0,0.0,6.004944461848982,6.004944461848982,4.9609375,24.44921875,5.500509194599627,7.0,0.15
go,2,21,21.0,87.03665653069814,post_mid,0.007439354429886413,0.0,0.007455997280959985,,,0.14978565966214255,0.0,0.0,0.0,4.992855322071418,4.992855322071418,4.9609375,24.44921875,5.511030264378479,7.0,0.46
go,2,22,22.0,88.03601421515147,post_mid,0.08667233765660987,0.0524336789671698,0.034221981310633726,,,0.9172558343493444,0.0,0.0,0.0,6.003856370286618,6.003856370286618,4.9609375,24.44921875,5.569876047486034,7.0,0.36
go,2,23,23.0,89.0365045507749,post_mid,0.01332679872917023,0.013343457227581693,0.0,,,0.2831944729948674,0.0,0.0,0.0,4.997549523438836,4.997549523438836,4.921831354748603,24.409908926908752,5.441544459962756,7.0,0.26
go,2,24,24.0,90.03627483050029,post_mid,0.19561160261773639,0.19112723913519242,0.0044676929863263475,,,2.0171300423339105,0.0,0.0,0.05001148865290687,8.001838184465099,8.001838184465099,4.907544809124767,24.407937616387336,5.472452572160149,7.0,0.27
go,2,25,25.0,91.03494231700897,post_mid,0.002052735297477983,0.0013351123886035663,0.0007343118137319614,,,0.033377809715089156,0.0,0.0,0.0,5.006671457263374,5.006671457263374,4.9140625,24.46484375,5.4140625,7.0,0.23
go,2,26,26.0,92.03492651383083,post_mid,0.1052349963807289,0.06008428285595941,0.0451507135247695,,,2.633374949026792,0.0,0.0,0.0,4.0000632137115835,4.0000632137115835,4.9140625,24.46484375,5.4476445895522385,7.0,0.17
go,2,27,27.0,93.03636663357416,post_mid,0.007356073040647327,0.004709883869916728,0.0026295464715436145,,,0.11649889430889432,0.0,0.0,0.0,3.994247804876376,3.994247804876376,4.9140625,24.46484375,5.4176123137802605,7.0,0.24
go,2,28,28.0,94.03550521532695,post_mid,0.08685815453256779,0.08637440448811909,0.0004837500444487163,,,0.8840949088200678,0.0,0.0,0.016681036015472977,6.005172965570272,6.005172965570272,4.9140625,24.47450389897579,5.454565293296089,7.0,0.25
go,2,29,29.0,95.03618520100912,post_mid,0.00649558309649704,0.0022318157305912904,0.004280422707178818,,,0.11658738891148532,0.0,0.0,0.0,3.9972819055366395,3.9972819055366395,4.9140625,24.52734375,5.450307853159852,7.0,0.22
go,2,30,30.0,96.03544408082962,post_mid,0.16770762483835608,0.15641592299692725,0.011291701841428848,,,1.01742069767675,0.0,0.0,0.0,5.003708349229918,5.003708349229918,4.9140625,24.52734375,5.42896007914339,7.0,0.42
go,2,31,31.0,97.03542666435241,post_late,0.0592010310734081,0.04363409328552433,0.015550270830937433,,,0.850014804263461,0.016666956946342373,0.016666956946342373,0.016666956946342373,5.000087083902712,5.000087083902712,4.916161380597015,24.52957381063433,5.434227786847015,7.0,0.33
go,2,32,32.0,98.03541090091069,post_late,0.16781931207661233,0.16396925138640503,0.0038500606902073147,,,2.266702397697813,0.0,0.0,0.0,6.000094582141269,6.000094582141269,4.91796875,24.53125,5.452950418994414,7.0,0.27
go,2,33,33.0,99.03493908246358,post_late,0.04593834122348568,0.04400409527723365,0.0019509204802714427,,,0.817052166951288,0.0,0.0,0.0,6.002832246989055,6.002832246989055,4.91796875,24.53125,5.474150244869403,7.0,0.19
go,2,34,34.0,100.03535878260931,post_late,0.021640917303854028,0.01702618743998369,0.004598070189271526,,,1.1495175473178814,0.0,0.0,0.0,5.997482855571555,5.997482855571555,4.91796875,24.53125,5.452214027518656,7.0,0.24
go,2,35,35.0,101.03522901535034,post_late,0.09416221917307988,0.08461097973491828,0.009551239438161581,,,0.6500843596654479,0.0,0.0,0.0,5.000648920503445,5.000648920503445,4.91796875,24.53125,5.455067172897197,7.0,0.24
go,2,36,36.0,102.03605221509933,post_late,0.030841278134247932,0.030841278134247932,0.0,,,0.24979436933786123,0.0,0.0,0.0,4.995887386757224,4.995887386757224,4.91796875,24.53125,5.455863025700935,7.0,0.18
go,2,37,37.0,103.03627409934998,post_late,0.008214843922178864,0.008214843922178864,0.0,,,0.09997781649710583,0.0,0.0,0.0,4.998890824855292,4.998890824855292,4.91796875,24.53125,5.493904213221602,7.0,0.28
go,2,38,38.0,104.03491009871165,post_late,0.16282208943392143,0.14304511362629568,0.01977697580762576,,,1.4519805023320178,0.0,0.0,0.01668943106128756,5.006829318386268,5.006829318386268,4.921385806074766,24.534783878504673,5.478533878504673,7.0,0.24
go,2,39,39.0,105.03663564920426,post_late,0.028417630610168637,0.028417630610168637,0.0,,,0.2828452695391492,0.0,0.0,0.0,4.991387109514397,4.991387109514397,4.921875,24.53515625,5.42326905204461,7.0,0.18
go,2,40,40.0,106.03585786422094,post_late,0.14829867781798595,0.14107639376723935,0.00723896369058665,,,1.3010119075247895,0.0,0.0,0.0,5.003891952018421,5.003891952018421,4.921875,24.53515625,5.4622930270522385,7.0,0.61
go,2,41,41.0,107.0356461485227,post_late,0.0937865227458155,0.08810198590679612,0.005684536839019389,,,1.583668620841179,0.0,0.0,0.0,8.001694084250168,8.001694084250168,4.921875,24.53515625,5.518823014018691,7.0,0.52
go,2,42,42.0,108.03484101692835,post_late,0.14795245452893474,0.14424947314162656,0.003686301290968949,,,1.317727610798855,0.0,0.0,0.0,5.004028901767804,5.004028901767804,4.921875,24.53515625,5.42562031835206,7.0,0.22
go,2,43,43.0,109.03582278092702,post_late,0.019430923418926434,0.015251693103458967,0.004179230315467468,,,1.0656204788442947,0.0,0.0,0.0,3.996076795666105,3.996076795666105,4.921875,24.53515625,5.452192164179104,7.0,0.42
go,2,44,44.0,110.03626606464385,post_late,0.009229242160564803,0.009229242160564803,0.0,,,0.14993353690448238,0.0,0.0,0.0,3.9982276507861965,3.9982276507861965,4.921875,24.53515625,5.4223422897196265,7.0,0.63
go,2,45,45.0,111.03542339801788,post_late,0.16632348858628096,0.12994283182099378,0.03638065676528721,,,1.6680722955198173,0.0,0.0,0.0,5.004216886559452,5.004216886559452,4.921875,24.53515625,5.435893691588785,7.0,0.61
go,2,46,46.0,112.03530679941177,post_late,0.004833896958980829,0.0033503906508798153,0.0014835063081010127,,,0.06667444081352866,0.0,0.0,0.0,5.000583061014649,5.000583061014649,4.921875,24.53515625,5.437703677839851,7.0,0.22
go,2,47,47.0,113.03585616747539,post_late,0.03281530565241034,0.027768078437851795,0.005063884730118143,,,0.48306795122837554,0.0,0.0,0.0,7.995607468607595,7.995607468607595,4.921875,24.53515625,5.487750232774674,7.0,0.21
go,2,48,48.0,114.03557769854864,post_late,0.10477917774517219,0.09125874605840456,0.013520431686767646,,,1.8171726927961447,0.0,0.0,0.0,6.001671278959744,6.001671278959744,4.921875,24.53515625,5.456580249068901,7.0,0.26
go,2,49,49.0,115.03500369787216,post_late,0.0050529003682295145,0.0050529003682295145,0.0,,,0.08338119419520651,0.0,0.0,0.0,5.002871651712391,5.002871651712391,4.921875,24.53515625,5.452716121495327,7.0,0.21
go,2,50,50.0,116.03589988152186,post_late,0.10094286998370026,0.08214305140705928,0.0187831668329947,,,0.832587182313595,0.0,0.0,0.0166517436462719,6.993732331434198,6.993732331434198,4.924420972998138,24.5377749650838,5.45551821461825,7.0,0.44
go,2,51,51.0,117.03624243338903,post_late,0.005098253583715606,0.005098253583715606,0.0,,,0.06664383769562884,0.0,0.0,0.0,5.997945392606596,5.997945392606596,4.92578125,24.5390625,5.470939536778398,7.0,0.4
go,2,52,52.0,118.03633613189062,post_late,0.13478737062533958,0.12452166583982904,0.01026570478551053,,,1.7665011481560329,0.0,0.0,0.0,5.999437861661999,5.999437861661999,4.92578125,24.5390625,5.430445429104478,7.0,0.26
go,2,53,53.0,119.03514946699143,post_late,0.007892699322579301,0.0,0.00790938579049173,,,0.1501782112118683,0.0,0.0,0.0,6.007128448474732,6.007128448474732,4.92578125,24.5390625,5.446770055970149,7.0,0.58
go,2,54,54.0,120.03634021679561,post_late,0.0662710877152803,0.054851352429502294,0.01141973528577802,,,0.7657548442358438,0.0,0.0,0.0,5.992863998367474,5.992863998367474,4.92578125,24.5390625,5.4565075069832405,7.0,0.49
go,2,55,55.0,121.03489926656087,post_late,0.006142183914686963,0.004306205027144664,0.0018359788875422986,,,0.10014430295685266,0.0,0.0,0.0,5.007215147842633,5.007215147842633,4.92578125,24.5390625,5.478234521028037,7.0,0.31
go,2,56,56.0,122.03644488255183,post_late,0.12497350561793767,0.11074549665610856,0.014228008961829122,,,1.4976851538767497,0.0,0.0,0.0,6.989197384758166,6.989197384758166,4.92578125,24.5390625,5.471994297020484,7.0,0.17
go,2,57,57.0,123.03666493097941,post_late,0.0016996259999712293,0.0011997359999796912,0.000499889999991538,,,0.03332599999943587,0.0,0.0,0.0,5.998679999898456,4.9988999999153805,4.92578125,24.5390625,5.42578125,7.0,0.19
go,2,58,58.0,124.03587331771851,post_late,0.22294315142176008,0.2058296041107676,0.017096867440319023,,,2.4019013769814044,0.0,0.0,0.03335974134696395,5.003961202044593,5.003961202044593,4.927020172574627,24.540403451492537,5.542050489738806,7.0,0.37
go,2,59,59.0,125.03610496520996,post_late,0.0047988883495520525,0.003415875387701982,0.001399675768619349,,,0.08331403384638982,0.0,0.0,0.0,4.998842030783389,4.998842030783389,4.9296875,24.54296875,5.463444496268656,7.0,0.37
go,2,60,60.0,126.03598833084106,post_late,0.027319853100491388,0.024136148437773966,0.0031670360519178544,,,0.21669194039437953,0.0,0.0,0.0,4.000466591896237,4.000466591896237,4.9296875,24.54296875,5.468560517723881,7.0,0.33
go,2,61,61.0,126.50861381689707,post_late,0.31254486062387477,0.27661084133292035,0.03596928329418393,,,3.667456335877578,0.03526400322959209,0.0,0.07052800645918418,10.579200968877629,8.463360775102101,4.930087352362205,24.543645423228348,5.475916584645669,8.0,0.22
go,3,-66,-66.0,0.03363696734110514,startup,0.5747644589144503,0.0,0.5747644589144503,,,19.819464100498287,0.49548660251245713,0.49548660251245713,0.0,267.56276535672686,29.729196150747427,3.6875,22.958059210526315,4.272820723684211,7.0,0.29
go,3,-65,-65.0,1.0336635828018188,warmup,0.0015499587471338578,0.0,0.0015499587471338578,,,0.033332446174921676,0.0,0.0,0.1833284539620692,16.999547549210053,6.999813696733551,3.7147417210820897,23.01953125,4.205449801772388,7.0,0.29
go,3,-64,-64.0,2.0328636328379313,warmup,0.02276821343151232,0.007589404477170774,0.015178808954341549,,,1.1008806494357606,0.0,0.0,0.06672003935974306,6.004803542376876,6.004803542376876,3.714902052238806,23.024822178171643,4.209479944029851,7.0,0.13
go,3,-63,-63.0,3.0322418173154193,warmup,0.012474423456806496,0.0025515866161649648,0.00990615980393457,,,0.3168636974322505,0.0,0.0,0.0,7.004355416923433,6.003733214505799,3.71875,23.1484375,4.228017341713222,7.0,0.34
go,3,-62,-62.0,4.033163968722025,warmup,0.008925103037013648,0.008109188766838893,0.000815914270174755,,,0.11655918145353644,0.0,0.0,0.0,3.996314792692678,3.996314792692678,3.71875,23.1484375,4.214465491154562,7.0,0.4
go,3,-61,-61.0,5.032817602157593,warmup,0.03958037598551573,0.03958037598551573,0.0,,,0.5001732432878988,0.01667244144292996,0.0,0.0,7.002425406030584,6.002078919454786,3.71875,23.148481145251395,4.240834497206704,7.0,0.27
go,3,-60,-60.0,6.03281546831131,idle_pre,0.006083346314259254,0.0,0.006083346314259254,,,0.08333351115423636,0.0,0.0,0.03333340446169454,5.0000106692541815,5.0000106692541815,3.72634467936803,23.15625,4.337244423791821,7.0,0.21
go,3,-59,-59.0,7.033974568049113,idle_pre,0.02934931455053311,0.0009156053887006925,0.028450356532536067,,,0.366242155480277,0.0,0.0,0.03329474140729791,4.994211211094687,4.994211211094687,3.726766177839851,23.15651187150838,4.24678479981378,7.0,0.22
go,3,-58,-58.0,8.032399185498555,idle_pre,0.006276554641326232,0.0040730833310734064,0.002203471310252826,,,0.0834648223580616,0.0,0.0,0.0,5.007889341483696,5.007889341483696,3.734375,23.1640625,4.229001168224299,7.0,0.22
go,3,-57,-57.0,9.032744685808817,idle_pre,0.035304468961686764,0.03267204513160347,0.002632423830083298,,,0.48316639919250415,0.0,0.0,0.049982730950948705,7.997236952151791,6.997582333132819,3.739297746282528,23.16913772072491,4.296250580855019,7.0,0.53
go,3,-56,-56.0,10.032627002398174,idle_pre,0.009501118123985767,0.009484449495698072,0.0,,,0.18335491116463762,0.0,0.0,0.033337256575388656,5.000588486308299,4.000470789046639,3.7494607042910446,23.17919193097015,4.3385611007462686,7.0,0.24
go,3,-55,-55.0,11.032658966382344,idle_pre,0.04834845459076274,0.02003269300865109,0.028332427716062276,,,1.2832923141981147,0.0,0.0,0.0,4.99984018518746,4.99984018518746,3.75390625,23.18359375,4.257819774208566,7.0,0.19
go,3,-54,-54.0,12.03251223564148,idle_pre,0.008384563606563155,0.005434130687355047,0.002933763806670209,,,0.11668378776529241,0.0,0.0,0.0,4.00058700909574,4.00058700909574,3.75390625,23.18359375,4.255702979515829,7.0,0.17
go,3,-53,-53.0,13.033181250095367,idle_pre,0.029746765650490073,0.02519980763112625,0.004546958019363823,,,0.28314390596771066,0.0,0.0,0.0,3.9973257313088557,3.9973257313088557,3.75390625,23.18359375,4.248588803538175,7.0,0.22
go,3,-52,-52.0,14.033652400970459,idle_pre,0.005813927429670459,0.005347480529868817,0.00046644689980164137,,,0.09995290710035172,0.0,0.0,0.0,4.997645355017586,4.997645355017586,3.75390625,23.18359375,4.2438574581784385,7.0,0.27
go,3,-51,-51.0,15.033194883664448,idle_pre,0.050189629290649365,0.04286961359011943,0.007320015700529923,,,0.4502059770257584,0.0,0.0,0.0833714772269923,10.004577267239076,10.004577267239076,3.758533990205224,23.188513001399254,4.306990438432836,7.0,0.14
go,3,-50,-50.0,16.03352878491084,idle_pre,0.0011496161417374052,0.0007664107611582701,0.00039986648408257575,,,0.033322207006881314,0.0,0.0,0.0,3.9986648408257577,3.9986648408257577,3.7734375,23.203125,4.2578125,7.0,0.34
go,3,-49,-49.0,17.03315149943034,idle_pre,0.025509624410903226,0.0,0.025509624410903226,,,1.2504717848481972,0.0,0.0,0.016672957131309295,4.001509711514231,4.001509711514231,3.7744267923649906,23.20412156657356,4.321127211359404,7.0,0.31
go,3,-48,-48.0,18.032867749532063,idle_pre,0.024723682008921673,0.009185939842829293,0.01553774216609238,,,0.1500425745652698,0.0,0.0,0.0,5.001419152175659,4.001135321740527,3.77734375,23.20703125,4.305059176772388,7.0,0.22
go,3,-47,-47.0,19.033872532844544,idle_pre,0.0047951818812654,0.00308023836122951,0.0016982935829481624,,,0.09989962252636249,0.0,0.0,0.0,3.9959849010545,3.9959849010545,3.77734375,23.20703125,4.294772753724395,7.0,0.18
go,3,-46,-46.0,20.032943550745646,idle_pre,0.02519006778871239,0.022237324743280537,0.0029694252095303344,,,0.20018596918182033,0.0,0.0,0.0,5.0046492295455085,5.0046492295455085,3.77734375,23.20703125,4.290170242537314,7.0,0.11
go,3,-45,-45.0,21.03269576629003,idle_pre,0.007518529641440914,0.0,0.007518529641440914,,,0.11669558201792991,0.0,0.0,0.0,5.001239229339854,5.001239229339854,3.77734375,23.20703125,4.291103078358209,7.0,0.23
go,3,-44,-44.0,22.032624451319375,idle_pre,0.0066838099890465475,0.0,0.0066838099890465475,,,0.06667142133712267,0.0,0.0,0.0,6.000427920341041,6.000427920341041,3.77734375,23.20703125,4.292561394320298,7.0,0.23
go,3,-43,-43.0,23.032360152403513,idle_pre,0.029424443515187606,0.014670544075560957,0.014737228366813508,,,0.2167239465707869,0.0,0.0,0.0,6.0015862127294834,6.0015862127294834,3.77734375,23.20703125,4.264744820763501,7.0,0.23
go,3,-42,-42.0,24.03363506793976,idle_pre,0.004976988093888729,0.003195925464972027,0.0017810626289167027,,,0.09987267078037584,0.0,0.0,0.0,4.993633539018792,4.993633539018792,3.77734375,23.20703125,4.280340723929236,7.0,0.29
go,3,-41,-41.0,25.033893116315205,idle_pre,0.055552331477776495,0.04757105769917574,0.007981273778600763,,,0.5998452109178026,0.0,0.0,0.18328603666932858,10.997162200159714,10.997162200159714,3.799571478544776,23.230497901119403,4.300380422108209,7.0,0.21
go,3,-40,-40.0,26.03338036934535,idle_pre,0.042338375540433765,0.03350051061864176,0.008837864921792005,,,1.1339147446827476,0.0,0.0,0.08337608416784908,4.002052040056756,4.002052040056756,3.8277387476679103,23.25771775886194,4.337774020522388,7.0,0.08
go,3,-39,-39.0,27.03228713274002,idle_pre,0.007091085567647386,0.0,0.007091085567647386,,,0.0667396288719754,0.0,0.0,0.0,4.004377732318524,4.004377732318524,3.8359375,23.265625,4.363222947761194,7.0,0.14
go,3,-38,-38.0,28.033069952329,idle_pre,0.00674472010098277,0.003797027612405115,0.002964346118456625,,,0.09992177927381882,0.0,0.0,0.0,3.996871170952753,3.996871170952753,3.8359375,23.265625,4.3362502909683425,7.0,0.32
go,3,-37,-37.0,29.033672018845877,idle_pre,0.011076664444552594,0.007179011091131081,0.0038976533534215148,,,0.09993982957491063,0.0,0.0,0.08328319131242552,3.9975931829964253,3.9975931829964253,3.8448702281191807,23.274965083798882,4.448127618715084,7.0,0.24
go,3,-36,-36.0,30.03357033332189,idle_pre,0.005300538988084416,0.0034336824891364457,0.0018501881373502206,,,0.06667344639099894,0.0,0.0,0.0,5.000508479324921,5.000508479324921,3.8515625,23.28125,4.372119413407821,7.0,0.29
go,3,-35,-35.0,31.033470634619395,idle_pre,0.005950593266427735,0.005950593266427735,0.0,,,0.10000997086433167,0.0,0.0,0.0,5.000498543216583,5.000498543216583,3.8515625,23.28125,4.365844042056075,7.0,0.26
go,3,-34,-34.0,32.033360417683916,idle_pre,0.02538613131493045,0.02538613131493045,0.0,,,0.20002204581691752,0.0,0.0,0.0,5.000551145422938,5.000551145422938,3.8515625,23.28125,4.35546875,7.0,0.18
go,3,-33,-33.0,33.0334548830986,idle_pre,0.0053828248425524155,0.0045162400381786524,0.0008832498967655667,,,0.09999055435081887,0.0,0.0,0.0,5.999433261049132,5.999433261049132,3.8515625,23.28125,4.447203794227188,7.0,0.33
go,3,-32,-32.0,34.033988682429,idle_pre,0.06120066445962515,0.061184006684867495,0.0,,,0.8495465126404145,0.0,0.0,0.2165510718495174,6.9962653982151775,6.9962653982151775,3.8689624068901303,23.299973812849164,4.474191108007449,7.0,0.31
go,3,-31,-31.0,35.032326567173,idle_pre,0.0064106552478884185,0.0064106552478884185,0.0,,,0.06677765883217102,0.0,0.0,0.0,5.0083244124128266,4.0066595299302605,3.90234375,23.33203125,4.478774824766355,7.0,0.23
go,3,-30,-30.0,36.03387029965719,idle_pre,0.022232345872144274,0.02224898684959348,0.0,,,1.0650225567494263,0.0,0.0,0.0,3.9938345878103485,3.9938345878103485,3.90234375,23.33203125,4.4459732225836435,7.0,0.29
go,3,-29,-29.0,37.03285715182622,idle_pre,0.019653244975852004,0.019636561406262996,0.0,,,0.2168864046571104,0.0,0.0,0.0,4.004056701362038,4.004056701362038,3.90234375,23.33203125,4.478173099347015,7.0,0.14
go,3,-28,-28.0,38.032413685321806,idle_pre,0.007153172192267583,0.007169846253321819,0.0,,,0.11671842737965753,0.0,0.0,0.0,4.001774653016829,4.001774653016829,3.90234375,23.33203125,4.476111499068901,7.0,0.12
go,3,-27,-27.0,39.032373634974164,idle_pre,0.008316999765398642,0.008316999765398642,0.0,,,0.1333386735935654,0.0,0.0,0.0,4.000160207806962,4.000160207806962,3.90234375,23.33203125,4.407999067164179,7.0,0.16
go,3,-26,-26.0,40.03310743570328,idle_pre,0.006628469357685742,0.006611814912063416,0.0,,,0.11658111935628189,0.0,0.0,0.0,4.996333686697795,4.996333686697795,3.90234375,23.33203125,4.3960124302973975,7.0,0.14
go,3,-25,-25.0,41.033531832695004,idle_pre,0.005281092053752673,0.005297751650136751,0.0,,,0.13327677107262265,0.0,0.0,0.0,5.99745469826802,4.99787891522335,3.90234375,23.33203125,4.441086779739777,7.0,0.3
go,3,-24,-24.0,42.03240883350372,idle_pre,0.01920490042097478,0.01920490042097478,0.0,,,0.10011242617363049,0.0,0.0,0.0,5.005621308681524,5.005621308681524,3.90234375,23.33203125,4.433739234171322,7.0,0.24
go,3,-23,-23.0,43.03320713440577,idle_pre,0.04872776724611927,0.04872776724611927,0.0,,,0.4662944234078399,0.0,0.0,0.03330674452913142,8.992821022865485,8.992821022865485,3.909139753717472,23.33894342472119,4.46149657295539,7.0,0.29
go,3,-22,-22.0,44.032380334536235,idle_pre,0.02695562023662828,0.02695562023662828,0.0,,,1.1342711485709918,0.0,0.0,0.0,5.004137420166141,5.004137420166141,3.91015625,23.33984375,4.4546991604477615,7.0,0.33
go,3,-21,-21.0,45.03300131559372,idle_pre,0.007062281123866113,0.007062281123866113,0.0,,,0.06662529362137842,0.0,0.0,0.06662529362137842,3.997517617282705,3.997517617282705,3.9235032126168226,23.353687207943924,4.447232768691589,7.0,0.26
go,3,-20,-20.0,46.03380576769511,idle_pre,0.0054955790698688915,0.0054955790698688915,0.0,,,0.09991961945216166,0.0,0.0,0.0,4.995980972608083,4.995980972608083,3.92578125,23.35546875,4.471186859869646,7.0,0.57
go,3,-19,-19.0,47.03261091709137,idle_pre,0.005022668004564303,0.005005981399897976,0.0,,,0.10011962799795952,0.0,0.0,0.0,4.004785119918381,4.004785119918381,3.92578125,23.35546875,4.449335354477612,7.0,0.48
go,3,-18,-18.0,48.03241043488185,idle_pre,0.019887320387266077,0.019903990395972918,0.0,,,0.11669006094791494,0.0,0.0,0.0,4.000802089642798,4.000802089642798,3.92578125,23.35546875,4.452133861940299,7.0,0.29
go,3,-17,-17.0,49.0333788673083,idle_pre,0.005228270107027435,0.005211619565285309,0.0,,,0.06660216696850235,0.0,0.0,0.0,3.996130018110141,3.996130018110141,3.92578125,23.35546875,4.4109345903165735,7.0,0.25
go,3,-16,-16.0,50.0328537662824,idle_pre,0.00702035306126131,0.0,0.00702035306126131,,,0.10005253769018493,0.0,0.0,0.0,4.002101507607398,4.002101507607398,3.92578125,23.35546875,4.422020484171322,7.0,0.18
go,3,-15,-15.0,51.03342750072479,idle_pre,0.02720106048139887,0.0231866969933296,0.004014363488069277,,,0.29982797836202063,0.0,0.0,0.0,5.996559567240412,5.996559567240412,3.92578125,23.35546875,4.47114321461825,7.0,0.23
go,3,-14,-14.0,52.03320073286692,idle_pre,0.0648813796781519,0.05472907746232597,0.010168972662814147,,,0.5334543036230371,0.0,0.0,0.050011340964659735,9.002041373638752,9.002041373638752,3.929001168224299,23.358820093457943,4.429307827102804,7.0,0.25
go,3,-13,-13.0,53.03232066631317,idle_pre,0.027557585842935838,0.014679585679045726,0.012878000163890114,,,0.18349482098807157,0.0,0.0,0.0,5.004404208765589,5.004404208765589,3.9375,23.3671875,4.4909048507462686,7.0,0.46
go,3,-12,-12.0,54.0335169672966,idle_pre,0.01747908974774533,0.012168775814858892,0.005310313932886438,,,0.9322181198797509,0.0,0.0,0.0,4.994025642212951,4.994025642212951,3.9375,23.3671875,4.484841417910448,7.0,0.63
go,3,-11,-11.0,55.033492215474446,idle_pre,0.03056742326609105,0.0196004851477225,0.010950271039161297,,,0.3166745049376935,0.0,0.0,0.0,5.000123762174108,5.000123762174108,3.9375,23.3671875,4.475513059701493,7.0,0.6
go,3,-10,-10.0,56.03346689939499,idle_pre,0.027384026589526343,0.022883912664284644,0.0045001139252417,,,0.3166746836281196,0.0,0.0,0.0,5.000126583601888,5.000126583601888,3.9375,23.3671875,4.433048184357542,7.0,0.51
go,3,-9,-9.0,57.03397335211436,idle_pre,0.006663292024301,0.004647646186949947,0.002032304067411805,,,0.09994938036451499,0.0,0.0,0.0,5.996962821870899,5.996962821870899,3.9375,23.3671875,4.47899208566108,7.0,0.51
go,3,-8,-8.0,58.0335600177447,idle_pre,0.007052915212263522,0.007036241653842095,0.0,,,0.08336779210713384,0.0,0.0,0.0,5.00206752642803,5.00206752642803,3.9375,23.3671875,4.488288524208566,7.0,0.44
go,3,-7,-7.0,59.03392451604207,idle_pre,0.008946738928893373,0.008963399522801927,0.0,,,0.09996356345132261,0.0,0.0,0.0,5.997813807079357,5.997813807079357,3.9375,23.3671875,4.488361266294227,7.0,0.37
go,3,-6,-6.0,60.03316008249919,idle_pre,0.02496908720779692,0.02496908720779692,0.0,,,0.10007650183485739,0.0,0.0,0.0,4.0030600733942965,4.0030600733942965,3.9375,23.3671875,4.466592817164179,7.0,0.78
go,3,-5,-5.0,61.032809766133624,idle_pre,0.054885894093606044,0.04846697877585443,0.006402242810432782,,,0.6335552781157441,0.0,0.0,0.1167075512318476,7.002453073910856,7.002453073910856,3.945254197761194,23.37540082789179,4.56181494869403,7.0,0.66
go,3,-4,-4.0,62.03328591585159,idle_pre,0.003165159576826841,0.002881961088373913,0.000299857223067806,,,0.03331746922975622,0.0,0.0,0.0,4.997620384463433,4.997620384463433,3.96484375,23.39453125,4.462026603159852,7.0,0.63
go,3,-3,-3.0,63.032951716581984,idle_pre,0.03959656647692909,0.035878657287726906,0.0037179091892021844,,,1.2170734117119257,0.0,0.0,0.0,5.001671554980517,5.001671554980517,3.96484375,23.39453125,4.475565933426443,7.0,0.98
go,3,-2,-2.0,64.03261793454489,idle_pre,0.05610205919293621,0.044514858260071226,0.011587200932864982,,,0.18339454713887024,0.0,0.0,0.0,5.001669467423733,5.001669467423733,3.96484375,23.39453125,4.478119180633147,7.0,0.87
go,3,-1,-1.0,65.03219585021337,idle_pre,0.006819545089797112,0.0048353742690492975,0.001984170820747815,,,0.11671593063222442,0.0,0.0,0.0,5.002111312809618,5.002111312809618,3.96484375,23.39453125,4.500357101212686,7.0,0.66
go,3,0,0.0,66.03314111630122,create,1.6096284727906334,0.8377913975365496,0.7718204243269738,,,25.17620179022683,0.03330185421987676,0.04995278132981514,8.342114482079129,203.8073478256458,203.8073478256458,5.29270687849162,24.7946854632216,5.961330307262569,8.0,0.42
go,3,1,1.0,67.03344218333562,post_near,0.008764028106715149,0.005631637832832168,0.003149051924275976,,,0.2499247558949187,0.01666165039299458,0.0,0.04998495117898374,5.998194141478049,5.998194141478049,5.584540851955308,25.07705569134078,6.173700826350093,8.0,0.3
go,3,2,2.0,68.03319400151571,post_near,0.22440569341339078,0.19163089263702007,0.032774800776370724,,,2.3672541761162984,0.0,0.0,1.9838256828016867,6.001489460576531,6.001489460576531,5.667413843457944,25.159396904205607,6.263244742990654,8.0,0.32
go,3,3,3.0,69.03396658500036,post_near,0.047180216010974385,0.028278152766196437,0.018902063244777948,,,0.4829602062542383,0.0,0.0,0.03330760043132678,7.993824103518427,7.993824103518427,5.856875291511194,25.349164820429106,6.399486940298507,8.0,0.32
go,3,4,4.0,70.03299751679103,post_near,0.030813193419504118,0.026008537380079546,0.004787973205954349,,,0.23355966858313895,0.0,0.0,0.0,6.005820049280716,6.005820049280716,5.859375,25.3515625,6.387083138992537,8.0,0.24
go,3,5,5.0,71.03341753482819,post_near,0.16043261540777992,0.14190706314054718,0.01854221193653781,,,1.7159459384217377,0.0,0.0,0.28321437818611206,5.997480949823549,4.9979007915196245,5.5415648277467415,25.035607250931097,6.119500698324022,8.0,0.18
go,3,6,6.0,72.0338772336642,post_near,0.0052809057071266955,0.0052809057071266955,0.0,,,0.06663603415932738,0.0,0.0,0.0,4.997702561949554,4.997702561949554,4.9296875,24.421875,5.480832460428306,8.0,0.5
go,3,7,7.0,73.03301715056101,post_near,0.17796973542898656,0.17623491000161615,0.0017181444136456663,,,1.2510760293536405,0.0,0.0,0.2668962195954433,5.004304117414562,5.004304117414562,4.952425373134329,24.44636194029851,5.495437849813433,8.0,0.37
go,3,8,8.0,74.03287833531698,post_near,0.03212112556855127,0.026853727706764967,0.005284066842361573,,,0.21669674747855033,0.0,0.0,0.0,5.000694172581931,5.000694172581931,4.9921875,24.484375,5.5271105410447765,8.0,0.24
go,3,9,9.0,75.03274795214335,post_near,0.16205446250845523,0.12454957250186972,0.037488221166582576,,,1.966923120345373,0.0,0.0,0.23336376004097648,7.000912801229294,6.00078240105368,5.012962639664805,24.50545565642458,5.619828037709497,8.0,0.19
go,3,10,10.0,76.0336721499761,post_near,0.06793721257537522,0.06493998260881455,0.003013881244152675,,,0.8159126020081827,0.0,0.0,0.01665127759200373,7.99261324416179,7.99261324416179,5.047992114485981,24.540303738317757,5.602555490654206,8.0,0.24
go,3,11,11.0,77.03229316870372,post_mid,0.184621255921065,0.17634317393436746,0.008261392305272753,,,1.335174513983475,0.016689681424793438,0.0,0.016689681424793438,5.006904427438031,5.006904427438031,5.052872842817164,24.545191522854477,5.646695720615671,8.0,0.29
go,3,12,12.0,78.03309825261434,post_mid,0.010608126234913067,0.00729412761521495,0.003313998619698117,,,0.18318585335014717,0.0,0.0,0.0,5.995173382368453,5.995173382368453,5.0546875,24.546875,5.605796700093284,8.0,0.21
go,3,13,13.0,79.03248456716537,post_mid,0.08365133560744872,0.06150441102876215,0.022146924578686587,,,0.6503991404885368,0.0,0.0,0.0,5.0030703114502835,5.0030703114502835,5.0546875,24.546875,5.63310401119403,8.0,0.25
go,3,14,14.0,80.03339370091756,post_mid,0.03555101270775628,0.03476839088233963,0.0007992733536170031,,,0.38298514860814725,0.0,0.0,0.0,3.996366768085015,3.996366768085015,5.0546875,24.546875,5.629619122439479,8.0,0.25
go,3,15,15.0,81.03337401549021,post_mid,0.005683445214381186,0.00391674376944158,0.0017500344501760253,,,0.10000196858148715,0.0,0.0,0.0,4.000078743259486,4.000078743259486,5.0546875,24.546875,5.64618136682243,8.0,0.48
go,3,16,16.0,82.03272918462753,post_mid,0.16584027225916148,0.1511641419707401,0.014692807709203667,,,1.4175807664952458,0.0,0.0,0.0,4.002580987751283,4.002580987751283,5.0546875,24.546875,5.647300606343284,8.0,0.4
go,3,17,17.0,83.032761601607,post_mid,0.09769683296377134,0.06519788648145233,0.032498946482319026,,,1.1832949744844363,0.0,0.0,0.0,8.999708256642192,8.999708256642192,5.0546875,24.546875,5.647140275186567,8.0,0.29
go,3,18,18.0,84.03272103468576,post_mid,0.14990608122818969,0.14990608122818969,0.0,,,1.1833813394709216,0.0,0.0,0.0,5.00020284283488,5.00020284283488,5.0546875,24.546875,5.57421875,8.0,0.27
go,3,19,19.0,85.0339015007019,post_mid,0.03627384662345324,0.03627384662345324,0.0,,,0.3662343394749753,0.0,0.0,0.0,3.9952837033633672,3.9952837033633672,5.0546875,24.546875,5.60546875,8.0,0.22
go,3,20,20.0,86.03249038457871,post_mid,0.16678535350143942,0.13862895488671625,0.028156398614723133,,,2.203108842408686,0.0,0.0,0.0,4.005652440743066,4.005652440743066,5.0546875,24.546875,5.602094507929104,8.0,0.34
go,3,21,21.0,87.03328355153401,post_mid,0.006061858600736788,0.0,0.006045205143042456,,,0.099920746165991,0.0,0.0,0.0,3.9968298466396406,3.9968298466396406,5.0546875,24.546875,5.595724988339552,8.0,0.2
go,3,22,22.0,88.03304446935654,post_mid,0.011035971837510854,0.0001333652185801916,0.010902606618930662,,,0.2667304371603832,0.0,0.0,0.0,5.0011956967571845,5.0011956967571845,5.0546875,24.546875,5.604929454291045,8.0,1.02
go,3,23,23.0,89.0333274324735,post_mid,0.1962777939569645,0.17696659164829542,0.01931120230866909,,,1.1496746844677888,0.0,0.0,0.0,3.998868467714048,3.998868467714048,5.0546875,24.546875,5.606461740654206,8.0,0.74
go,3,24,24.0,90.0327862183253,post_mid,0.005819816433660511,0.0,0.0058364921254475035,,,0.10005415072195721,0.0,0.0,0.0,4.002166028878289,4.002166028878289,5.0546875,24.546875,5.59856331928839,8.0,0.35
go,3,25,25.0,91.03292778333028,post_mid,0.030479018570917418,0.023213380464345523,0.0072489737989880135,,,0.08332153791940246,0.0,0.0,0.0,4.999292275164147,4.999292275164147,5.0546875,24.546875,5.586957789179104,8.0,0.25
go,3,26,26.0,92.0339661002159,post_mid,0.1304145883308036,0.12696816680846523,0.0034464215223383565,,,1.1488071741127854,0.0,0.0,0.0,5.993776560588446,5.993776560588446,5.0546875,24.546875,5.598517815420561,8.0,0.37
go,3,27,27.0,93.03222521543503,post_mid,0.05075502531779579,0.017129821044756077,0.033625204273039715,,,1.051831116783268,0.0,0.0,0.016695732012432827,6.010463524475817,6.010463524475817,5.0577890917602994,24.550005852059925,5.604547050561798,8.0,0.17
go,3,28,28.0,94.03268109957376,post_mid,0.038998887692339106,0.038998887692339106,0.0,,,0.28320422501912207,0.0,0.0,0.0,5.997265941581409,5.997265941581409,5.05859375,24.55078125,5.624300373134329,8.0,0.11
go,3,29,29.0,95.0325454990069,post_mid,0.16597250596589283,0.15818811706501182,0.007801057827863597,,,1.4835345014526926,0.0,0.0,0.10001356189568715,6.000813713741229,6.000813713741229,5.076652868470149,24.568971548507463,5.665877157182836,8.0,0.13
go,3,30,30.0,96.03232924938202,post_mid,0.028022726570775938,0.028022726570775938,0.0,,,0.21671353088642903,0.0,0.0,0.0,5.001081481994516,5.001081481994516,5.08203125,24.57421875,5.617917640186916,8.0,0.11
go,3,31,31.0,97.0329129854838,post_late,0.16783536177350977,0.163920980072758,0.003914381700751766,,,2.4485706808957857,0.016656943407454324,0.016656943407454324,0.016656943407454324,4.997083022236297,4.997083022236297,5.084210296175373,24.576419659514926,5.7566537430037314,8.0,0.18
go,3,32,32.0,98.03268703222275,post_late,0.006884888996454102,0.006884888996454102,0.0,,,0.08335216702728936,0.0,0.0,0.0,5.001130021637361,5.001130021637361,5.0859375,24.578125,5.645041394589552,8.0,0.25
go,3,33,33.0,99.03239468336105,post_late,0.05226527969502498,0.0437961370841565,0.008452471070295906,,,1.066978596644848,0.0,0.0,0.01667154057257575,7.0020470404818145,7.0020470404818145,5.089551693925234,24.58177570093458,5.637806658878505,8.0,0.17
go,3,34,34.0,100.03283773263296,post_late,0.19261466221414847,0.18620083718798974,0.006430484311940954,,,1.4826764346185102,0.0,0.0,0.0,4.997785734669136,4.997785734669136,5.08984375,24.58203125,5.659654329608938,8.0,0.4
go,3,35,35.0,101.03380225102107,post_late,0.006310579996220657,0.0046455193112020145,0.001665060685018643,,,0.08325303425093215,0.0,0.0,0.0,3.996145644044744,3.996145644044744,5.08984375,24.58203125,5.619835311918063,8.0,0.3
go,3,36,36.0,102.03254161675771,post_late,0.17598852382976402,0.17028132914459623,0.005690506981409969,,,1.518581041959845,0.0,0.0,0.0,4.005048901872119,4.005048901872119,5.08984375,24.58203125,5.633089953271028,8.0,0.16
go,3,37,37.0,103.03304408391317,post_late,0.00399799114076396,0.0,0.00399799114076396,,,0.06663318567939933,0.0,0.0,0.0,3.9979911407639595,3.9979911407639595,5.08984375,24.58203125,5.625669227188082,8.0,0.28
go,3,38,38.0,104.03358361721038,post_late,0.19819306824040592,0.16077992054600757,0.03742980537369239,,,1.1660375505823177,0.0,0.0,0.01665767929403311,7.995686061135892,7.995686061135892,5.0910753847947765,24.583262884794777,5.6783319729477615,8.0,0.26
go,3,39,39.0,105.03311203320821,post_late,0.009754600113361095,0.009737925583252786,0.0,,,0.15007077097478608,0.0,0.0,0.0,4.001887225994295,4.001887225994295,5.09375,24.5859375,5.654541471962617,8.0,0.38
go,3,40,40.0,106.03320301771164,post_late,0.15696905158212154,0.15355269575089373,0.003433020981624062,,,2.1831347019065634,0.0,0.0,0.01666515039623331,5.999454142643991,4.999545118869993,5.094775663407821,24.587028631284916,5.667335893854749,8.0,0.37
go,3,41,41.0,107.0325941324234,post_late,0.008305056826919897,0.006220454209721127,0.002084602617198769,,,0.11673774656313107,0.0,0.0,0.0,4.002437025021637,4.002437025021637,5.09765625,24.58984375,5.642224007009346,8.0,0.18
go,3,42,42.0,108.03331351677576,post_late,0.024249222155690812,0.022517134858855755,0.001732087296835058,,,0.14989216991841847,0.0,0.0,0.0,3.997124531157826,3.997124531157826,5.09765625,24.58984375,5.639575559701493,8.0,0.23
go,3,43,43.0,109.03263916571935,post_late,0.11724573144953003,0.11345984509973724,0.00376920843635758,,,1.1841318538999477,0.0,0.0,0.0,4.002699224450527,4.002699224450527,5.09765625,24.58984375,5.653420332867784,8.0,0.24
go,3,44,44.0,110.03215206861496,post_late,0.008170646564949452,0.006152997107074179,0.0020343242467833326,,,0.13339831126448085,0.0,0.0,0.0,5.002436672418031,5.002436672418031,5.09765625,24.58984375,5.677821828358209,8.0,0.58
go,3,45,45.0,111.03233463366827,post_late,0.04194234279395213,0.04194234279395213,0.0,,,0.5332359830776592,0.0,0.0,0.0,4.999087341353054,4.999087341353054,5.09765625,24.58984375,5.643258263500931,8.0,0.38
go,3,46,46.0,112.03373494942983,post_late,0.10969639041551424,0.10969639041551424,0.0,,,2.0304900061739852,0.0,0.0,0.0,4.993008211903243,4.993008211903243,5.09765625,24.58984375,5.643689010223048,8.0,0.3
go,3,47,47.0,113.03233618338903,post_late,0.03751914717561577,0.028439780599310176,0.009079366576305595,,,0.25035018133195575,0.0,0.0,0.0,5.007003626639116,5.007003626639116,5.09765625,24.58984375,5.645668143656716,8.0,0.22
go,3,48,48.0,114.03253293434778,post_late,0.212258237988171,0.21224157460004192,0.0,,,1.5996852603913028,0.0,0.0,0.0,2.9994098632336925,2.9994098632336925,5.09765625,24.58984375,5.667954147196261,8.0,0.12
go,3,49,49.0,115.03241471846898,post_late,0.03368731570896443,0.021685896950699026,0.012001418758265409,,,0.23336092029960517,0.0,0.0,0.0,6.000709379132704,6.000709379132704,5.09765625,24.58984375,5.647072137850468,8.0,0.16
go,3,50,50.0,116.03246800104777,post_late,0.0595134956341467,0.05798024399641455,0.0015332516377321468,,,0.5833022534850558,0.0,0.0,0.016665778671001594,8.999520482340861,8.999520482340861,5.100396455223881,24.592642257462686,5.675518889925373,8.0,0.27
go,3,51,51.0,117.03257515033086,post_late,0.13480222270514472,0.07702508015121509,0.05777714255392962,,,2.2997535830522895,0.0,0.0,0.0,4.999464310983238,4.999464310983238,5.062689482276119,24.554672924440297,5.602888875932836,8.0,0.3
go,3,52,52.0,118.0338764667511,post_late,0.007223932711077719,0.0,0.007223932711077719,,,0.09987003748033713,0.0,0.0,0.0,4.993501874016856,4.993501874016856,5.046875,24.5390625,5.59765625,8.0,0.21
go,3,53,53.0,119.03286006848018,post_late,0.02988037035676521,0.02225595424674751,0.007624416110017701,,,0.2502543580968611,0.0,0.0,0.0,5.0050871619372215,5.0050871619372215,5.046875,24.5390625,5.602522572701688,8.0,0.21
go,3,54,54.0,120.03296166658401,post_late,0.14080236141373068,0.13136998639181427,0.009449039995453342,,,1.1165532269759681,0.0,0.0,0.0,5.999390473303709,5.999390473303709,5.046875,24.5390625,5.611704147196262,8.0,0.2
go,3,55,55.0,121.03306843439738,post_late,0.004699498244848487,0.003582950789512144,0.001099882567943263,,,0.09998932435847843,0.0,0.0,0.0,5.999359461508706,5.999359461508706,5.046875,24.5390625,5.607995035046729,8.0,0.23
go,3,56,56.0,122.0324432849884,post_late,0.18529917300181922,0.15356266627673038,0.03173650672508883,,,1.6677092341087139,0.0,0.0,0.0,6.003753242791371,6.003753242791371,5.046875,24.5390625,5.580865205223881,8.0,0.28
go,3,57,57.0,123.03253571589788,post_late,0.045345808645666015,0.017331731345642285,0.02803074242631762,,,1.0499029565148692,0.0,0.0,0.0,5.999445465799253,5.999445465799253,5.046875,24.5390625,5.634068341121496,8.0,0.48
go,3,58,58.0,124.03328726689021,post_late,0.17123797259843576,0.15373446071349547,0.01750351188494028,,,1.9984980268247705,0.0,0.0,0.0,3.9969960536495406,3.9969960536495406,5.046875,24.5390625,5.583663712686567,8.0,0.41
go,3,59,59.0,125.03377088308335,post_late,0.014626259837231039,0.014626259837231039,0.0,,,0.18324471322271235,0.0,0.0,0.0,4.9975830878921546,4.9975830878921546,5.046875,24.5390625,5.623203270484171,8.0,0.24
go,3,60,60.0,126.03317508300145,post_late,0.008171535268048528,0.006870760266195905,0.0012840983992647686,,,0.06670641035141656,0.0,0.0,0.0,4.002384621084993,4.002384621084993,5.046875,24.5390625,5.608367406542056,8.0,0.22
go,3,61,61.0,126.51623289982477,post_late,0.19680183894309472,0.18375992184623466,0.013076419523042232,,,1.6561164567441349,0.03450242618216948,0.03450242618216948,0.0,4.140291141860337,4.140291141860337,5.046875,24.5390625,5.681648166023166,8.0,0.18
rs,1,-66,-66.0,0.020659263928731283,warmup,0.15247397055706458,0.09922909194983567,0.05243813802227089,,,2.4202217548740412,1.6134811699160274,0.0,0.0,145.21330529244247,96.80887019496164,0.5546875,6.34765625,1.0423177083333333,2.0,0.0
rs,1,-65,-65.0,1.0195285002390544,warmup,0.004204754583807372,0.002753113120350065,0.0014683269975200345,,,0.06674213625091066,0.016685534062727665,0.0,0.0,20.0226408752732,5.0056602188183,0.5546875,6.34765625,0.8582516813543599,2.0,0.08
rs,1,-64,-64.0,2.0195115009943643,warmup,0.0,0.0,0.0,,,0.0,0.0,0.0,0.0,3.0000509986010075,3.0000509986010075,0.5546875,6.34765625,0.8735243055555556,2.0,0.07
rs,1,-63,-63.0,3.020219000180562,warmup,0.010009584893500336,0.006528714273298056,0.00346421573685203,,,0.09992930010150086,0.03330976670050029,0.0,0.0,5.9957580060900515,4.996465005075043,0.5546875,6.34765625,0.8975983796296296,2.0,0.21
rs,1,-62,-62.0,4.019432167212169,warmup,0.006972152586182148,0.0,0.006972152586182148,,,0.05003937262810154,0.016679790876033846,0.0,0.0,3.0023623576860925,3.0023623576860925,0.5546875,6.34765625,0.880561686802974,2.0,0.31
rs,1,-61,-61.0,5.020672782262166,warmup,0.02628405826840386,0.013916068848882603,0.01236798941952126,,,0.33292030738953593,0.09987609221686078,0.016646015369476796,0.016646015369476796,7.990087377348862,7.990087377348862,0.5553325023191095,6.348388218923933,0.955190456864564,2.0,0.31
rs,1,-60,-60.0,6.019566166400909,idle_pre,0.0035205625770549833,0.0,0.0035205625770549833,,,0.06674052278777219,0.016685130696943048,0.0,0.0,3.003323525449749,3.003323525449749,0.55859375,6.3515625,0.9346320283457249,2.0,0.11
rs,1,-59,-59.0,7.02062736749649,idle_pre,0.014268191912443887,0.006742844486044078,0.0075419964251307835,,,0.04994699619291909,0.01664899873097303,0.0,0.0,3.9957596954335273,2.9968197715751455,0.55859375,6.3515625,1.0115085807050093,2.0,0.24
rs,1,-58,-58.0,8.020683300495147,idle_pre,0.0026165203168392985,0.0016832391847182745,0.0009332811321210236,,,0.04999720350648341,0.016665734502161137,0.0,0.0,2.9998322103890045,2.9998322103890045,0.55859375,6.3515625,0.9210633116883117,2.0,0.22
rs,1,-57,-57.0,9.019506867726644,idle_pre,0.015217902839568377,0.014817431712211313,0.0004004711273570625,,,0.06674518789284375,0.01668629697321094,0.0,0.0,4.004711273570625,4.004711273570625,0.55859375,6.3515625,0.9267541821561338,2.0,0.53
rs,1,-56,-56.0,10.019366900126139,idle_pre,0.01926936375327446,0.008501189891150498,0.010768173862123965,,,0.20002799743883526,0.06667599914627842,0.0,0.0,5.000699935970881,5.000699935970881,0.55859375,6.3515625,0.9670459796672828,2.0,0.46
rs,1,-55,-55.0,11.019432548681895,idle_pre,0.0022331867278499178,0.0014332392432469618,0.0007832819120070605,,,0.04999671778768472,0.016665572595894906,0.0,0.0,2.999803067261083,2.999803067261083,0.55859375,6.3515625,0.9048295454545454,2.0,0.25
rs,1,-54,-54.0,12.019386748472849,idle_pre,0.012000549627681607,0.012000549627681607,0.0,,,0.050002290115340034,0.016667430038446677,0.0,0.0,3.000137406920402,3.000137406920402,0.55859375,6.3515625,0.9078962569316081,2.0,0.22
rs,1,-53,-53.0,13.019159233570099,idle_pre,0.0021171483494675045,0.0021004778900228786,3.334091888925204e-05,,,0.05001137833387806,0.01667045944462602,0.0,0.0,3.0006827000326837,3.0006827000326837,0.55859375,6.3515625,0.9098379629629629,2.0,0.38
rs,1,-52,-52.0,14.019723049799602,idle_pre,0.0019155866278368744,0.0012492956268501357,0.000666291000986739,,,0.049971825074005424,0.016657275024668475,0.0,0.0,2.9983095044403254,2.9983095044403254,0.55859375,6.3515625,0.8964807513914657,2.0,0.32
rs,1,-51,-51.0,15.019292716185252,idle_pre,0.019074875226666222,0.019074875226666222,0.0,,,0.2000861037762191,0.06669536792540637,0.0,0.0,4.001722075524382,5.002152594405477,0.55859375,6.3515625,0.9167824074074075,2.0,0.28
rs,1,-50,-50.0,16.02007443110148,idle_pre,0.014621903173518934,0.014039025484369546,0.000566224040887977,,,0.04996094478423326,0.016653648261411087,0.0,0.0,2.9976566870539956,2.9976566870539956,0.55859375,6.3515625,0.8686342592592593,2.0,0.41
rs,1,-49,-49.0,17.020629600683847,idle_pre,0.002698501873841683,0.0017823438302534574,0.0009328154625625571,,,0.0666296758973255,0.016657418974331376,0.0,0.0,2.9983354153796475,2.9983354153796475,0.55859375,6.3515625,0.884375,2.0,0.55
rs,1,-48,-48.0,18.019903314113616,idle_pre,0.002535174596596032,0.0016678780240763369,0.0008672965725196952,,,0.06671512096305347,0.016678780240763368,0.0,0.0,4.0029072577832085,4.0029072577832085,0.55859375,6.3515625,0.8700429035250464,2.0,0.66
rs,1,-47,-47.0,19.019332166512807,idle_pre,0.002017819139226904,0.0013174191074291357,0.0006837238405644883,,,0.050028573699840595,0.0166761912332802,0.0,0.0,4.0022858959872485,3.0017144219904357,0.55859375,6.3515625,0.8770002319109462,2.0,0.88
rs,1,-46,-46.0,20.01925400098165,idle_pre,0.034219341439666186,0.013317707652359125,0.020918301756834425,,,0.20001563432829728,0.06667187810943243,0.016667969527358106,0.016667969527358106,4.0003126865659455,5.000390858207432,0.5612196180555555,6.354246238425926,0.8967881944444445,2.0,0.43
rs,1,-45,-45.0,21.0191370010376,idle_pre,0.0015501813711336918,0.0010001170136346399,0.0005333957406051413,,,0.05000585068173199,0.016668616893910665,0.0,0.0,3.000351040903919,3.000351040903919,0.5625,6.35546875,0.9235780960111317,2.0,0.26
rs,1,-44,-44.0,22.019398065408073,idle_pre,0.005398590620338258,0.005398590620338258,0.0,,,0.06664926691775629,0.01666231672943907,0.0,0.0,2.9992170112990326,2.9992170112990326,0.5625,6.35546875,0.914635030148423,2.0,0.12
rs,1,-43,-43.0,23.020240132013956,idle_pre,0.0037968028391200444,0.0037968028391200444,0.0,,,0.0499579320936848,0.016652644031228264,0.0,0.0,2.997475925621088,2.997475925621088,0.5625,6.35546875,0.8870376275510204,2.0,0.37
rs,1,-42,-42.0,24.019476115703583,idle_pre,0.01627910416776912,0.01629578357777708,0.0,,,0.06671764003184065,0.016679410007960162,0.0,0.0,3.0022938014328293,3.0022938014328293,0.5625,6.35546875,0.9119936342592593,2.0,0.3
rs,1,-41,-41.0,25.019674050807954,idle_pre,0.02394526039238506,0.017863130925982455,0.006065466098001506,,,0.21662378921433947,0.06665347360441215,0.0,0.033326736802206075,3.999208416264729,4.999010520330911,0.5689091435185185,6.362138310185185,0.8819155092592592,2.0,0.25
rs,1,-40,-40.0,26.020086431503294,idle_pre,0.0052145163008086625,0.0052145163008086625,0.0,,,0.08329898244103294,0.016659796488206587,0.016659796488206587,0.0,2.9987633678771854,2.9987633678771854,0.5703125,6.36328125,0.8820442949907236,2.0,0.35
rs,1,-39,-39.0,27.019454964001973,idle_pre,0.0032186991705894273,0.0032186991705894273,0.0,,,0.050031593325224256,0.016677197775074752,0.0,0.0,3.0018955995134555,3.0018955995134555,0.5703125,6.36328125,0.8720213937847866,2.0,0.36
rs,1,-38,-38.0,28.019081564744315,idle_pre,0.004451662247378523,0.004468335139690803,0.0,,,0.1000373538736747,0.016672892312279114,0.03334578462455823,0.016672892312279114,3.001120616210241,3.001120616210241,0.5735012755102041,6.366578733766234,0.8807832792207793,2.0,0.21
rs,1,-37,-37.0,29.020715848604837,idle_pre,0.042314179951966506,0.03422739605237715,0.00807014442654493,,,0.5324631374215211,0.09983683826653521,0.18303420348864788,0.016639473044422533,7.986947061322816,7.986947061322816,0.5742549189814815,6.367274305555555,0.9166739004629629,2.0,0.19
rs,1,-36,-36.0,30.020647847652434,idle_pre,0.0,0.0,0.0,,,0.0,0.0,0.0,0.0,2.0001360111536934,2.0001360111536934,0.578125,6.37109375,0.8907552083333333,2.0,0.26
rs,1,-35,-35.0,31.01989274819692,idle_pre,0.003969664157910884,0.0026353232644954613,0.0013343408934154235,,,0.06671704467077118,0.016679261167692794,0.0,0.0,1.0007556700615676,1.0007556700615676,0.578125,6.37109375,0.8816943540892194,2.0,0.26
rs,1,-34,-34.0,32.02073126633962,idle_pre,0.004762673078882274,0.004779325781955289,0.0,,,0.11656892151110461,0.016652703073014943,0.04995810921904483,0.0,2.9974865531426897,2.9974865531426897,0.578125,6.37109375,0.8968822337962963,2.0,0.09
rs,1,-33,-33.0,33.020299498240156,idle_pre,0.015306608905436385,0.015289935039526324,0.0,,,0.05002159773018426,0.01667386591006142,0.0,0.0,3.001295863811056,3.001295863811056,0.578125,6.37109375,0.8909656192022264,2.0,0.1
rs,1,-32,-32.0,34.02060670057933,idle_pre,0.019843903906301672,0.019860565454501756,0.0,,,0.4165387050021342,0.06664619280034147,0.13329238560068293,0.0,6.997850244035854,7.997543136040976,0.578125,6.37109375,0.948870883580705,2.0,0.05
rs,1,-31,-31.0,35.0195802172025,idle_pre,0.003887323606395622,0.003887323606395622,0.0,,,0.050051376906381395,0.01668379230212713,0.0,0.0,3.0030826143828837,3.0030826143828837,0.578125,6.37109375,0.9286946312615956,2.0,0.02
rs,1,-30,-30.0,36.02046453158061,idle_pre,0.002564398931820067,0.0025477469907043524,0.0,,,0.049955823347144164,0.016651941115714722,0.0,0.0,3.9964658677715335,3.9964658677715335,0.578125,6.37109375,0.9330729166666667,2.0,0.08
rs,1,-29,-29.0,37.019424231847125,idle_pre,0.0014515100054718357,0.0014515100054718357,0.0,,,0.050052069154201226,0.01668402305140041,0.0,0.0,4.004165532336098,3.0031241492520735,0.578125,6.37109375,0.9594618055555556,2.0,0.04
rs,1,-28,-28.0,38.01982884804408,idle_pre,0.01394435788694287,0.013961017812733723,0.0,,,0.049979777372555094,0.0166599257908517,0.0,0.0,2.9987866423533056,2.9987866423533056,0.578125,6.37109375,0.9498709995361782,2.0,0.01
rs,1,-27,-27.0,39.01996091604233,idle_pre,0.020097345783772192,0.019364109287515162,0.0007165720304330052,,,0.1999735898882805,0.06665786329609351,0.0,0.0,3.9994717977656107,4.999339747207014,0.578125,6.37109375,1.042795138888889,2.0,0.08
rs,1,-26,-26.0,40.02018216451009,idle_pre,0.0026494138212515774,0.0024494580611571183,0.00021661874010233022,,,0.06665192003148622,0.016662980007871555,0.0,0.0,2.99933640141688,2.99933640141688,0.578125,6.37109375,0.9537676178373382,2.0,0.1
rs,1,-25,-25.0,41.02028874953588,idle_pre,0.0019331272909111814,0.0019331272909111814,0.0,,,0.04999467131666848,0.016664890438889496,0.0,0.0,2.999680279000109,2.999680279000109,0.578125,6.37109375,0.9571469907407407,2.0,0.25
rs,1,-24,-24.0,42.0197492480278,idle_pre,0.0018343229533329566,0.001817647290120839,0.0,,,0.05002698963635337,0.01667566321211779,0.0,0.0,3.001619378181202,3.001619378181202,0.578125,6.37109375,0.9656409438775511,2.0,0.25
rs,1,-23,-23.0,43.01967631578445,idle_pre,0.01363432771544015,0.01363432771544015,0.0,,,0.05000364687814236,0.016667882292714122,0.0,0.0,3.0002188126885416,3.0002188126885416,0.578125,6.37109375,0.9214988425925926,2.0,0.58
rs,1,-22,-22.0,44.02052243153254,idle_pre,0.02979145964350378,0.018467707515173667,0.011340404704989423,,,0.31639895652687083,0.08326288329654495,0.04995772997792697,0.0,4.995772997792697,5.994927597351236,0.578125,6.37109375,0.9474247685185185,2.0,0.53
rs,1,-21,-21.0,45.02023366689682,idle_pre,0.015954607126314916,0.015837906760709685,0.00011670036560522927,,,0.11670036560522927,0.016671480800747037,0.050014442402241115,0.0,3.000866544134467,3.000866544134467,0.578125,6.37109375,0.8886465097402597,2.0,0.27
rs,1,-20,-20.0,46.01998613278071,idle_pre,0.002183873916632981,0.002183873916632981,0.0,,,0.05001237977022094,0.016670793256740313,0.0,0.0,3.000742786213256,3.000742786213256,0.578125,6.37109375,0.915084357606679,2.0,0.33
rs,1,-19,-19.0,47.020293883482616,idle_pre,0.005015123258963584,0.005015123258963584,0.0,,,0.0999692343979452,0.0166615390663242,0.0,0.0,2.9990770319383557,2.9990770319383557,0.578125,6.37109375,0.9091869212962963,2.0,0.44
rs,1,-18,-18.0,48.01906811396281,idle_pre,0.0050061363693735695,0.004906013641986099,0.0001001227273874714,,,0.0500613636937357,0.016687121231245234,0.0,0.0,3.003681821624142,3.003681821624142,0.578125,6.37109375,0.8816695601851852,2.0,0.45
rs,1,-17,-17.0,49.020190898577376,idle_pre,0.034078403959012626,0.0312981922046623,0.0027802117543503217,,,0.31631151696201265,0.08323987288474016,0.0499439237308441,0.0,4.99439237308441,5.993270847701292,0.578125,6.37109375,0.892332175925926,2.0,0.34
rs,1,-16,-16.0,50.02028883298238,idle_pre,0.0,0.0,0.0,,,0.0,0.0,0.0,0.0,0.0,0.0,0.578125,6.37109375,0.87890625,2.0,0.2
rs,1,-15,-15.0,51.020090933640795,idle_pre,0.013469332238648261,0.013469332238648261,0.0,,,0.06667986256756565,0.016669965641891413,0.016669965641891413,0.0,3.000593815540454,3.000593815540454,0.578125,6.37109375,0.8867912221706865,2.0,0.18
rs,1,-14,-14.0,52.02049318154653,idle_pre,0.002632274506425814,0.002498994784581469,0.000133279721844345,,,0.09995979138325875,0.016659965230543125,0.03331993046108625,0.0,2.9987937414977623,2.9987937414977623,0.578125,6.37109375,0.8890914351851852,2.0,0.12
rs,1,-13,-13.0,53.02045846780141,idle_pre,0.0038668008978074517,0.0038668008978074517,0.0,,,0.11667071674419037,0.016667245249170053,0.03333449049834011,0.0,3.000104144850609,3.000104144850609,0.578125,6.37109375,0.927980324074074,2.0,0.1
rs,1,-12,-12.0,54.01959218184153,idle_pre,0.017264956389318,0.003619802450707252,0.013628472821326381,,,0.25021675926547826,0.06672446913746087,0.05004335185309565,0.016681117284365218,4.003468148247652,5.004335185309564,0.5813777881040892,6.374433666356877,0.9079562616171004,2.0,0.2
rs,1,-11,-11.0,55.02068888346354,idle_pre,0.012802626005959952,0.012819274414290198,0.0,,,0.049945224990741034,0.016648408330247014,0.0,0.0,2.996713499444462,2.996713499444462,0.58203125,6.375,0.9115162037037037,2.0,0.33
rs,1,-10,-10.0,56.01999518076579,idle_pre,0.0014343283307658506,0.0014176500943615963,0.0,,,0.05003470921276223,0.016678236404254074,0.0,0.0,3.0020825527657338,3.0020825527657338,0.58203125,6.375,0.9133680555555556,2.0,0.45
rs,1,-9,-9.0,57.01934111515681,idle_pre,0.004369524622449795,0.003518968302812621,0.0008505563196371739,,,0.10006544936907927,0.016677574894846545,0.016677574894846545,0.0,3.001963481072378,3.001963481072378,0.58203125,6.375,0.9101779916512059,2.0,0.3
rs,1,-8,-8.0,58.01952033440272,idle_pre,0.030744489995687064,0.030744489995687064,0.0,,,0.2999462438603616,0.08331840107232268,0.0499910406433936,0.0,5.998924877207232,6.998745690075104,0.58203125,6.375,0.9194544294990723,2.0,0.18
rs,1,-7,-7.0,59.01933411757151,idle_pre,0.0,0.0,0.0,,,0.0500093125757187,0.0166697708585729,0.0,0.0,2.000372503028748,2.000372503028748,0.58203125,6.375,0.9000058085501859,2.0,0.11
rs,1,-6,-6.0,60.019935166835786,idle_pre,0.013192070915482025,0.01320872757067834,0.0,,,0.04996996558894706,0.01665665519631569,0.0,0.0,2.9981979353368238,2.9981979353368238,0.58203125,6.375,0.9142939814814814,2.0,0.28
rs,1,-5,-5.0,61.01981610059738,idle_pre,0.0023169425362990605,0.0023169425362990605,0.0,,,0.10001190804168607,0.01666865134028101,0.03333730268056202,0.0,3.000357241250582,3.000357241250582,0.58203125,6.375,0.9004377319109462,2.0,0.31
rs,1,-4,-4.0,62.01931585073471,idle_pre,0.08657664328724829,0.08657664328724829,0.0,,,0.06670003334918974,0.016675008337297435,0.0,0.0,3.0015015007135384,3.0015015007135384,0.58203125,6.375,0.9148162105751392,2.0,0.28
rs,1,-3,-3.0,63.02048649787903,idle_pre,0.021241800014139948,0.020625854402444667,0.0006159456116952806,,,0.366237931278275,0.04994153608340113,0.13317742955573636,0.016647178694467045,5.992984330008135,6.991815051676158,0.5827546296296297,6.375737847222222,0.9531828703703704,2.0,0.14
rs,1,-2,-2.0,64.02015748421351,idle_pre,0.013804541882925687,0.013804541882925687,0.0,,,0.10003291219511368,0.016672152032518945,0.03334430406503789,0.0,3.00098736585341,3.00098736585341,0.5859375,6.37890625,0.9367535366419295,2.0,0.22
rs,1,-1,-1.0,65.01882243156433,idle_pre,0.0033211005107016724,0.0,0.0033211005107016724,,,0.10013368373974892,0.016688947289958154,0.03337789457991631,0.0,3.0040105121924676,3.0040105121924676,0.5859375,6.37890625,0.9400582676252319,2.0,0.22
rs,1,0,0.0,66.0197597503662,create,1.1210492194887405,0.5885483425726914,0.5325008769160491,,,15.518787282231324,3.430118219033962,3.2469565665612747,2.5476120753019234,202.8099024652119,202.8099024652119,1.1592881944444444,6.954947916666667,1.5858434606481482,2.0,0.18
rs,1,1,1.0,67.02009528080622,post_near,0.004198591244832189,0.004198591244832189,0.0,,,0.1332886109470536,0.0333221527367634,0.0333221527367634,0.0,2.998993746308706,2.998993746308706,1.18359375,6.9765625,1.521875,2.0,0.09
rs,1,2,2.0,68.01917558113733,post_near,0.035616089438997335,0.03559940742989241,0.0,,,0.3336401820983357,0.08341004552458392,0.06672803641966714,0.016682009104916785,5.004602731475035,6.005523277770042,1.1849054962894248,6.977946718460111,1.5201327690166977,2.0,0.2
rs,1,3,3.0,69.0198767820994,post_near,0.003014552859301524,0.00303120784747446,0.0,,,0.04996496451880979,0.016654988172936595,0.0,0.0,2.997897871128587,2.997897871128587,1.1875,6.98046875,1.4901331018518518,2.0,0.34
rs,1,4,4.0,70.02047261397044,post_near,0.0026650787278218193,0.0026650787278218193,0.0,,,0.04997022614665911,0.01665674204888637,0.0,0.0,2.9982135687995464,2.9982135687995464,1.1875,6.98046875,1.4952256944444444,2.0,0.31
rs,1,5,5.0,71.0191403667132,post_near,0.015353788375785105,0.01533709947537664,0.0,,,0.05006670122538621,0.01668890040846207,0.0,0.0,3.0040020735231723,3.0040020735231723,1.1875,6.98046875,1.5152329228624535,2.0,0.15
rs,1,6,6.0,72.02016186714172,post_near,0.002314302605563364,0.0,0.002314302605563364,,,0.049948977098489875,0.016649659032829958,0.0,0.0,4.9948977098489875,3.99591816787919,1.1875,6.98046875,1.5450162639405205,2.0,0.38
rs,1,7,7.0,73.01947439908982,post_near,0.018596117570052313,0.015427272423586,0.0031855232788161364,,,0.3002063822968087,0.08339066174911351,0.05003439704946811,0.0,5.0034397049468105,6.004127645936173,1.1875,6.98046875,1.5096170570500929,2.0,0.38
rs,1,8,8.0,74.02055398225784,post_near,0.012836142316812335,0.012836142316812335,0.0,,,0.04994607905374449,0.016648693017914832,0.0,0.0,2.9967647432246696,2.9967647432246696,1.1875,6.98046875,1.500318287037037,2.0,0.17
rs,1,9,9.0,75.01983319918314,post_near,0.0029354491554011795,0.002618554076124916,0.0003168950792762637,,,0.11675081868072874,0.016678688382961247,0.03335737676592249,0.0,3.0021639089330248,3.0021639089330248,1.1875,6.98046875,1.496645562267658,2.0,0.23
rs,1,10,10.0,76.02062346537907,post_near,0.002248223305121054,0.0014821620307835096,0.0007660612743375444,,,0.09992103578315796,0.016653505963859658,0.033307011927719316,0.0,2.997631073494739,2.997631073494739,1.1875,6.98046875,1.5132350392791127,2.0,0.12
rs,1,11,11.0,77.0200366973877,post_mid,0.00747105043992683,0.004902876851201983,0.002551497136850011,,,0.15008806687353007,0.03335290374967335,0.050029355624510025,0.0,4.0023484499608015,3.0017613374706014,1.1875,6.98046875,1.5157262731481482,2.0,0.1
rs,1,12,12.0,78.01931498448054,post_mid,0.03450823837437131,0.03285704668801908,0.001651191686352228,,,0.3335740780509552,0.06671481561019103,0.10007222341528654,0.0,4.002888936611462,5.003611170764327,1.1875,6.98046875,1.5150462962962963,2.0,0.04
rs,1,13,13.0,79.02066708405813,post_mid,0.003844801445589517,0.0025465568016242255,0.0012982446439652915,,,0.11650913471483385,0.01664416210211912,0.03328832420423824,0.0,2.9959491783814416,2.9959491783814416,1.1875,6.98046875,1.5155888310185186,2.0,0.45
rs,1,14,14.0,80.01912516752878,post_mid,0.0035054050419762468,0.002320244289689039,0.0011851607522872071,,,0.1001544297707499,0.01669240496179165,0.0333848099235833,0.0,3.004632893122497,3.004632893122497,1.1875,6.98046875,1.514726345083488,2.0,0.25
rs,1,15,15.0,81.0205388824145,post_mid,0.013930306518312535,0.013031577065518178,0.0008987294527943572,,,0.049929414044130954,0.016643138014710318,0.0,0.0,2.995764842647857,2.995764842647857,1.1875,6.98046875,1.5247877195009243,2.0,0.09
rs,1,16,16.0,82.01982313394547,post_mid,0.004286401318514729,0.004286401318514729,0.0,,,0.08339302176098695,0.01667860435219739,0.01667860435219739,0.0,3.00214878339553,3.00214878339553,1.1875,6.98046875,1.5205150462962962,2.0,0.1
rs,1,17,17.0,83.01989154815674,post_mid,0.02998128218755951,0.008949387734696753,0.021031894452862757,,,0.43330368920319473,0.08332763253907591,0.11665868555470628,0.0,3.9997263618756436,4.999657952344554,1.1875,6.98046875,1.511370883580705,2.0,0.15
rs,1,18,18.0,84.01913036505381,post_mid,0.0,0.0,0.0,,,0.0,0.0,0.0,0.0,0.0,0.0,1.1875,6.98046875,1.48828125,2.0,0.14
rs,1,19,19.0,85.01904658079147,post_mid,0.013067761539427673,0.013067761539427673,0.0,,,0.050004189564136506,0.016668063188045503,0.0,0.0,3.00025137384819,3.00025137384819,1.1875,6.98046875,1.5008044410946197,2.0,0.1
rs,1,20,20.0,86.01943368117014,post_mid,0.002615654145956291,0.0023324304486234447,0.0002832236973328468,,,0.04998065247050238,0.01666021749016746,0.0,0.0,2.9988391482301426,2.9988391482301426,1.1875,6.98046875,1.52578125,2.0,0.03
rs,1,21,21.0,87.01977636416753,post_mid,0.02905670942638627,0.02515804543224958,0.00391532495137659,,,0.24991435859850575,0.08330478619950192,0.0,0.0,5.997944606364138,6.997602040758161,1.1875,6.98046875,1.5284845771719038,2.0,0.09
rs,1,22,22.0,88.01946704785028,post_mid,0.002000618824046856,0.002000618824046856,0.0,,,0.0500154706011714,0.0166718235337238,0.0,0.0,2.000618824046856,2.000618824046856,1.1875,6.98046875,1.5272422889610389,2.0,0.09
rs,1,23,23.0,89.0205548842748,post_mid,0.003596088044439515,0.003596088044439515,0.0,,,0.04994566728388215,0.01664855576129405,0.0,0.0,2.996740037032929,2.996740037032929,1.1875,6.98046875,1.5155960648148148,2.0,0.28
rs,1,24,24.0,90.02047294775645,post_mid,0.016434679933787326,0.0028835696029870257,0.013551110330800299,,,0.10000819432324944,0.01666803238720824,0.03333606477441648,0.0,3.000245829697483,3.000245829697483,1.1875,6.98046875,1.4952644902234637,2.0,0.52
rs,1,25,25.0,91.0205990155538,post_mid,0.0036162107789390377,0.0023830329096234215,0.0012165133035140544,,,0.09998739480937432,0.01666456580156239,0.03332913160312478,0.0,2.9996218442812297,2.9996218442812297,1.1875,6.98046875,1.529880275974026,2.0,0.48
rs,1,26,26.0,92.02060506741206,post_mid,0.028083163378008903,0.018883219054768006,0.0091999443232409,,,0.36666444766539813,0.08333282901486322,0.06666626321189058,0.0,6.99995763724851,7.999951585426869,1.1875,6.98046875,1.5684461805555556,2.0,0.28
rs,1,27,27.0,93.01911913156509,post_mid,0.004523388131240611,0.0,0.0045400796003595804,,,0.08345734559484522,0.016691469118969043,0.016691469118969043,0.0,3.0044644414144277,3.0044644414144277,1.1875,6.98046875,1.5473234953703703,2.0,0.22
rs,1,28,28.0,94.01906079848608,post_mid,0.00351687181662825,0.0,0.00351687181662825,,,0.10000583364819668,0.016667638941366112,0.033335277882732224,0.0,4.0002333459278665,3.0001750094459005,1.1875,6.98046875,1.5529875578703705,2.0,0.13
rs,1,29,29.0,95.02018959919612,post_mid,0.003529349401223245,0.0,0.003529349401223245,,,0.08323937267035955,0.01664787453407191,0.01664787453407191,0.0,2.996617416132944,2.996617416132944,1.1875,6.98046875,1.5356563079777366,2.0,0.29
rs,1,30,30.0,96.02004641691843,post_mid,0.013318573650377368,0.011618330205648343,0.0016835743913493294,,,0.05000716013908899,0.016669053379696333,0.0,0.0,3.0004296083453394,3.0004296083453394,1.1875,6.98046875,1.5369068287037038,2.0,0.15
rs,1,31,31.0,97.0203380147616,post_late,0.033656852401098614,0.008097638746006894,0.02557587546321107,,,0.49985424358067243,0.13329446495484598,0.09997084871613449,0.0,4.9985424358067245,5.998250922968069,1.1875,6.98046875,1.5336488288497216,2.0,0.13
rs,1,32,32.0,98.01938226620356,post_late,0.014980984721212051,0.00980937529629475,0.005154926813869179,,,0.10009566628872195,0.016682611048120324,0.03336522209624065,0.0,3.0028699886616583,3.0028699886616583,1.1875,6.98046875,1.513904217007435,2.0,0.1
rs,1,33,33.0,99.02027694781621,post_late,0.015036547077811727,0.014820074085550871,0.00021647299226085543,,,0.049955305906351256,0.01665176863545042,0.0,0.0,2.9973183543810755,2.9973183543810755,1.1875,6.98046875,1.5362070964749537,2.0,0.13
rs,1,34,34.0,100.01980438232422,post_late,0.004268683899373742,0.0028179983554459465,0.001467360090409724,,,0.10004727889157208,0.01667454648192868,0.03334909296385736,0.0,3.0014183667471626,3.0014183667471626,1.1875,6.98046875,1.514966724537037,2.0,0.37
rs,1,35,35.0,101.01905073324839,post_late,0.004169809239546422,0.003936299922131822,0.0002168300804564139,,,0.06671694783274275,0.016679236958185687,0.0,0.0,3.0022626524734233,3.0022626524734233,1.1875,6.98046875,1.5590575718923934,2.0,0.34
rs,1,36,36.0,102.02026048103968,post_late,0.021673780192283474,0.013550274252318546,0.00814015246853043,,,0.3162840427445361,0.0665861142620076,0.0832326428275095,0.0,3.995166855720456,4.99395856965057,1.1875,6.98046875,1.5184481862292052,2.0,0.43
rs,1,37,37.0,103.01955791711808,post_late,0.0033023200909535135,0.0021681899587068527,0.0011341301322466612,,,0.10007030578647011,0.016678384297745017,0.033356768595490034,0.0,3.0021091735941035,3.0021091735941035,1.1875,6.98046875,1.508203849721707,2.0,0.28
rs,1,38,38.0,104.02060741583506,post_late,0.016998826420148383,0.016183015945528137,0.0007991612812606488,,,0.04994758007879055,0.01664919335959685,0.0,0.0,2.996854804727433,2.996854804727433,1.1875,6.98046875,1.5243706597222222,2.0,0.16
rs,1,39,39.0,105.01898248195648,post_late,0.004323692380896947,0.0028546385989705715,0.0014857475749028121,,,0.05008137892930827,0.01669379297643609,0.0,0.0,3.004882735758496,3.004882735758496,1.1875,6.98046875,1.5105788220260223,2.0,0.26
rs,1,40,40.0,106.0206708987554,post_late,0.0037104019616638864,0.0037104019616638864,0.0,,,0.0499157214573617,0.016638573819120567,0.0,0.0,2.994943287441702,2.994943287441702,1.1875,6.98046875,1.5042390046296297,2.0,0.4
rs,1,41,41.0,107.01982058286667,post_late,0.02835744612033305,0.021901956915292526,0.0064554892050405245,,,0.4003404158164666,0.08340425329509721,0.10008510395411666,0.0,5.004255197705833,6.005106237246999,1.1875,6.98046875,1.541823689703154,2.0,0.64
rs,1,42,42.0,108.01928633054098,post_late,0.0012840193236432257,0.0008504543572182403,0.00043356496642498523,,,0.0500267268951906,0.0166755756317302,0.0,0.0,3.001603613711436,3.001603613711436,1.1875,6.98046875,1.537446370593692,2.0,0.59
rs,1,43,43.0,109.01940093437831,post_late,0.0021997479004494474,0.001449833843478045,0.0007499140569714026,,,0.09998854092952034,0.01666475682158672,0.03332951364317344,0.0,2.9996562278856103,2.9996562278856103,1.1875,6.98046875,1.5370730715613383,2.0,0.25
rs,1,44,44.0,110.01897363265356,post_late,0.015923470793200636,0.010504488586090472,0.005418982207110164,,,0.11671653984544969,0.016673791406492812,0.033347582812985624,0.0,3.0012824531687063,3.0012824531687063,1.1875,6.98046875,1.4952644902234637,2.0,0.3
rs,1,45,45.0,111.01953263282776,post_late,0.001182672219356686,0.0007828956945037217,0.00039977652485296433,,,0.04997206560662054,0.016657355202206847,0.0,0.0,2.9983239363972327,2.9983239363972327,1.1875,6.98046875,1.4919849537037038,2.0,0.25
rs,1,46,46.0,112.02056061426798,post_late,0.017698472964938365,0.016699499890717947,0.0009823235229834088,,,0.33299102474013853,0.0665982049480277,0.09989730742204157,0.0,3.9958922968816624,4.994865371102078,1.1875,6.98046875,1.5031235505565863,2.0,0.24
rs,1,47,47.0,113.0205595811208,post_late,0.01511668228442428,0.0002000002066296487,0.014933348761680437,,,0.10000010331482435,0.016666683885804057,0.03333336777160811,0.0,3.0000030994447306,3.0000030994447306,1.1875,6.98046875,1.518429673005566,2.0,0.38
rs,1,48,48.0,114.02076003154119,post_late,0.0011997595077023267,0.0,0.0011997595077023267,,,0.04998997948759694,0.016663326495865646,0.0,0.0,2.999398769255816,2.999398769255816,1.1875,6.98046875,1.5401331018518518,2.0,0.38
rs,1,49,49.0,115.02058358192444,post_late,0.002117040217601707,0.0,0.002117040217601707,,,0.10001764807567119,0.016669608012611865,0.03333921602522373,0.0,3.000529442270136,3.000529442270136,1.1875,6.98046875,1.5067997685185186,2.0,0.23
rs,1,50,50.0,116.02023259798686,post_late,0.019723589329712847,0.01047034158838518,0.009236575222874825,,,0.3834679244153808,0.08336259226421322,0.10003511071705586,0.0,6.002106643023351,7.00245775019391,1.1875,6.98046875,1.5281699327458256,2.0,0.28
rs,1,51,51.0,117.01982881625493,post_late,0.0021842152795618084,0.0,0.0021842152795618084,,,0.10004039448374695,0.01667339908062449,0.03334679816124898,0.0,2.000807889674939,2.000807889674939,1.1875,6.98046875,1.5049788381261595,2.0,0.36
rs,1,52,52.0,118.01943273146948,post_late,0.017206815357769457,0.008053189745932799,0.009170298882532171,,,0.06669308278205216,0.01667327069551304,0.0,0.0,3.001188725192347,3.001188725192347,1.1875,6.98046875,1.5086894132653061,2.0,0.33
rs,1,53,53.0,119.02022250096003,post_late,0.003913575843866189,0.002564641191299545,0.001348934652566644,,,0.04996054268765348,0.016653514229217826,0.0,0.0,2.9976325612592087,2.9976325612592087,1.1875,6.98046875,1.4960286458333334,2.0,0.16
rs,1,54,54.0,120.0201858639717,post_late,0.003900142889489496,0.002550093427743132,0.0013333821844408534,,,0.050001831916532,0.016667277305510667,0.0,0.0,3.00010991499192,3.00010991499192,1.1875,6.98046875,1.5234882305194806,2.0,0.1
rs,1,55,55.0,121.02074974775314,post_late,0.03373097964764484,0.02212085973929499,0.011626777182249927,,,0.19988728680085832,0.06662909560028611,0.0,0.0,5.99661860402575,6.9960550380300415,1.1875,6.98046875,1.563420396567718,2.0,0.37
rs,1,56,56.0,122.0196632305781,post_late,0.00487196013502948,0.00487196013502948,0.0,,,0.08342397491488836,0.01668479498297767,0.01668479498297767,0.0,3.0032630969359806,3.0032630969359806,1.1875,6.98046875,1.5358012523191094,2.0,0.17
rs,1,57,57.0,123.01918748219808,post_late,0.003368269115241732,0.0033515945156613273,0.0,,,0.08337299790202307,0.016674599580404615,0.016674599580404615,0.0,3.0014279244728304,3.0014279244728304,1.1875,6.98046875,1.5322193287037038,2.0,0.1
rs,1,58,58.0,124.0189906001091,post_late,0.010985496180769876,0.0,0.010985496180769876,,,0.10001969208591692,0.016669948680986153,0.03333989736197231,0.0,3.0005907625775077,3.0005907625775077,1.1875,6.98046875,1.5453458371985158,2.0,0.48
rs,1,59,59.0,125.01926403443018,post_late,0.005165254308861489,0.003365746356096841,0.0017995079527646477,,,0.09997266404248042,0.016662110673746736,0.03332422134749347,0.0,2.9991799212744126,2.9991799212744126,1.1875,6.98046875,1.5501797309833023,2.0,0.34
rs,1,60,60.0,126.02049671411514,post_late,0.02397045211064398,0.02085762256572007,0.0031294756922229635,,,0.24969220948587476,0.08323073649529159,0.0,0.0,4.993844189717495,5.992613027660994,1.1875,6.98046875,1.5912037037037037,2.0,0.12
rs,1,61,61.0,126.51714823246002,post_late,0.007953262708555913,0.005201500927536567,0.0027182037105191095,,,0.13423228200094367,0.06711614100047184,0.0,0.0,0.0,0.0,1.1875,6.98046875,1.5069379664179106,2.0,0.04
rs,2,-66,-66.0,0.03863015174865723,startup,0.33048450727637724,0.0,0.33048450727637724,,,7.334512563574952,2.5886514930264535,0.0,6.040186817061725,440.07075381449715,129.43257465132268,0.5300071022727273,6.398082386363637,0.9375,2.0,0.69
rs,2,-65,-65.0,1.03835684855779,warmup,0.00291746401889227,0.0008669035941851317,0.00203388920174204,,,0.05001366889529606,0.016671222965098684,0.0,0.0,9.00246040115329,5.0013668895296055,0.55078125,6.4140625,0.849129216728281,2.0,0.69
rs,2,-64,-64.0,2.0372075994809467,warmup,0.014783656770562602,0.014783656770562602,0.0,,,0.06674337142466187,0.016685842856165468,0.0,0.0,5.00575285684964,4.004602285479712,0.55078125,6.4140625,0.8557301347583643,2.0,0.3
rs,2,-63,-63.0,3.037199381987254,warmup,0.004650038211659677,0.0,0.0046667050152856965,,,0.05000041087806104,0.016666803626020348,0.0,0.0,5.000041087806104,4.000032870244883,0.55078125,6.4140625,0.8576967592592593,2.0,0.26
rs,2,-62,-62.0,4.037271316846212,warmup,0.004466345380741646,0.0,0.004466345380741646,,,0.06666187135435292,0.01666546783858823,0.0,0.0,2.999784210945881,2.999784210945881,0.55078125,6.4140625,0.8378544560185185,2.0,0.17
rs,2,-61,-61.0,5.037290167808533,warmup,0.04528247971501442,0.04154921675728044,0.0037332629577339826,,,0.3833261072673286,0.11666446742918696,0.08333176244941926,0.0,7.9998491951442485,7.9998491951442485,0.55078125,6.4140625,0.8554035250463822,2.0,0.11
rs,2,-60,-60.0,6.036870300769806,idle_pre,0.0,0.0,0.0,,,0.0,0.0,0.0,0.0,0.0,0.0,0.55078125,6.4140625,0.8561499884044527,2.0,0.21
rs,2,-59,-59.0,7.0384806831677755,idle_pre,0.0036774112949139095,0.002429421036458963,0.0012479902584549467,,,0.09983922067639574,0.016639870112732623,0.033279740225465246,0.0,2.995176620291872,2.995176620291872,0.55078125,6.4140625,0.8798304644177449,2.0,0.16
rs,2,-58,-58.0,8.038477098941803,idle_pre,0.0038666805257234343,0.0038500137993194537,0.0,,,0.10000035842388193,0.01666672640398032,0.03333345280796064,0.01666672640398032,3.0000107527164577,3.0000107527164577,0.5515263310185186,6.4148148148148145,0.8924840856481482,2.0,0.56
rs,2,-57,-57.0,9.038607585430146,idle_pre,0.004432754918710309,0.004432754918710309,0.0,,,0.11665144522921865,0.016664492175602664,0.03332898435120533,0.0,3.999478122144639,2.99960859160848,0.5546875,6.41796875,0.8873263888888889,2.0,0.4
rs,2,-56,-56.0,10.038533067703247,idle_pre,0.011900886827034423,0.00270020121285655,0.009200685614177874,,,0.33335817442673454,0.06667163488534691,0.10000745232802036,0.0,5.000372616401018,6.000447139681222,0.5546875,6.41796875,0.889014845194085,2.0,0.25
rs,2,-55,-55.0,11.037145733833313,idle_pre,0.003821969013729252,0.0,0.0038386588347499037,,,0.05006946306195526,0.016689821020651755,0.0,0.0,3.0041677837173157,3.0041677837173157,0.5546875,6.41796875,0.8767538265306123,2.0,0.26
rs,2,-54,-54.0,12.038644584019979,idle_pre,0.001997006786006022,0.001114995455520029,0.000882011330485993,,,0.04992516965015055,0.01664172321671685,0.0,0.0,2.995510179009033,2.995510179009033,0.5546875,6.41796875,0.8705955406654344,2.0,0.13
rs,2,-53,-53.0,13.03858016729355,idle_pre,0.012534140741648526,0.012534140741648526,0.0,,,0.05000322104381061,0.01666774034793687,0.0,0.0,3.0001932626286365,3.0001932626286365,0.5546875,6.41796875,0.8563078703703704,2.0,0.37
rs,2,-52,-52.0,14.038200215498607,idle_pre,0.005268668506722752,0.005268668506722752,0.0,,,0.10003800962131806,0.01667300160355301,0.0,0.0,3.001140288639542,3.001140288639542,0.5546875,6.41796875,0.8683449074074074,2.0,0.79
rs,2,-51,-51.0,15.03833845059077,idle_pre,0.019980571317215826,0.01824747755825799,0.0017164293958909342,,,0.1999723568028273,0.08332181533451137,0.0,0.016664363066902273,3.9994471360565456,4.999308920070682,0.5567274305555555,6.420073784722222,0.9376374421296296,2.0,0.62
rs,2,-50,-50.0,16.03711273272832,idle_pre,0.0031371786292168514,0.002085890046021843,0.0010679757035631837,,,0.05006136110452423,0.016687120368174744,0.0,0.0,3.003681666271454,3.003681666271454,0.55859375,6.421875,0.8968938427643784,2.0,1.02
rs,2,-49,-49.0,17.03860471645991,idle_pre,0.01893841086575284,0.017740198578991673,0.0011815704494450366,,,0.09985102389676365,0.016641837316127277,0.033283674632254553,0.016641837316127277,3.9940409558705463,2.9955307169029095,0.5605758101851852,6.423907696759259,0.886082175925926,2.0,0.6
rs,2,-48,-48.0,18.037152151266735,idle_pre,0.004773600632791984,0.003204654970265948,0.0015856365738295053,,,0.08345455651734239,0.01669091130346848,0.0,0.0,4.0058187128324345,3.004364034624326,0.5625,6.42578125,0.8479466775092936,2.0,0.22
rs,2,-47,-47.0,19.038173949718477,idle_pre,0.0050115458768488705,0.0050115458768488705,0.0,,,0.04994896222772961,0.01664965407590987,0.0,0.0,2.996937733663777,2.996937733663777,0.5625,6.42578125,0.8850436113678374,2.0,0.08
rs,2,-46,-46.0,20.038373732566832,idle_pre,0.02386189946842363,0.009148172352070232,0.014713727116353397,,,0.1999600514113712,0.06665335047045706,0.0,0.016663337617614266,4.99900128528428,5.998801542341136,0.565137987012987,6.428535192486085,0.933818413729128,2.0,0.03
rs,2,-45,-45.0,21.03807735045751,idle_pre,0.0018838916851247087,0.0012503705874721519,0.0006335210976525569,,,0.10002964699777214,0.016671607832962024,0.03334321566592405,0.0,3.000889409933164,3.000889409933164,0.56640625,6.4296875,0.8930266203703704,2.0,0.14
rs,2,-44,-44.0,22.037049583594005,idle_pre,0.0017017490012334706,0.0016850651874958874,0.0,,,0.05005144121274913,0.016683813737583045,0.0,0.0,3.003086472764948,3.003086472764948,0.56640625,6.4296875,0.8513737221189591,2.0,0.22
rs,2,-43,-43.0,23.037992568810783,idle_pre,0.01626799285656297,0.01626799285656297,0.0,,,0.049952895158330506,0.016650965052776835,0.0,0.0,2.9971737094998305,2.9971737094998305,0.56640625,6.4296875,0.8863577287430684,2.0,0.35
rs,2,-42,-42.0,24.03729643424352,idle_pre,0.003535794722262238,0.003552472999254041,0.0,,,0.10006966195081807,0.01667827699180301,0.03335655398360602,0.0,3.002089858524542,3.002089858524542,0.56640625,6.4296875,0.9254340277777777,2.0,0.38
rs,2,-41,-41.0,25.038585348924002,idle_pre,0.017993474613085,0.017976829400676967,0.0,,,0.2496781861205134,0.06658084963213691,0.049935637224102686,0.0,4.9935637224102685,5.9922764668923225,0.56640625,6.4296875,0.8652163239371534,2.0,0.58
rs,2,-40,-40.0,26.037295615673067,idle_pre,0.0,0.0,0.0,,,0.0,0.0,0.0,0.0,0.0,0.0,0.56640625,6.4296875,0.84765625,2.0,0.49
rs,2,-39,-39.0,27.037541218598683,idle_pre,0.020778230139221966,0.02079489271351164,0.0,,,0.04998772286901836,0.01666257428967279,0.0,0.0,2.999263372141102,2.999263372141102,0.56640625,6.4296875,0.89765625,2.0,0.35
rs,2,-38,-38.0,28.037071832021077,idle_pre,0.015073742078872786,0.015073742078872786,0.0,,,0.1000469607004831,0.016674493450080517,0.03334898690016103,0.0,3.0014088210144934,3.0014088210144934,0.56640625,6.4296875,0.8495046788354899,2.0,0.22
rs,2,-37,-37.0,29.03807193438212,idle_pre,0.021378619192469767,0.02136196917752236,0.0,,,0.3496503138955335,0.0832500747370318,0.0832500747370318,0.01665001494740636,5.994005381066289,6.993006277910672,0.5664279513888889,6.429839409722222,0.9059895833333333,2.0,0.12
rs,2,-36,-36.0,30.03722786506017,idle_pre,0.013144428141882478,0.013161108888255424,0.0,,,0.05004223911884192,0.016680746372947305,0.0,0.0,2.0016895647536765,2.0016895647536765,0.5703125,6.43359375,0.8585053339517625,2.0,0.12
rs,2,-35,-35.0,31.03785295089086,idle_pre,0.005046845288520469,0.005046845288520469,0.0,,,0.06662502031050124,0.01665625507762531,0.0,0.0,2.998125913972556,2.998125913972556,0.5703125,6.43359375,0.9098958333333333,2.0,0.04
rs,2,-34,-34.0,32.0376562833786,idle_pre,0.004284175891547999,0.004284175891547999,0.0,,,0.10001967061979765,0.016669945103299607,0.033339890206599214,0.0,3.0005901185939297,3.0005901185939297,0.5703125,6.43359375,0.8950665509259259,2.0,0.01
rs,2,-33,-33.0,33.03798000017802,idle_pre,0.0041486570100308295,0.0041486570100308295,0.0,,,0.11662891192857752,0.016661273132653934,0.03332254626530787,0.0,2.999029163877708,2.999029163877708,0.5703125,6.43359375,0.8589699074074074,2.0,0.13
rs,2,-32,-32.0,34.03726031780243,idle_pre,0.021648913674955868,0.012492323838630158,0.009139911166314189,,,0.2835373901958781,0.05003601003456672,0.0833933500576112,0.0,6.004321204148007,7.005041404839341,0.5703125,6.43359375,0.8691877319109462,2.0,0.31
rs,2,-31,-31.0,35.03790443340937,idle_pre,0.007894914762186185,0.005646363089411639,0.0022485516727745463,,,0.049967814950545475,0.01665593831684849,0.0,0.0,2.9980688970327285,2.9980688970327285,0.5703125,6.43359375,0.8993361549165121,2.0,0.37
rs,2,-30,-30.0,36.03841686646144,idle_pre,0.0018823687453720344,0.0018990268758620524,0.0,,,0.04997439147005401,0.016658130490018002,0.0,0.0,2.9984634882032406,2.9984634882032406,0.5703125,6.43359375,0.8784641697588126,2.0,0.21
rs,2,-29,-29.0,37.03805170059204,idle_pre,0.0025842770230992307,0.0025676042681114938,0.0,,,0.10003652992642184,0.016672754987736974,0.03334550997547395,0.0,4.001461197056874,3.001095897792655,0.5703125,6.43359375,0.8881365740740741,2.0,0.13
rs,2,-28,-28.0,38.03853848377864,idle_pre,0.015242580168253774,0.015242580168253774,0.0,,,0.0999513453655985,0.016658557560933086,0.03331711512186617,0.0,2.9985403609679553,2.9985403609679553,0.5703125,6.43359375,0.8598804297597042,2.0,0.26
rs,2,-27,-27.0,39.03857231537501,idle_pre,0.022382576095053064,0.01801605715469275,0.004383185043186118,,,0.2499915423870409,0.06666441130321091,0.04999830847740818,0.0,3.9998646781926546,4.999830847740818,0.5703125,6.43359375,0.8673617565055762,2.0,0.12
rs,2,-26,-26.0,40.03744610150655,idle_pre,0.004037880850746629,0.0028031569542373296,0.0012180384384483634,,,0.06674183224374594,0.016685458060936485,0.0,0.0,4.004509934624757,4.004509934624757,0.5703125,6.43359375,0.8831023886827458,2.0,0.04
rs,2,-25,-25.0,41.0384281317393,idle_pre,0.0020146881819624205,0.0013986265064863087,0.0006160616754761121,,,0.04995094666022531,0.016650315553408436,0.0,0.0,2.9970567996135187,2.9970567996135187,0.5703125,6.43359375,0.8941550925925926,2.0,0.08
rs,2,-24,-24.0,42.03727048238118,idle_pre,0.002169177813970644,0.0015184244697794508,0.0006507533441911932,,,0.05005794955316871,0.01668598318438957,0.0,0.0,3.0034769731901227,3.0034769731901227,0.5703125,6.43359375,0.8738259508348795,2.0,0.08
rs,2,-23,-23.0,43.037778182824454,idle_pre,0.0018324030215070687,0.0012826821150549483,0.0005497209064521207,,,0.0999492557185674,0.0166582092864279,0.0333164185728558,0.0,2.998477671557022,2.998477671557022,0.5703125,6.43359375,0.8932291666666666,2.0,0.26
rs,2,-22,-22.0,44.03726343313853,idle_pre,0.031616274467352136,0.021644474819948877,0.009971799647403258,,,0.23345350345091237,0.06670100098597496,0.03335050049298748,0.01667525024649374,4.002060059158498,5.0025750739481225,0.5723272263450835,6.435695442949907,0.8665280032467533,2.0,0.24
rs,2,-21,-21.0,45.03857250213623,idle_pre,0.0017810018789887019,0.001248365803029464,0.000532636075959238,,,0.09986926424235712,0.016644877373726188,0.033289754747452376,0.0,2.9960779272707136,2.9960779272707136,0.57421875,6.4375,0.8624260783858998,2.0,0.27
rs,2,-20,-20.0,46.037334267298384,idle_pre,0.0019857922104290176,0.0,0.0019857922104290176,,,0.05006198849821053,0.01668732949940351,0.0,0.0,3.003719309892632,3.003719309892632,0.57421875,6.4375,0.9022280092592593,2.0,0.3
rs,2,-19,-19.0,47.038312848409014,idle_pre,0.01606760987381774,0.006693449916346872,0.009390810330397103,,,0.09990223755741601,0.016650372926236,0.033300745852472,0.0,2.99706712672248,2.99706712672248,0.57421875,6.4375,0.8786168981481481,2.0,0.26
rs,2,-18,-18.0,48.03864723443985,idle_pre,0.0015494818749060026,0.0010663101074621954,0.0004665106720147105,,,0.04998328628729041,0.016661095429096804,0.0,0.0,2.9989971772374244,2.9989971772374244,0.57421875,6.4375,0.879542824074074,2.0,0.13
rs,2,-17,-17.0,49.03803534905116,idle_pre,0.020762704395449312,0.019878830232430183,0.0009005510340194883,,,0.3001836780064961,0.08338435500180447,0.05003061300108268,0.0,4.0024490400866135,5.003061300108268,0.57421875,6.4375,0.9013020833333333,2.0,0.27
rs,2,-16,-16.0,50.03829394976298,idle_pre,0.0,0.0,0.0,,,0.0,0.0,0.0,0.0,0.0,0.0,0.57421875,6.4375,0.85546875,2.0,0.31
rs,2,-15,-15.0,51.03787974913915,idle_pre,0.014606049834953332,0.014606049834953332,0.0,,,0.05002071861285388,0.01667357287095129,0.0,0.0,3.001243116771233,3.001243116771233,0.57421875,6.4375,0.8920428240740741,2.0,0.25
rs,2,-14,-14.0,52.03844695091247,idle_pre,0.013159202743534982,0.01314254552487228,0.0,,,0.09994331197621506,0.01665721866270251,0.03331443732540502,0.0,2.998299359286452,2.998299359286452,0.57421875,6.4375,0.8957465277777777,2.0,0.55
rs,2,-13,-13.0,53.03721320231755,idle_pre,0.0026032117087879964,0.002619898963331509,0.0,,,0.11681078180458956,0.016687254543512796,0.03337450908702559,0.0,3.0037058178323033,3.0037058178323033,0.57421875,6.4375,0.8842257073283859,2.0,0.31
rs,2,-12,-12.0,54.03824024995168,idle_pre,0.02274330820578175,0.0030801698521739558,0.019663138353607792,,,0.24974350152761804,0.06659826707403148,0.049948700305523605,0.0,3.9958960244418886,4.99487003055236,0.57421875,6.4375,0.9017650462962963,2.0,0.52
rs,2,-11,-11.0,55.037232450644176,idle_pre,0.0021521689543818603,0.0015015132239873446,0.000650655730394516,,,0.05005044079957815,0.01668348026652605,0.0,0.0,3.003026447974689,3.003026447974689,0.57421875,6.4375,0.868894675925926,2.0,0.4
rs,2,-10,-10.0,56.03864558537801,idle_pre,0.004110857471188282,0.002845978249284195,0.0012482360742474541,,,0.09985888593979632,0.01664314765663272,0.03328629531326544,0.0,3.994355437591853,2.9957665781938894,0.57421875,6.4375,0.9059317129629629,2.0,0.31
rs,2,-9,-9.0,57.03733390172322,idle_pre,0.01605439161640409,0.015670554810606488,0.0004005253625714118,,,0.11681989741666178,0.016688556773808826,0.03337711354761765,0.0,3.0039402192855884,3.0039402192855884,0.57421875,6.4375,0.8823704197588126,2.0,0.46
rs,2,-8,-8.0,58.03719530105591,idle_pre,0.040838993645105126,0.03748852926850671,0.0033504643765984205,,,0.4500623789460565,0.10001386198801256,0.10001386198801256,0.016668976998002093,7.0009703391608795,8.001108959041005,0.5743564471243042,6.437644944341373,0.8981766001855288,2.0,0.33
rs,2,-7,-7.0,59.037951183319095,idle_pre,0.001815294517738254,0.0012657099389734613,0.0005495845787647925,,,0.0999244688663259,0.01665407814438765,0.0333081562887753,0.0,0.999244688663259,0.999244688663259,0.578125,6.44140625,0.8658564814814815,2.0,0.34
rs,2,-6,-6.0,60.03834960063298,idle_pre,0.015177286439637859,0.015093986294524589,8.330014511327036e-05,,,0.09996017413592442,0.01666002902265407,0.03332005804530814,0.01666002902265407,2.9988052240777328,2.9988052240777328,0.5781901041666667,6.441493055555555,0.8774305555555556,2.0,0.26
rs,2,-5,-5.0,61.0369946996371,idle_pre,0.0021195384313981956,0.0,0.0021028491524108083,,,0.10013567392432421,0.016689278987387368,0.033378557974774736,0.0,3.0040702177297263,3.0040702177297263,0.58203125,6.4453125,0.8990473977695167,2.0,0.38
rs,2,-4,-4.0,62.03716673453649,idle_pre,0.00493248477381151,0.0,0.00493248477381151,,,0.09998279946915223,0.01666379991152537,0.0,0.0,2.999483984074567,2.999483984074567,0.58203125,6.4453125,0.8674479166666667,2.0,0.38
rs,2,-3,-3.0,63.03786566654841,idle_pre,0.03719067291482157,0.02020254646022327,0.0169881264545983,,,0.19986031123056822,0.06662010374352274,0.0,0.016655025935880686,5.995809336917047,6.995110893069888,0.5827546296296297,6.446108217592593,0.8903501157407407,2.0,0.4
rs,2,-2,-2.0,64.03835728565852,idle_pre,0.0036648649490217647,0.0025654054643152353,0.0011161179617475373,,,0.049975431123024064,0.01665847704100802,0.0,0.0,2.998525867381444,2.998525867381444,0.5859375,6.44921875,0.8892505787037037,2.0,0.39
rs,2,-1,-1.0,65.03669321537018,idle_pre,0.018848031115239246,0.007395640198450831,0.01145239091678842,,,0.050083342201698626,0.016694447400566206,0.0,0.0,3.0050005321019175,3.0050005321019175,0.5859375,6.44921875,0.8921933085501859,2.0,0.2
rs,2,0,0.0,66.03722483317057,create,0.8869284930254304,0.392491344614702,0.4944204905996507,,,17.274150087660043,3.4315090820231138,4.4809511799233865,2.515329472745098,202.89213892738607,202.89213892738607,1.1532986111111112,7.006510416666667,1.5118272569444444,2.0,0.13
rs,2,1,1.0,67.03711801767349,post_near,0.020985574917949713,0.008534244922946984,0.01246799844211786,,,0.1166791298059158,0.05000534134539249,0.0,0.0,3.0003204807235493,3.0003204807235493,1.17578125,7.0390625,1.5874811572356216,2.0,0.11
rs,2,2,2.0,68.037238017718,post_near,0.022197336318653876,0.021130797636676513,0.0010665386819773632,,,0.3166286712120297,0.0666586676235852,0.08332333452948151,0.0166646669058963,3.999520057415112,4.999400071768891,1.177199074074074,7.0405092592592595,1.476859085648148,2.0,0.13
rs,2,3,3.0,69.03865016698838,post_near,0.0,0.0,0.0,,,0.0,0.0,0.0,0.0,0.0,0.0,1.1796875,7.04296875,1.4609375,2.0,0.1
rs,2,4,4.0,70.03846661647161,post_near,0.01588624926259493,0.015369487744084497,0.0005000917921068708,,,0.11668808482493652,0.01666972640356236,0.03333945280712472,0.0,3.000550752641225,3.000550752641225,1.1796875,7.04296875,1.4757580589053803,2.0,0.23
rs,2,5,5.0,71.03815756638845,post_near,0.0048181557180920235,0.0,0.0048181557180920235,,,0.10003091456246414,0.016671819093744024,0.03334363818748805,0.0,3.0009274368739245,3.0009274368739245,1.1796875,7.04296875,1.4759392393320965,2.0,0.21
rs,2,6,6.0,72.03795924981435,post_near,0.016069853584975875,0.00960190421674907,0.006467949368226805,,,0.10001983559113614,0.01666997259852269,0.03333994519704538,0.0,3.0005950677340842,3.0005950677340842,1.1796875,7.04296875,1.4765552662037038,2.0,0.08
rs,2,7,7.0,73.03743983507157,post_near,0.022595069545569616,0.00505262440760708,0.017559120466040447,,,0.31683123348031195,0.06670131231164463,0.08337664038955578,0.0,4.002078738698677,5.002598423373347,1.1796875,7.04296875,1.4909699675324675,2.0,0.16
rs,2,8,8.0,74.038501282533,post_near,0.0,0.0,0.0,,,0.0,0.0,0.0,0.0,0.0,0.0,1.1796875,7.04296875,1.4609375,2.0,0.17
rs,2,9,9.0,75.03817464907964,post_near,0.017939192873852376,0.010970249917281471,0.00695227084423461,,,0.1167047863540582,0.01667211233629403,0.03334422467258806,0.0,3.000980220532925,3.000980220532925,1.1796875,7.04296875,1.4974054962894248,2.0,0.14
rs,2,10,10.0,76.03740346829096,post_near,0.016829645365853043,0.016012348415479605,0.000833976479972896,,,0.10007717759674752,0.01667952959945792,0.03335905919891584,0.0,3.0023153279024255,3.0023153279024255,1.1796875,7.04296875,1.5128927991651206,2.0,0.26
rs,2,11,11.0,77.03819150129954,post_mid,0.008909645571861333,0.00546236214499162,0.0034472834268697117,,,0.16653543124974451,0.049960629374923356,0.01665354312497445,0.0,2.997637762495401,2.997637762495401,1.1796875,7.04296875,1.4943793402777779,2.0,0.17
rs,2,12,12.0,78.03775321642557,post_mid,0.02294338907372178,0.01283896045549838,0.0101044286182234,,,0.183413720792834,0.06669589847012146,0.0,0.0,5.002192385259109,5.002192385259109,1.1796875,7.04296875,1.4857229823747682,2.0,0.15
rs,2,13,13.0,79.03856593370438,post_mid,0.017269298276231516,0.015820475759324916,0.0014488225169065978,,,0.13322505902589404,0.016653132378236755,0.08326566189118378,0.0,2.997563828082616,2.997563828082616,1.1796875,7.04296875,1.4858912892791127,2.0,0.13
rs,2,14,14.0,80.03731855154038,post_mid,0.0022361226328220358,0.0,0.0022194351504875426,,,0.0667499293379712,0.0166874823344928,0.0,0.0,3.0037468202087045,3.0037468202087045,1.1796875,7.04296875,1.534685180890538,2.0,0.04
rs,2,15,15.0,81.0382275501887,post_mid,0.017001212587404817,0.00684377901412672,0.010157433573278099,,,0.1165607131359782,0.016651530447996884,0.049954591343990655,0.0,2.9972754806394395,2.9972754806394395,1.1796875,7.04296875,1.487789351851852,2.0,0.15
rs,2,16,16.0,82.03727781772614,post_mid,0.0013846483788479632,0.0008508080400150136,0.0005338403388329498,,,0.050047531765589036,0.01668251058852968,0.0,0.0,5.0047531765589035,4.003802541247124,1.1796875,7.04296875,1.5342213589981446,2.0,0.28
rs,2,17,17.0,83.03739461898803,post_mid,0.03364607009655468,0.007799089056556509,0.02586364576020449,,,0.26663552330107726,0.06665888082526931,0.04999416061895198,0.0,3.999532849516159,4.999416061895198,1.1796875,7.04296875,1.4947337962962963,2.0,0.29
rs,2,18,18.0,84.03822238445282,post_mid,0.0,0.0,0.0,,,0.0,0.0,0.0,0.0,0.0,0.0,1.1796875,7.04296875,1.4609375,2.0,0.27
rs,2,19,19.0,85.03708888292313,post_mid,0.012580927166855261,0.012580927166855261,0.0,,,0.0500567393906708,0.016685579796890268,0.0,0.0,3.003404363440248,3.003404363440248,1.1796875,7.04296875,1.4665033627087198,2.0,0.23
rs,2,20,20.0,86.03837278286616,post_mid,0.00437771278813403,0.003495512112198274,0.000882200675935755,,,0.11651707040660915,0.016645295772372736,0.049935887317118205,0.0,2.9961532390270924,2.9961532390270924,1.1796875,7.04296875,1.4738765018484288,2.0,0.74
rs,2,21,21.0,87.03730270067851,post_mid,0.03210101739358507,0.007407927090827323,0.02467640578228291,,,0.4171130118709078,0.08342260237418157,0.1167916433238542,0.0,6.006427370941073,7.007498599431251,1.1796875,7.04296875,1.532498838289963,2.0,0.67
rs,2,22,22.0,88.0374768336614,post_mid,0.0033994080509360306,0.0020663068544905286,0.0013331011964455024,,,0.09998258973341267,0.016663764955568778,0.033327529911137556,0.0,0.9998258973341266,0.9998258973341266,1.1796875,7.04296875,1.5026814703153988,2.0,0.41
rs,2,23,23.0,89.03859955072403,post_mid,0.002130940889637077,0.0012985421046225938,0.000849046760714773,,,0.06659190280115866,0.016647975700289665,0.0,0.0,2.9966356260521394,2.9966356260521394,1.1796875,7.04296875,1.4787905092592593,2.0,0.31
rs,2,24,24.0,90.03691776593526,post_mid,0.015676364270974102,0.006260528862210105,0.009399140665131436,,,0.05008423089768084,0.01669474363256028,0.0,0.0,3.00505385386085,3.00505385386085,1.1796875,7.04296875,1.4785627319109462,2.0,0.26
rs,2,25,25.0,91.03803866704305,post_mid,0.0007325122595301576,0.0004328481533587295,0.00029966410617142814,,,0.04994401769523802,0.016648005898412675,0.0,0.0,2.996641061714281,2.996641061714281,1.1796875,7.04296875,1.4794560185185186,2.0,0.09
rs,2,26,26.0,92.03711798191071,post_mid,0.01986829244145592,0.0031862668818791614,0.016698707585136335,,,0.2835944345128049,0.06672810223830704,0.05004607667873028,0.0,6.005529201447634,7.00645073502224,1.1796875,7.04296875,1.4850562384044528,2.0,0.22
rs,2,27,27.0,93.03853498299917,post_mid,0.013713900721084521,0.012931675801313922,0.0007655818363712232,,,0.049929250198123255,0.01664308339937442,0.0,0.0,2.9957550118873955,2.9957550118873955,1.1796875,7.04296875,1.4697337962962962,2.0,0.2
rs,2,28,28.0,94.03865161736806,post_mid,0.00476611077434441,0.00476611077434441,0.0,,,0.0999883379233093,0.016664722987218217,0.033329445974436434,0.016664722987218217,2.999650137699279,2.999650137699279,1.1804267161410018,7.04377319109462,1.4695037105751392,2.0,0.1
rs,2,29,29.0,95.03846136728923,post_mid,0.01753666968612366,0.01753666968612366,0.0,,,0.05000951431404085,0.016669838104680285,0.0,0.0,3.0005708588424507,3.0005708588424507,1.18359375,7.046875,1.479195601851852,2.0,0.04
rs,2,30,30.0,96.03709151744843,post_mid,0.012483767553662636,0.012483767553662636,0.0,,,0.10013717289034199,0.016689528815057,0.033379057630114,0.0,3.00411518671026,3.00411518671026,1.18359375,7.046875,1.5121535830241188,2.0,0.3
rs,2,31,31.0,97.03745379845301,post_late,0.023808041465487283,0.023808041465487283,0.0,,,0.3498732475683925,0.09996378501954072,0.04998189250977036,0.0,2.9989135505862214,3.9985514007816287,1.18359375,7.046875,1.5673483882189239,2.0,0.31
rs,2,32,32.0,98.03806256850561,post_late,0.004697140521517684,0.004697140521517684,0.0,,,0.04996958001614557,0.016656526672048526,0.0,0.0,2.998174800968734,2.998174800968734,1.18359375,7.046875,1.500318287037037,2.0,0.57
rs,2,33,33.0,99.03847074906031,post_late,0.004764721799879364,0.0,0.004764721799879364,,,0.09995919859886776,0.016659866433144627,0.03331973286628925,0.0,2.998775957966033,2.998775957966033,1.18359375,7.046875,1.5338445037105752,2.0,0.48
rs,2,34,34.0,100.03796643416086,post_late,0.019509839102545178,0.014107114427994207,0.005419399750706995,,,0.10005045693612913,0.016675076156021523,0.033350152312043045,0.0,3.001513708083874,3.001513708083874,1.18359375,7.046875,1.4741374302973977,2.0,0.28
rs,2,35,35.0,101.03736553192138,post_late,0.021312806913403905,0.018711243628199672,0.0026015632852042325,,,0.08338343862834079,0.016676687725668157,0.0,0.0,3.001803790620268,3.001803790620268,1.18359375,7.046875,1.5112259392393321,2.0,0.51
rs,2,36,36.0,102.03696226676306,post_late,0.020391556537609178,0.019407826500226558,0.0009837300373826178,,,0.20008068556934597,0.06669356185644866,0.0,0.0,4.00161371138692,5.002017139233649,1.18359375,7.046875,1.535808499536178,2.0,0.43
rs,2,37,37.0,103.03694959878922,post_late,0.002200027869895495,0.002200027869895495,0.0,,,0.0666675112089544,0.0166668778022386,0.0,0.0,3.0000380044029478,3.0000380044029478,1.18359375,7.046875,1.4871072008348794,2.0,0.2
rs,2,38,38.0,104.03845684925714,post_late,0.01114986103340664,0.01020129076638548,0.0009485702670211619,,,0.049924750895850634,0.01664158363195021,0.0,0.0,2.995485053751038,2.995485053751038,1.18359375,7.046875,1.4805553951016637,2.0,0.09
rs,2,39,39.0,105.03708829879761,post_late,0.0022363939513031102,0.0013852290892399863,0.0008511648620631241,,,0.05006852129783083,0.016689507099276944,0.0,0.0,3.0041112778698498,3.0041112778698498,1.18359375,7.046875,1.4861795570500929,2.0,0.15
rs,2,40,40.0,106.0370346824328,post_late,0.002500134048099164,0.0,0.002500134048099164,,,0.050002680961983285,0.016667560320661093,0.0,0.0,3.0001608577189973,3.0001608577189973,1.18359375,7.046875,1.490769675925926,2.0,0.1
rs,2,41,41.0,107.03702893257142,post_late,0.03200018399662273,0.023450134835025095,0.008533382399099395,,,0.2000011499788921,0.08333381249120504,0.0,0.0,4.000022999577841,5.000028749472302,1.18359375,7.046875,1.5500289351851853,2.0,0.21
rs,2,42,42.0,108.03823806842168,post_late,0.003579005829077069,0.003579005829077069,0.0,,,0.06658615495957337,0.016646538739893343,0.0,0.0,2.996376973180802,2.996376973180802,1.18359375,7.046875,1.4680844907407407,2.0,0.49
rs,2,43,43.0,109.03835036754609,post_late,0.0048161258199540865,0.0048161258199540865,0.0,,,0.049994385674263876,0.016664795224754624,0.0,0.0,2.9996631404558327,2.9996631404558327,1.18359375,7.046875,1.5046585648148147,2.0,0.41
rs,2,44,44.0,110.03705199956894,post_late,0.00610793034116158,0.00610793034116158,0.0,,,0.083441671327344,0.0166883342654688,0.0,0.0,3.003900167784384,3.003900167784384,1.18359375,7.046875,1.5285054600371748,2.0,0.26
rs,2,45,45.0,111.03858256737391,post_late,0.01436135230985201,0.01427814632891428,8.320598093772891e-05,,,0.049923588562637344,0.01664119618754578,0.0,0.0,2.9954153137582407,2.9954153137582407,1.18359375,7.046875,1.4875710227272727,2.0,0.17
rs,2,46,46.0,112.03814475138982,post_late,0.024910906392997027,0.003051335923640198,0.02187624443615268,,,0.2334355351418731,0.08336983397924039,0.016673966795848077,0.0,3.001314023252654,4.001752031003538,1.18359375,7.046875,1.5313226068773234,2.0,0.09
rs,2,47,47.0,113.0370649019877,post_late,0.0019687926662501952,0.0012179819036971546,0.0007508107625530404,,,0.05005405083686937,0.016684683612289787,0.0,0.0,4.004324066949549,3.003243050212162,1.18359375,7.046875,1.4833622685185186,2.0,0.18
rs,2,48,48.0,114.03792759974797,post_late,0.0025478020169064186,0.0015653162718248586,0.0009658334443174659,,,0.049956902292282716,0.016652300764094238,0.0,0.0,2.997414137536963,2.997414137536963,1.18359375,7.046875,1.5379918981481482,2.0,0.12
rs,2,49,49.0,115.03782600164413,post_late,0.017568451588035435,0.017568451588035435,0.0,,,0.05000508042135323,0.016668360140451078,0.0,0.0,3.000304825281194,3.000304825281194,1.18359375,7.046875,1.5080593633828996,2.0,0.3
rs,2,50,50.0,116.03835201660792,post_late,0.03553130999925748,0.02328775029487199,0.012243559704385489,,,0.24986856539562222,0.08328952179854074,0.0,0.0,5.9968455694949325,6.996319831077422,1.18359375,7.046875,1.5381276089981446,2.0,0.27
rs,2,51,51.0,117.03782311677932,post_late,0.00405214317783219,0.002517998435607657,0.0015508202285530602,,,0.050026458985582584,0.016675486328527528,0.0,0.0,1.0005291797116516,1.0005291797116516,1.18359375,7.046875,1.5432296498144713,2.0,0.36
rs,2,52,52.0,118.03688441514969,post_late,0.002602442917407612,0.0003503288542664093,0.0022521140631412027,,,0.06672930557455416,0.01668232639363854,0.0,0.0,3.0028187508549373,3.0028187508549373,1.18359375,7.046875,1.4945283511131726,2.0,0.27
rs,2,53,53.0,119.03730948368708,post_late,0.002282363172557772,0.0,0.002282363172557772,,,0.049978755603454855,0.01665958520115162,0.0,0.0,2.998725336207291,2.998725336207291,1.18359375,7.046875,1.4856385743992606,2.0,0.25
rs,2,54,54.0,120.0372012178103,post_late,0.002083558911665707,0.0,0.002083558911665707,,,0.050005413879976965,0.016668471293325656,0.0,0.0,3.000324832798618,3.000324832798618,1.18359375,7.046875,1.4861400462962964,2.0,0.17
rs,2,55,55.0,121.03712673187256,post_late,0.01185088272411292,0.0077172414926361226,0.004116973323285361,,,0.20001489829726452,0.06667163276575483,0.016667908191438707,0.0,6.0004469489179355,7.000521440404258,1.18359375,7.046875,1.501880787037037,2.0,0.18
rs,2,56,56.0,122.0373005827268,post_late,0.013197705567613089,0.008165247131477796,0.005032458436135295,,,0.0999826179364628,0.016663769656077135,0.03332753931215427,0.0,2.999478538093884,2.999478538093884,1.18359375,7.046875,1.5125289351851852,2.0,0.12
rs,2,57,57.0,123.03720579942068,post_late,0.013251255997853744,0.013017900546319211,0.00023335545153453134,,,0.11667772576726566,0.01666824653818081,0.03333649307636162,0.0,3.000284376872546,3.000284376872546,1.18359375,7.046875,1.5276553803339519,2.0,0.15
rs,2,58,58.0,124.03718033234279,post_late,0.005166798249920145,0.0038834322330044955,0.001283366016915649,,,0.0833354556438733,0.01666709112877466,0.01666709112877466,0.0,3.0000764031794387,3.0000764031794387,1.18359375,7.046875,1.5257306134259259,2.0,0.29
rs,2,59,59.0,125.03732368548711,post_late,0.0033661841135895973,0.002083034723755939,0.0012831493898336583,,,0.09998566674028507,0.01666427779004751,0.03332855558009502,0.0,2.9995700022085523,2.9995700022085523,1.18359375,7.046875,1.5190321180555555,2.0,0.19
rs,2,60,60.0,126.03775970141093,post_late,0.02317322943629282,0.0198580082588505,0.003315221177442323,,,0.31652865513268413,0.06663761160688086,0.0832970145086011,0.0,3.998256696412852,4.997820870516065,1.18359375,7.046875,1.4801005083179297,2.0,0.11
rs,2,61,61.0,126.53343575000763,post_late,0.008574148402030121,0.005346233709501134,0.003227914692528987,,,0.10087233414153084,0.033624111380510274,0.033624111380510274,0.0,0.0,0.0,1.18359375,7.046875,1.4844333022388059,2.0,0.13
rs,3,-66,-66.0,0.03886228402455648,startup,0.07719566863605716,0.04974831978768128,0.02744734884837588,,,1.2865944772676194,0.8577296515117463,0.0,0.0,360.24645363493346,51.463779090704776,0.55078125,6.49609375,0.9580965909090909,2.0,0.08
rs,3,-65,-65.0,1.0390917658805847,warmup,0.0175459735174314,0.017529310674584835,0.0,,,0.23327979985188943,0.01666284284656353,0.14996558561907178,0.0,8.997935137144307,5.9986234247628705,0.55078125,6.49609375,0.849946370593692,2.0,0.14
rs,3,-64,-64.0,2.0394610166549683,warmup,0.004048505086361765,0.004048505086361765,0.0,,,0.049981544276071176,0.016660514758690393,0.0,0.0,3.998523542085694,2.9988926565642706,0.55078125,6.49609375,0.8385537453617811,2.0,0.13
rs,3,-63,-63.0,3.0397909323374432,warmup,0.0035654903554826803,0.0035821515253681136,0.0,,,0.06664467954173234,0.016661169885433084,0.016661169885433084,0.0,4.998350965629926,3.99868077250394,0.55078125,6.49609375,0.8893494897959183,2.0,0.06
rs,3,-62,-62.0,4.038490919272105,warmup,0.008694636474348351,0.008427622686268557,0.0002503254263248086,,,0.11681853228491068,0.016688361754987238,0.033376723509974476,0.016688361754987238,3.003905115897703,3.003905115897703,0.5508465961895911,6.496238963754647,0.8690171933085502,2.0,0.59
rs,3,-61,-61.0,5.038292849063874,warmup,0.04220836021869764,0.021654289069545113,0.02055407114915252,,,0.43341918076071817,0.11668977943557797,0.08334984245398426,0.016669968490796855,9.0017829850303,9.0017829850303,0.5554571328996283,6.50080593633829,0.9468082016728625,2.0,0.54
rs,3,-60,-60.0,6.0390092174212135,idle_pre,0.0,0.0,0.0,,,0.0,0.0,0.0,0.0,0.0,0.0,0.55859375,6.50390625,0.8869579081632653,2.0,0.2
rs,3,-59,-59.0,7.039830402533213,idle_pre,0.017219193188246502,0.015770382929660966,0.0014654632500635321,,,0.09991794886796809,0.01665299147799468,0.03330598295598936,0.0,2.997538466039043,2.997538466039043,0.55859375,6.50390625,0.861030436802974,2.0,0.67
rs,3,-58,-58.0,8.039809699853262,idle_pre,0.002650054863237689,0.001716702207003031,0.0009166856445161816,,,0.10000207031085619,0.01666701171847603,0.03333402343695206,0.0,3.0000621093256856,3.0000621093256856,0.55859375,6.50390625,0.8697964981447124,2.0,0.62
rs,3,-57,-57.0,9.038394383589427,idle_pre,0.002336640418520399,0.0015188162720382592,0.0008178241464821396,,,0.06676115481486854,0.016690288703717134,0.0,0.0,4.005669288892112,4.005669288892112,0.55859375,6.50390625,0.8857512802607076,2.0,0.47
rs,3,-56,-56.0,10.039164316654205,idle_pre,0.023282074361132728,0.009426075885837713,0.013855998475295015,,,0.43299995235296923,0.08326922160634023,0.13323075457014438,0.0,4.996153296380414,4.996153296380414,0.55859375,6.50390625,0.8864004629629629,2.0,0.31
rs,3,-55,-55.0,11.039797882239023,idle_pre,0.013741293989037671,0.0,0.013741293989037671,,,0.049968341778318805,0.016656113926106268,0.0,0.0,2.9981005066991284,2.9981005066991284,0.55859375,6.50390625,0.8530989100185529,2.0,0.17
rs,3,-54,-54.0,12.038682134946187,idle_pre,0.002686330599427308,0.0,0.002686330599427308,,,0.10011169935753944,0.01668528322625657,0.03337056645251314,0.0,3.003350980726183,3.003350980726183,0.55859375,6.50390625,0.8768296933085502,2.0,0.43
rs,3,-53,-53.0,13.039424816767374,idle_pre,0.013156895279719152,0.013173549577541584,0.0,,,0.09992578693457585,0.016654297822429307,0.033308595644858614,0.0,2.9977736080372757,2.9977736080372757,0.55859375,6.50390625,0.8822337962962963,2.0,0.36
rs,3,-52,-52.0,14.038099002838134,idle_pre,0.0030540491008384744,0.0023864973848082066,0.0006508629231295109,,,0.11682155030529683,0.01668879290075669,0.03337758580151338,0.0,3.0039827221362043,3.0039827221362043,0.55859375,6.50390625,0.8703241171003717,2.0,0.13
rs,3,-51,-51.0,15.039142016569773,idle_pre,0.021843883196540365,0.020994768834479725,0.0008491143620606392,,,0.299687421903755,0.08324650608437639,0.04994790365062583,0.0,5.9937484380751,5.9937484380751,0.55859375,6.50390625,0.8795367578849722,2.0,0.05
rs,3,-50,-50.0,16.039357248942057,idle_pre,0.014396901320775191,0.014413564401007571,0.0,,,0.04998924069713608,0.016663080232378693,0.0,0.0,2.999354441828165,2.999354441828165,0.55859375,6.50390625,0.9000638940520446,2.0,0.09
rs,3,-49,-49.0,17.039068150520325,idle_pre,0.003484340650716234,0.003484340650716234,0.0,,,0.10002891820237993,0.01667148636706332,0.03334297273412664,0.01667148636706332,4.0011567280951965,4.0011567280951965,0.5606084763450835,6.505964459647496,0.8822834531539888,2.0,0.29
rs,3,-48,-48.0,18.03993364969889,idle_pre,0.014637331401695397,0.014620679147541022,0.0,,,0.11656577908062318,0.01665225415437474,0.03330450830874948,0.0,2.9974057477874534,2.9974057477874534,0.5625,6.5078125,0.8547136384758365,2.0,0.59
rs,3,-47,-47.0,19.038775249322256,idle_pre,0.00290336325709053,0.00290336325709053,0.0,,,0.10011597438243207,0.016685995730405346,0.03337199146081069,0.0,3.003479231472962,3.003479231472962,0.5625,6.5078125,0.8914236756505576,2.0,0.32
rs,3,-46,-46.0,20.03960955142975,idle_pre,0.02646125665114237,0.02646125665114237,0.0,,,0.2497915983430683,0.06661109289148488,0.049958319668613665,0.03330554644574244,4.995831966861366,4.995831966861366,0.5678339517625232,6.513334879406308,0.8962995709647495,2.0,0.27
rs,3,-45,-45.0,21.0383393685023,idle_pre,0.0025365552224714495,0.0025365552224714495,0.0,,,0.05006358991719966,0.01668786330573322,0.0,0.01668786330573322,3.00381539503198,3.00381539503198,0.5730112313780261,6.518381925046555,0.8540721019553073,2.0,0.29
rs,3,-44,-44.0,22.038549586137137,idle_pre,0.015446752820156237,0.015446752820156237,0.0,,,0.11664214643052175,0.01666316377578882,0.03332632755157764,0.0,2.999369479641988,2.999369479641988,0.57421875,6.51953125,0.8705791975881262,2.0,0.16
rs,3,-43,-43.0,23.03993896643321,idle_pre,0.0017142848730422086,0.0017142848730422086,0.0,,,0.049930627370161414,0.01664354245672047,0.0,0.0,2.995837642209685,2.995837642209685,0.57421875,6.51953125,0.889132073283859,2.0,0.11
rs,3,-42,-42.0,24.03876138528188,idle_pre,0.001835494777386542,0.0018521810935446014,0.0,,,0.05005894847417842,0.01668631615805947,0.0,0.01668631615805947,3.003536908450705,3.003536908450705,0.5769074675324676,6.522277945269017,0.8762247796846011,2.0,0.44
rs,3,-41,-41.0,25.039840332667033,idle_pre,0.019795308570246518,0.012053661400217392,0.007741647170029126,,,0.2497305538719073,0.08324351795730243,0.016648703591460486,0.0,4.9946110774381465,5.9935332929257745,0.578125,6.5234375,0.9033312035315985,2.0,0.27
rs,3,-40,-40.0,26.039688201745353,idle_pre,0.0,0.0,0.0,,,0.0,0.0,0.0,0.0,0.0,0.0,0.578125,6.5234375,0.85546875,2.0,0.24
rs,3,-39,-39.0,27.039903450012208,idle_pre,0.013713714813320944,0.01369705173335336,0.0,,,0.04998923990274949,0.016663079967583164,0.0,0.016663079967583164,2.9993543941649694,2.9993543941649694,0.5814514726345084,6.526843692022264,0.9054455589053804,2.0,0.15
rs,3,-38,-38.0,28.038166467348734,idle_pre,0.017931146089894337,0.017947841756644708,0.0,,,0.10017400050220301,0.01669566675036717,0.03339133350073434,0.01669566675036717,3.0052200150660906,3.0052200150660906,0.5854002091078067,6.530741751858736,0.8792402416356877,2.0,0.23
rs,3,-37,-37.0,29.039669450124105,idle_pre,0.022499516946907976,0.022499516946907976,0.0,,,0.43268301820976884,0.08320827273264784,0.13313323637223656,0.01664165454652957,5.990995636750645,6.989494909542419,0.5860099721706865,6.53140943877551,0.9217228084415584,2.0,0.46
rs,3,-36,-36.0,30.039917699495952,idle_pre,0.0,0.0,0.0,,,0.0,0.0,0.0,0.0,1.9995036244812177,1.9995036244812177,0.58984375,6.53515625,0.8726765799256505,2.0,0.42
rs,3,-35,-35.0,31.03888426621755,idle_pre,0.0023190632638182152,0.002302379355445422,0.0,,,0.06673563349117166,0.016683908372792915,0.0,0.0,1.0010345023675749,1.0010345023675749,0.58984375,6.53515625,0.8769640363128491,2.0,0.29
rs,3,-34,-34.0,32.03887368440628,idle_pre,0.003383369135506979,0.0,0.003383369135506979,,,0.10000105819232451,0.016666843032054086,0.03333368606410817,0.0,3.000031745769735,3.000031745769735,0.58984375,6.53515625,0.9248083178438662,2.0,0.21
rs,3,-33,-33.0,33.03994065125783,idle_pre,0.003762652041664285,0.0,0.0037793009445035077,,,0.09989341703533501,0.0166489028392225,0.033297805678445,0.0,3.9957366814134003,3.9957366814134003,0.58984375,6.53515625,0.9209908395176253,2.0,0.14
rs,3,-32,-32.0,34.038452768325804,idle_pre,0.010766018575284052,0.010766018575284052,0.0,,,0.3672130366763553,0.05007450500132118,0.13353201333685646,0.0,6.0089406001585415,7.010430700184964,0.58984375,6.53515625,0.8918157527881041,2.0,0.06
rs,3,-31,-31.0,35.03982185125351,idle_pre,0.0014646614237165897,0.0014646614237165897,0.0,,,0.04993163944488375,0.016643879814961248,0.0,0.0,2.995898366693025,2.995898366693025,0.58984375,6.53515625,0.8968721011131725,2.0,0.15
rs,3,-30,-30.0,36.039372102419534,idle_pre,0.015940502555770755,0.001600719921918402,0.014323108467999035,,,0.06669666341326676,0.01667416585331669,0.0,0.0,3.001349853597004,3.001349853597004,0.58984375,6.53515625,0.8833497908921933,2.0,0.91
rs,3,-29,-29.0,37.03822979927063,idle_pre,0.0038043457160910153,0.0025696019310439315,0.0012514295118720446,,,0.050057180474881786,0.016685726824960594,0.0,0.0,3.003430828492907,3.003430828492907,0.58984375,6.53515625,0.9130097002788105,2.0,0.57
rs,3,-28,-28.0,38.038247017065686,idle_pre,0.006666551883342621,0.004483256141547913,0.0021832957417947086,,,0.04999913912506966,0.016666379708356552,0.0,0.0,2.9999483475041795,2.9999483475041795,0.58984375,6.53515625,0.8886972402597403,2.0,0.28
rs,3,-27,-27.0,39.03819241921107,idle_pre,0.027768182749871348,0.02405131315009865,0.0037002020230921004,,,0.2500136502089257,0.08333788340297522,0.0,0.0,5.0002730041785135,6.000327605014217,0.58984375,6.53515625,0.9175266697588126,2.0,0.18
rs,3,-26,-26.0,40.03990136782328,idle_pre,0.000732082242401156,0.0007487204751830004,0.0,,,0.016638232781844453,0.0,0.0,0.0,0.9982939669106672,0.0,0.58984375,6.53515625,0.8671875,2.0,0.54
rs,3,-25,-25.0,41.038192665576936,idle_pre,0.016327899518585553,0.003923370538719433,0.012387833786084336,,,0.05008558134535446,0.016695193781784818,0.0,0.0,3.0051348807212674,3.0051348807212674,0.58984375,6.53515625,0.8761711475791434,2.0,0.58
rs,3,-24,-24.0,42.038774236043295,idle_pre,0.004530698412944383,0.0030482272410618464,0.0014824711718825372,,,0.04997093837806305,0.01665697945935435,0.0,0.0,2.998256302683783,2.998256302683783,0.58984375,6.53515625,0.8773943865740741,2.0,0.23
rs,3,-23,-23.0,43.039092135429385,idle_pre,0.0036655014060199883,0.0024825441340771736,0.001199618641970178,,,0.04998411008209075,0.016661370027363582,0.0,0.0,2.9990466049254447,2.9990466049254447,0.58984375,6.53515625,0.879755750464684,2.0,0.08
rs,3,-22,-22.0,44.038592584927876,idle_pre,0.034717343066139626,0.027246944558151853,0.007453723511318163,,,0.3501749300619271,0.05002499000884673,0.1333999733569246,0.0,4.001999200707738,5.002499000884673,0.58984375,6.53515625,0.8952936222118959,2.0,0.03
rs,3,-21,-21.0,45.03972444931666,idle_pre,0.001165347651159766,0.0007990955322238396,0.0003828999425239232,,,0.04994347076398998,0.016647823587996657,0.0,0.0,2.9966082458393988,2.9966082458393988,0.58984375,6.53515625,0.9274843460111317,2.0,0.26
rs,3,-20,-20.0,46.0385583003362,idle_pre,0.002886699655193127,0.0019355905202451025,0.0009344230097734976,,,0.10011675104716047,0.016686125174526747,0.033372250349053494,0.0,4.00467004188642,3.003502531414814,0.58984375,6.53515625,0.8848127319109462,2.0,0.24
rs,3,-19,-19.0,47.03964998324712,idle_pre,0.002247546392012342,0.0015150127531342453,0.0007325336388780966,,,0.09989095075610409,0.016648491792684014,0.03329698358536803,0.0,2.9967285226831226,2.9967285226831226,0.58984375,6.53515625,0.878783047309833,2.0,0.33
rs,3,-18,-18.0,48.03832978407542,idle_pre,0.012783543490193837,0.0,0.012783543490193837,,,0.050066097220080305,0.0166886990733601,0.0,0.0,3.0039658332048185,3.0039658332048185,0.58984375,6.53515625,0.9350313661710037,2.0,0.25
rs,3,-17,-17.0,49.03971258401871,idle_pre,0.03105705430706549,0.029126390695265066,0.001947307263626293,,,0.21636747373625476,0.06657460730346301,0.016643651825865753,0.0,3.994476438207781,4.993095547759726,0.58984375,6.53515625,0.94879116419295,2.0,0.09
rs,3,-16,-16.0,50.03843023379644,idle_pre,0.0012182288627195503,0.0008177152640172324,0.00038382553208972137,,,0.050064199837789744,0.016688066612596582,0.0,0.0,3.0038519902673846,3.0038519902673846,0.58984375,6.53515625,0.9195993738404453,2.0,0.21
rs,3,-15,-15.0,51.0389721194903,idle_pre,0.0022154661372616354,0.0014825299715510193,0.0007329361657106162,,,0.0499729203893602,0.016657640129786735,0.0,0.0,2.998375223361612,2.998375223361612,0.58984375,6.53515625,0.9233099489795918,2.0,0.22
rs,3,-14,-14.0,52.039372917016344,idle_pre,0.009212974129428106,0.006230836029667472,0.0029987980891447723,,,0.049979968152412874,0.016659989384137625,0.0,0.0,2.9987980891447723,2.9987980891447723,0.58984375,6.53515625,0.9267306354359925,2.0,0.16
rs,3,-13,-13.0,53.03994091749191,idle_pre,0.005230362484954499,0.0,0.005230362484954499,,,0.1166004375626799,0.01665720536609713,0.03331441073219426,0.0,2.9982969658974836,2.9982969658974836,0.58984375,6.53515625,0.8805555555555555,2.0,0.07
rs,3,-12,-12.0,54.03990089893341,idle_pre,0.026217715861862678,0.0033668014012055063,0.022834247126987835,,,0.4333506754026889,0.08333666834667094,0.1333386693546735,0.0,5.000200100800257,6.000240120960308,0.58984375,6.53515625,0.9195254306331471,2.0,0.13
rs,3,-11,-11.0,55.03821306626002,idle_pre,0.0025376164052145866,0.0016861793218860084,0.000868131928099727,,,0.10016906862689158,0.016694844771148597,0.03338968954229719,0.0,3.005072058806747,3.005072058806747,0.58984375,6.53515625,0.892280436802974,2.0,0.34
rs,3,-10,-10.0,56.038673249880475,idle_pre,0.012644181354846466,0.0,0.012644181354846466,,,0.09995400280511038,0.0166590004675184,0.0333180009350368,0.0,2.9986200841533113,2.9986200841533113,0.58984375,6.53515625,0.8788046003717472,2.0,0.56
rs,3,-9,-9.0,57.03916360139847,idle_pre,0.003015188164573127,0.0,0.002998529666426314,,,0.11660948702769,0.016658498146812858,0.033316996293625716,0.0,2.998529666426314,2.998529666426314,0.58984375,6.53515625,0.9029017857142857,2.0,0.29
rs,3,-8,-8.0,58.03807978232702,idle_pre,0.021273056143956887,0.018670235156931572,0.002602820987025313,,,0.30032549850292073,0.08342374958414465,0.03336949983365786,0.0,6.006509970058415,7.007594965068151,0.58984375,6.53515625,0.9267778165735568,2.0,0.1
rs,3,-7,-7.0,59.03917861779531,idle_pre,0.0007491767779843299,0.0006326381680756564,0.00013318698275276977,,,0.04994511853228866,0.01664837284409622,0.0,0.0,1.9978047412915465,1.9978047412915465,0.58984375,6.53515625,0.9308492100371747,2.0,0.11
rs,3,-6,-6.0,60.03818995157878,idle_pre,0.015298458402320733,0.015281775241576655,0.0,,,0.1000989644644759,0.016683160744079318,0.033366321488158636,0.0,3.002968933934277,3.002968933934277,0.58984375,6.53515625,0.8788046003717472,2.0,0.05
rs,3,-5,-5.0,61.03981431722641,idle_pre,0.0014476484895237685,0.0014642881273343865,0.0,,,0.04991891343185409,0.01663963781061803,0.0,0.0,2.9951348059112455,2.9951348059112455,0.58984375,6.53515625,0.9097800925925926,2.0,0.23
rs,3,-4,-4.0,62.03925238450368,idle_pre,0.014941729580118548,0.014925053542640737,0.0,,,0.10005622486686527,0.01667603747781088,0.03335207495562176,0.0,3.001686746005958,3.001686746005958,0.58984375,6.53515625,0.9038294294990723,2.0,0.22
rs,3,-3,-3.0,63.03941733439763,idle_pre,0.018196998407042524,0.018196998407042524,0.0,,,0.19996701546200576,0.06665567182066859,0.016663917955167147,0.016663917955167147,5.999010463860173,6.998845541170201,0.5906336966604824,6.535967938311688,0.9251434948979592,2.0,0.15
rs,3,-2,-2.0,64.03911848465602,idle_pre,0.022206636447564557,0.022206636447564557,0.0,,,0.10002989390794845,0.016671648984658075,0.03334329796931615,0.0,3.0008968172384534,3.0008968172384534,0.59375,6.5390625,0.8927708915270018,2.0,0.05
rs,3,-1,-1.0,65.03809180259705,idle_pre,0.002302363795602167,0.0023190475912224728,0.0,,,0.06673518248122223,0.016683795620305558,0.0,0.0,4.004110948873334,4.004110948873334,0.59375,6.5390625,0.9017628949814126,2.0,0.36
rs,3,0,0.0,66.03921591838201,create,0.8883513901797052,0.4029137449659719,0.4854209972612928,,,17.097447156435546,3.396182297870352,4.345115586981186,2.530488770962223,202.77206072578866,202.77206072578866,1.1613158047309833,7.111628884508349,1.546527133580705,2.0,0.33
rs,3,1,1.0,67.03979283571243,post_near,0.006146454004164344,0.0,0.006146454004164344,,,0.1665705692185459,0.04997117076556377,0.03331411384370918,0.0,2.998270245933826,2.998270245933826,1.1875,7.1328125,1.5791903409090908,2.0,0.7
rs,3,2,2.0,68.03981815179189,post_near,0.03636574602855067,0.02131612702590115,0.015066285247392213,,,0.41665611856726253,0.0833312237134525,0.11666371319883351,0.0166662447426905,4.99987342280715,5.99984810736858,1.1888650092936803,7.134271898234201,1.4925723164498141,2.0,0.72
rs,3,3,3.0,69.03815946578979,post_near,0.00407342319670365,0.0,0.00407342319670365,,,0.1001661441812373,0.01669435736353955,0.0333887147270791,0.0,3.004984325437119,3.004984325437119,1.19140625,7.13671875,1.5161477695167287,2.0,0.43
rs,3,4,4.0,70.03994603554408,post_near,0.006571592724534217,0.0,0.006571592724534217,,,0.11645860524491017,0.01663694360641574,0.03327388721283148,0.0,2.994649849154833,2.994649849154833,1.19140625,7.13671875,1.5031539351851853,2.0,0.34
rs,3,5,5.0,71.03982971906662,post_near,0.014418343757623327,0.011968058749102369,0.002433616403020816,,,0.05000581650042772,0.016668605500142576,0.0,0.0,3.0003489900256635,3.0003489900256635,1.19140625,7.13671875,1.5120460893854748,2.0,0.2
rs,3,6,6.0,72.03993843396505,post_near,0.014431764385534033,0.014431764385534033,0.0,,,0.049994564845960855,0.016664854948653617,0.0,0.0,2.9996738907576512,2.9996738907576512,1.19140625,7.13671875,1.4882667286245352,2.0,0.22
rs,3,7,7.0,73.03927415211996,post_near,0.022014623914993276,0.019362862397959993,0.0026517615170332806,,,0.18345519929161064,0.06671098156058568,0.0,0.0,4.00265889363514,5.003323617043926,1.19140625,7.13671875,1.5858503717472119,2.0,0.12
rs,3,8,8.0,74.03851830164591,post_near,0.0,0.0,0.0,,,0.0,0.0,0.0,0.0,0.0,0.0,1.19140625,7.13671875,1.46875,2.0,0.14
rs,3,9,9.0,75.03842998345694,post_near,0.01651812551759781,0.015618046024207011,0.000900079493390799,,,0.11667697136547395,0.01666813876649628,0.03333627753299256,0.0,3.00026497796933,3.00026497796933,1.19140625,7.13671875,1.5135015653988868,2.0,0.08
rs,3,10,10.0,76.03949418465297,post_near,0.01628267196102444,0.01614948037034121,0.00013319159068322649,,,0.049946846506209924,0.01664894883540331,0.0,0.0,2.9968107903725953,2.9968107903725953,1.19140625,7.13671875,1.51075487012987,2.0,0.16
rs,3,11,11.0,77.03838684956233,post_mid,0.005706318807053413,0.0034871948265326417,0.0022358091232314546,,,0.13348114168545996,0.06674057084272998,0.0,0.0,3.003325687922849,3.003325687922849,1.19140625,7.13671875,1.5327574211502784,2.0,0.24
rs,3,12,12.0,78.03881638447443,post_mid,0.009445942637859257,0.009445942637859257,0.0,,,0.2665521732023776,0.0666380433005944,0.04997853247544581,0.0,3.998282598035664,4.9978532475445805,1.19140625,7.13671875,1.519306586270872,2.0,0.26
rs,3,13,13.0,79.03943691651027,post_mid,0.015024010453540303,0.015007354122660545,0.0,,,0.11659431615829503,0.01665633087975643,0.03331266175951286,0.0,2.998139558356158,2.998139558356158,1.19140625,7.13671875,1.5113425925925925,2.0,0.36
rs,3,14,14.0,80.03916238546371,post_mid,0.0036343310700455,0.0035009611225208944,0.0001500411909651812,,,0.10002746064345414,0.01667124344057569,0.03334248688115138,0.0,3.000823819303624,3.000823819303624,1.19140625,7.13671875,1.5689355287569573,2.0,0.2
rs,3,15,15.0,81.03866620063782,post_mid,0.0019342931002184996,0.0011839207768578745,0.0007503723233606248,,,0.10004964311474997,0.016674940519124996,0.03334988103824999,0.0,5.002482155737498,3.001489293442499,1.19140625,7.13671875,1.506389405204461,2.0,0.19
rs,3,16,16.0,82.03930126825968,post_mid,0.013474775939422296,0.013108341983096844,0.00034977786740156763,,,0.09993653354330503,0.016656088923884173,0.03331217784776835,0.0,2.998096006299151,2.998096006299151,1.19140625,7.13671875,1.5956087360594795,2.0,0.19
rs,3,17,17.0,83.03969131708145,post_mid,0.019958881728364727,0.0028822091310576775,0.01707667259730705,,,0.3498635361399493,0.06664067355046653,0.08330084193808317,0.0,3.998440413027992,4.99805051628499,1.19140625,7.13671875,1.503536641929499,2.0,0.22
rs,3,18,18.0,84.0399257183075,post_mid,0.002632716221423207,0.001616287806823108,0.0010330911754951823,,,0.09997656537050152,0.016662760895083586,0.03332552179016717,0.0,2.9992969611150455,2.9992969611150455,1.19140625,7.13671875,1.4868390538033396,2.0,0.24
rs,3,19,19.0,85.038533949852,post_mid,0.003705156720245942,0.0022531358433928025,0.0014353309817168964,,,0.1001393708174579,0.016689895136242982,0.033379790272485964,0.0,3.004181124523737,3.004181124523737,1.19140625,7.13671875,1.4868726765799256,2.0,0.33
rs,3,20,20.0,86.03946241935094,post_mid,0.0020980520226897177,0.0,0.0020980520226897177,,,0.09990723917570084,0.016651206529283473,0.033302413058566946,0.0,2.9972171752710253,2.9972171752710253,1.19140625,7.13671875,1.5026089981447124,2.0,0.41
rs,3,21,21.0,87.03866509993871,post_mid,0.012459934547690005,0.004303431209242332,0.008173183304374972,,,0.4169991481823965,0.0833998296364793,0.116759761491071,0.0,6.004787733826509,7.005585689464261,1.19140625,7.13671875,1.5324117100371748,2.0,0.32
rs,3,22,22.0,88.03936173518498,post_mid,0.014323355179270511,0.014323355179270511,0.0,,,0.09993038497165473,0.016655064161942457,0.03331012832388491,0.0,1.9986076994330948,1.9986076994330948,1.19140625,7.13671875,1.4868390538033396,2.0,0.16
rs,3,23,23.0,89.0388784011205,post_mid,0.0026512814546415624,0.0,0.002634606728511741,,,0.10004835677892687,0.016674726129821144,0.03334945225964229,0.0,3.001450703367806,3.001450703367806,1.19140625,7.13671875,1.4882305194805194,2.0,0.12
rs,3,24,24.0,90.03988621632259,post_mid,0.002514132885324794,0.0,0.0025307827719825743,,,0.08324943328890047,0.016649886657780093,0.016649886657780093,0.0,2.996979598400417,2.996979598400417,1.19140625,7.13671875,1.4984346011131726,2.0,0.34
rs,3,25,25.0,91.03955236673355,post_mid,0.01663888821932727,0.009819945051286336,0.006818943168040935,,,0.10003339610817999,0.016672232684696663,0.0,0.0,3.0010018832453995,3.0010018832453995,1.19140625,7.13671875,1.4934241154562384,2.0,1.16
rs,3,26,26.0,92.03933048248291,post_mid,0.0266059034309454,0.02467214102618997,0.00193376240475543,,,0.2000443866988376,0.06668146223294587,0.0,0.0,6.001331600965128,7.001553534459315,1.19140625,7.13671875,1.5109795338589982,2.0,0.67
rs,3,27,27.0,93.03882323503494,post_mid,0.004785760898335597,0.004785760898335597,0.0,,,0.0500253752439261,0.0166751250813087,0.0,0.0,3.0015225146355657,3.0015225146355657,1.19140625,7.13671875,1.477048966078067,2.0,0.53
rs,3,28,28.0,94.0390244325002,post_mid,0.0014163816942599397,0.0014163816942599397,0.0,,,0.04998994215035082,0.016663314050116937,0.0,0.0,2.999396529021049,2.999396529021049,1.19140625,7.13671875,1.504928107606679,2.0,0.21
rs,3,29,29.0,95.03925808270772,post_mid,0.002332788276868344,0.002332788276868344,0.0,,,0.08331386703101228,0.016662773406202456,0.016662773406202456,0.0,2.9992992131164424,2.9992992131164424,1.19140625,7.13671875,1.4826646567717996,2.0,0.2
rs,3,30,30.0,96.03955323298773,post_mid,0.0029991148104239547,0.0029991148104239547,0.0,,,0.0999704936807985,0.01666174894679975,0.0333234978935995,0.0,2.9991148104239547,2.9991148104239547,1.19140625,7.13671875,1.5036013011152416,2.0,0.53
rs,3,31,31.0,97.03915571769079,post_late,0.03651451507830383,0.03651451507830383,0.0,,,0.4001590693512748,0.1000397673378187,0.06669317822521247,0.0,4.001590693512748,5.001988366890935,1.19140625,7.13671875,1.5276553803339519,2.0,0.49
rs,3,32,32.0,98.03916283448537,post_late,0.01613321851653114,0.01613321851653114,0.0,,,0.049999644162803114,0.016666548054267705,0.0,0.0,2.999978649768187,2.999978649768187,1.19140625,7.13671875,1.497833082096475,2.0,0.5
rs,3,33,33.0,99.03980316718419,post_late,0.006778992522755943,0.006778992522755943,0.0,,,0.04996800385323791,0.016656001284412636,0.0,0.0,2.9980802311942742,2.9980802311942742,1.19140625,7.13671875,1.4971301020408163,2.0,0.39
rs,3,34,34.0,100.03981138467789,post_late,0.004049966719424027,0.004049966719424027,0.0,,,0.09999917825738336,0.016666529709563893,0.033333059419127786,0.0,2.9999753477215005,2.9999753477215005,1.19140625,7.13671875,1.4879484953703703,2.0,0.47
rs,3,35,35.0,101.03956595261891,post_late,0.0014836974802608024,0.0005167935043605043,0.0009502332176951207,,,0.06668303282071023,0.016670758205177556,0.0,0.0,3.00073647693196,3.00073647693196,1.19140625,7.13671875,1.5233796296296296,2.0,0.47
rs,3,36,36.0,102.03850811719894,post_late,0.019554018266458386,0.0,0.0195707025823854,,,0.38373926632128236,0.08342157963506137,0.10010589556207365,0.0,4.004235822482946,5.005294778103682,1.19140625,7.13671875,1.5373956400742115,2.0,0.21
rs,3,37,37.0,103.03897755146026,post_late,0.008296105523831572,0.008296105523831572,0.0,,,0.09995307860038037,0.01665884643339673,0.03331769286679346,0.0,2.998592358011411,2.998592358011411,1.19140625,7.13671875,1.5344907407407407,2.0,0.14
rs,3,38,38.0,104.03930760224661,post_late,0.013828769137205535,0.013812107969570348,0.0,,,0.09996700581112436,0.016661167635187393,0.03332233527037479,0.0,2.9990101743337307,2.9990101743337307,1.19140625,7.13671875,1.5026089981447124,2.0,0.08
rs,3,39,39.0,105.03929786682129,post_late,0.0031166970090376225,0.0031333638379629574,0.0,,,0.11666780247734415,0.01666682892533488,0.03333365785066976,0.0,3.0000292065602783,3.0000292065602783,1.19140625,7.13671875,1.5225533395176252,2.0,0.1
rs,3,40,40.0,106.03969813585282,post_late,0.0009662798947490138,0.0009662798947490138,0.0,,,0.04997999455598347,0.01665999818532782,0.0,0.0,2.998799673359008,2.998799673359008,1.19140625,7.13671875,1.5229166666666667,2.0,0.13
rs,3,41,41.0,107.03976320028305,post_late,0.01996536763139726,0.0181654847397521,0.0017832173093151142,,,0.31664606427090813,0.06666232932019119,0.08332791165023899,0.0,4.9996746990143395,4.9996746990143395,1.19140625,7.13671875,1.5220895176252318,2.0,0.12
rs,3,42,42.0,108.0398081501325,post_late,0.013249404441265109,0.01326607035880129,0.0,,,0.09999550521709516,0.016665917536182524,0.03333183507236505,0.0,2.999865156512855,2.999865156512855,1.19140625,7.13671875,1.5026719330855018,2.0,0.17
rs,3,43,43.0,109.03908296823502,post_late,0.002184917796166598,0.002068166463547009,0.00011675133261958921,,,0.10007257081679075,0.01667876180279846,0.03335752360559692,0.0,3.0021771245037225,3.0021771245037225,1.19140625,7.13671875,1.531947026022305,2.0,0.12
rs,3,44,44.0,110.03904008467993,post_late,0.0036001543874190213,0.0033668110474937146,0.00023334333992530693,,,0.11667166996265346,0.01666738142323621,0.03333476284647242,0.0,3.000128656182518,3.000128656182518,1.19140625,7.13671875,1.532175925925926,2.0,0.32
rs,3,45,45.0,111.03975768486659,post_late,0.012524345860406039,0.010575744177337545,0.001931946967828591,,,0.04996414571970494,0.016654715239901648,0.0,0.0,2.9978487431822964,2.9978487431822964,1.19140625,7.13671875,1.49930426716141,2.0,0.31
rs,3,46,46.0,112.03907051881154,post_late,0.024433456508586752,0.020981084155496335,0.0034523723530904145,,,0.18345940040577083,0.06671250923846211,0.0,0.0,4.002750554307727,5.0034381928846585,1.19140625,7.13671875,1.478958526951673,2.0,0.2
rs,3,47,47.0,113.03917409976323,post_late,0.004666183338955655,0.0029496944678398243,0.0017331538116121,,,0.08332470248135097,0.016664940496270195,0.016664940496270195,0.0,2.999689289328635,2.999689289328635,1.19140625,7.13671875,1.494675925925926,2.0,0.18
rs,3,48,48.0,114.0397751490275,post_late,0.005496696214784177,0.005480039559587861,0.0,,,0.1332532415705255,0.01665665519631569,0.04996996558894706,0.0,2.9981979353368238,2.9981979353368238,1.19140625,7.13671875,1.498898423005566,2.0,0.13
rs,3,49,49.0,115.03939631779988,post_late,0.011054187671485936,0.011054187671485936,0.0,,,0.10003789747951074,0.01667298291325179,0.03334596582650358,0.0,3.0011369243853223,3.0011369243853223,1.19140625,7.13671875,1.4905092592592593,2.0,0.13
rs,3,50,50.0,116.0392700155576,post_late,0.03445435166187116,0.021686072332895205,0.012784948100945904,,,0.4167192992485627,0.08334385984971254,0.11668140378959756,0.0,6.0007579091793035,7.000884227375853,1.19140625,7.13671875,1.5161477695167287,2.0,0.2
rs,3,51,51.0,117.03856421709061,post_late,0.0011174553649501897,0.0007004944078792234,0.0004002825187881277,,,0.05003531484851596,0.016678438282838652,0.0,0.0,2.001412593940638,2.001412593940638,1.19140625,7.13671875,1.5082481412639406,2.0,0.45
rs,3,52,52.0,118.03846079905829,post_late,0.0039337401529996475,0.0024835901813429974,0.0014668183621354618,,,0.06667356191524826,0.016668390478812065,0.0,0.0,3.0003102861861715,3.0003102861861715,1.19140625,7.13671875,1.4840561224489797,2.0,0.3
rs,3,53,53.0,119.03908596833547,post_late,0.01737247259719672,0.016506347405390174,0.0008661251918065479,,,0.13325002950869969,0.01665625368858746,0.04996876106576238,0.0,2.9981256639457428,2.9981256639457428,1.19140625,7.13671875,1.4896219851576995,2.0,0.12
rs,3,54,54.0,120.03884355227153,post_late,0.004484420428882776,0.0028173496374765392,0.001650400083492174,,,0.05001212374218709,0.01667070791406236,0.0,0.0,3.000727424531225,3.000727424531225,1.19140625,7.13671875,1.4970431354359925,2.0,0.2
rs,3,55,55.0,121.03857436577479,post_late,0.023923106443881306,0.020672231352204053,0.0032508750916772503,,,0.31675193200957824,0.06668461726517437,0.08335577158146797,0.0,6.001615553865693,7.001884812843309,1.19140625,7.13671875,1.4944703733766234,2.0,0.14
rs,3,56,56.0,122.0396956006686,post_late,0.014933256311945005,0.014949904312292771,0.0,,,0.09988800208658867,0.01664800034776478,0.03329600069552956,0.0,2.99664006259766,2.99664006259766,1.19140625,7.13671875,1.5046309717068647,2.0,0.1
rs,3,57,57.0,123.03816860119501,post_late,0.005124491762890923,0.0048908015847786345,0.0002336901781122897,,,0.10015293347669559,0.016692155579449263,0.016692155579449263,0.0,3.0045880043008677,3.0045880043008677,1.19140625,7.13671875,1.5159372095724908,2.0,0.25
rs,3,58,58.0,124.0381428360939,post_late,0.003933434678675559,0.003916767582579476,0.0,,,0.10000257657649725,0.016667096096082874,0.03333419219216575,0.0,3.0000772972949177,3.0000772972949177,1.19140625,7.13671875,1.5104359925788498,2.0,0.32
rs,3,59,59.0,125.03813808361689,post_late,0.015250072475618843,0.015250072475618843,0.0,,,0.10000047524995963,0.01666674587499327,0.03333349174998654,0.0,4.000019009998384,4.000019009998384,1.19140625,7.13671875,1.491593228200371,2.0,0.32
rs,3,60,60.0,126.03984716733297,post_late,0.02921673282435965,0.02642151009401089,0.0027952227303487593,,,0.3161263802180144,0.08319115268895116,0.033276461075580466,0.0,4.99146916133707,5.989762993604484,1.19140625,7.13671875,1.4810112847222223,2.0,0.35
rs,3,61,61.0,126.54493180116017,post_late,0.013991054554798016,0.00894239571780722,0.005048658836990793,,,0.16498885088205206,0.06599554035282082,0.03299777017641041,0.0,0.0,0.0,1.19140625,7.13671875,1.4705882352941178,2.0,0.24
